client_name,hit_name,matching_text,disposition_code,disposition_label,thinking,decision,created_by
Miguel Angel Valdez Ruiz,Miguel Hassan Valdez Ruiz,Miguel Ruiz,DISP_MIDDLE_NAME_CONFLICT,Middle names are irreconcilably different,"Evaluating middle names: the first name and surname ('Miguel Ruiz') match identically. However, there is an irreconcilable discrepancy: conflicting middle name 'Hassan' replacing 'Angel'. These are two entirely separate personal given names—not a nickname, abbreviation, or typing slip. When two individuals have completely different middle names, they are distinct people who happen to share a first and last name. Recommendation: Disqualify.",disqualify,rule_based
Victor Ramon Navarro Cerrano,Victor Ramon Navarro Chen,Victor Ramon Navarro,DISP_PHONETIC_SURNAME_DIVERGENCE,Surnames phonetically shifted but distinct,"Analyzing the match: the first name 'Victor Ramon Navarro' matches across both records. However, the candidate has a different family name: surname substitution from 'Cerrano' to 'Chen'. While the two surnames may sound somewhat similar or share phonetic traits, they represent distinct family heritages and legal names. A shared common first name with a diverging family name indicates two separate individuals. Recommendation: Disqualify.",disqualify,rule_based
Sergei Petrovich Mikhailov,Sergei Petrovich Ferrari,Sergei Petrovich,DISP_PHONETIC_SURNAME_DIVERGENCE,Surnames phonetically shifted but distinct,"Analyzing the match: the first name 'Sergei Petrovich' matches across both records. However, the candidate has a different family name: surname substitution from 'Mikhailov' to 'Ferrari'. While the two surnames may sound somewhat similar or share phonetic traits, they represent distinct family heritages and legal names. A shared common first name with a diverging family name indicates two separate individuals. Recommendation: Disqualify.",disqualify,rule_based
Fawaz Al-Akhras,Fawaz Nielsen,Fawaz,DISP_PHONETIC_SURNAME_DIVERGENCE,Surnames phonetically shifted but distinct,"Analyzing the match: the first name 'Fawaz' matches across both records. However, the candidate has a different family name: surname substitution from 'Al-Akhras' to 'Nielsen'. While the two surnames may sound somewhat similar or share phonetic traits, they represent distinct family heritages and legal names. A shared common first name with a diverging family name indicates two separate individuals. Recommendation: Disqualify.",disqualify,rule_based
Nelson Francisco Sobalvarro,Nelson Francisco Liu,Nelson Francisco,DISP_PHONETIC_SURNAME_DIVERGENCE,Surnames phonetically shifted but distinct,"Analyzing the match: the first name 'Nelson Francisco' matches across both records. However, the candidate has a different family name: surname substitution from 'Sobalvarro' to 'Liu'. While the two surnames may sound somewhat similar or share phonetic traits, they represent distinct family heritages and legal names. A shared common first name with a diverging family name indicates two separate individuals. Recommendation: Disqualify.",disqualify,rule_based
Artem Viktorovich Yakubets,Artem Viktorovich Balogun,Artem Viktorovich,DISP_PHONETIC_SURNAME_DIVERGENCE,Surnames phonetically shifted but distinct,"Analyzing the match: the first name 'Artem Viktorovich' matches across both records. However, the candidate has a different family name: surname substitution from 'Yakubets' to 'Balogun'. While the two surnames may sound somewhat similar or share phonetic traits, they represent distinct family heritages and legal names. A shared common first name with a diverging family name indicates two separate individuals. Recommendation: Disqualify.",disqualify,rule_based
Natalia Vladimirovna Solozhentseva,Natalia Arthur Solozhentseva,Natalia Solozhentseva,DISP_MIDDLE_NAME_CONFLICT,Middle names are irreconcilably different,"Evaluating middle names: the first name and surname ('Natalia Solozhentseva') match identically. However, there is an irreconcilable discrepancy: conflicting middle name 'Arthur' replacing 'Vladimirovna'. These are two entirely separate personal given names—not a nickname, abbreviation, or typing slip. When two individuals have completely different middle names, they are distinct people who happen to share a first and last name. Recommendation: Disqualify.",disqualify,rule_based
Beatriz Raquel Lopez Poblano,Poblano Beatriz Raquel Lopez,Beatriz Raquel Lopez Poblano,DISP_TOKEN_ORDER_SWAP,Name tokens in different sequence,"Evaluating word order: both records contain the exact same set of names ('Beatriz Raquel Lopez Poblano'). The variation is purely due to placement of the family name at the beginning of the name. In global screening databases, names are frequently recorded in family-name-first or given-name-first convention depending on the jurisdiction or database format. All individual name parts are fully accounted for with zero missing or conflicting names. This refers to the identical individual. Recommendation: Escalate to analyst.",escalate to analyst,rule_based
Aleksandr Vladimirovich Osadchuk,Aleksandr Vladimirovich Huang,Aleksandr Vladimirovich,DISP_SURNAME_CONFLICT,Surnames are entirely different names,"Comparing identity tokens: both client and candidate share the common first name 'Aleksandr Vladimirovich'. However, the surnames are completely different: client 'Osadchuk' vs candidate 'Huang'. In identity screening, the family name is the primary differentiator, and these two surnames have zero relation. A match on a common given name alone without a matching surname is a coincidental false positive. Recommendation: Disqualify.",disqualify,rule_based
Andrey Anatolyevich Kuznetsov,Andrey Ming Kuznetsov,Andrey Kuznetsov,DISP_MIDDLE_NAME_CONFLICT,Middle names are irreconcilably different,"Evaluating middle names: the first name and surname ('Andrey Kuznetsov') match identically. However, there is an irreconcilable discrepancy: conflicting middle name 'Ming' replacing 'Anatolyevich'. These are two entirely separate personal given names—not a nickname, abbreviation, or typing slip. When two individuals have completely different middle names, they are distinct people who happen to share a first and last name. Recommendation: Disqualify.",disqualify,rule_based
Cristina Goiricelaya Gonzalez,Cristina Goiricelaya Zhang,Cristina Goiricelaya,DISP_SURNAME_CONFLICT,Surnames are entirely different names,"Comparing identity tokens: both client and candidate share the common first name 'Cristina Goiricelaya'. However, the surnames are completely different: client 'Gonzalez' vs candidate 'Zhang'. In identity screening, the family name is the primary differentiator, and these two surnames have zero relation. A match on a common given name alone without a matching surname is a coincidental false positive. Recommendation: Disqualify.",disqualify,rule_based
Ranko Cesic,Ranko Okafor,Ranko,DISP_PHONETIC_SURNAME_DIVERGENCE,Surnames phonetically shifted but distinct,"Analyzing the match: the first name 'Ranko' matches across both records. However, the candidate has a different family name: surname substitution from 'Cesic' to 'Okafor'. While the two surnames may sound somewhat similar or share phonetic traits, they represent distinct family heritages and legal names. A shared common first name with a diverging family name indicates two separate individuals. Recommendation: Disqualify.",disqualify,rule_based
Natan Adadievich Viner,Natan Woo Viner,Natan Viner,DISP_MIDDLE_NAME_CONFLICT,Middle names are irreconcilably different,"Evaluating middle names: the first name and surname ('Natan Viner') match identically. However, there is an irreconcilable discrepancy: conflicting middle name 'Woo' replacing 'Adadievich'. These are two entirely separate personal given names—not a nickname, abbreviation, or typing slip. When two individuals have completely different middle names, they are distinct people who happen to share a first and last name. Recommendation: Disqualify.",disqualify,rule_based
Rafael Alfredo Sarria Diaz,Rafael Edward Sarria Diaz,Rafael Diaz,DISP_MIDDLE_NAME_CONFLICT,Middle names are irreconcilably different,"Evaluating middle names: the first name and surname ('Rafael Diaz') match identically. However, there is an irreconcilable discrepancy: conflicting middle name 'Edward' replacing 'Alfredo'. These are two entirely separate personal given names—not a nickname, abbreviation, or typing slip. When two individuals have completely different middle names, they are distinct people who happen to share a first and last name. Recommendation: Disqualify.",disqualify,rule_based
Rana Hussein Ibrahim,Rana Hussein Al-Hashimi,Rana Hussein,DISP_PHONETIC_SURNAME_DIVERGENCE,Surnames phonetically shifted but distinct,"Analyzing the match: the first name 'Rana Hussein' matches across both records. However, the candidate has a different family name: surname substitution from 'Ibrahim' to 'Al-Hashimi'. While the two surnames may sound somewhat similar or share phonetic traits, they represent distinct family heritages and legal names. A shared common first name with a diverging family name indicates two separate individuals. Recommendation: Disqualify.",disqualify,rule_based
Dehui Qin,Dehui Dubois,Dehui,DISP_PHONETIC_SURNAME_DIVERGENCE,Surnames phonetically shifted but distinct,"Analyzing the match: the first name 'Dehui' matches across both records. However, the candidate has a different family name: surname substitution from 'Qin' to 'Dubois'. While the two surnames may sound somewhat similar or share phonetic traits, they represent distinct family heritages and legal names. A shared common first name with a diverging family name indicates two separate individuals. Recommendation: Disqualify.",disqualify,rule_based
Juan Francisco Valenzuela Valenzuela,Juan Kwame Valenzuela Valenzuela,Juan Valenzuela,DISP_MIDDLE_NAME_CONFLICT,Middle names are irreconcilably different,"Evaluating middle names: the first name and surname ('Juan Valenzuela') match identically. However, there is an irreconcilable discrepancy: conflicting middle name 'Kwame' replacing 'Francisco'. These are two entirely separate personal given names—not a nickname, abbreviation, or typing slip. When two individuals have completely different middle names, they are distinct people who happen to share a first and last name. Recommendation: Disqualify.",disqualify,rule_based
Myint Kyaing,Myint Lucas Kyaing,Myint Kyaing,DISP_MIDDLE_NAME_CONFLICT,Middle names are irreconcilably different,"Evaluating middle names: the first name and surname ('Myint Kyaing') match identically. However, there is an irreconcilable discrepancy: introduction of a distinct middle name 'Lucas'. These are two entirely separate personal given names—not a nickname, abbreviation, or typing slip. When two individuals have completely different middle names, they are distinct people who happen to share a first and last name. Recommendation: Disqualify.",disqualify,rule_based
Matuq Mohammed Matuq,Matuq Mohammed Chen,Matuq Mohammed,DISP_SURNAME_CONFLICT,Surnames are entirely different names,"Comparing identity tokens: both client and candidate share the common first name 'Matuq Mohammed'. However, the surnames are completely different: client 'Matuq' vs candidate 'Chen'. In identity screening, the family name is the primary differentiator, and these two surnames have zero relation. A match on a common given name alone without a matching surname is a coincidental false positive. Recommendation: Disqualify.",disqualify,rule_based
Vladimir Nikolaevich Vinokurov,Vladimir Nikolaevich Nielsen,Vladimir Nikolaevich,DISP_PHONETIC_SURNAME_DIVERGENCE,Surnames phonetically shifted but distinct,"Analyzing the match: the first name 'Vladimir Nikolaevich' matches across both records. However, the candidate has a different family name: surname substitution from 'Vinokurov' to 'Nielsen'. While the two surnames may sound somewhat similar or share phonetic traits, they represent distinct family heritages and legal names. A shared common first name with a diverging family name indicates two separate individuals. Recommendation: Disqualify.",disqualify,rule_based
Gennady Anatolievich Filippov,Gennady Anatolievich Yang,Gennady Anatolievich,DISP_SURNAME_CONFLICT,Surnames are entirely different names,"Comparing identity tokens: both client and candidate share the common first name 'Gennady Anatolievich'. However, the surnames are completely different: client 'Filippov' vs candidate 'Yang'. In identity screening, the family name is the primary differentiator, and these two surnames have zero relation. A match on a common given name alone without a matching surname is a coincidental false positive. Recommendation: Disqualify.",disqualify,rule_based
Aleksandr Olegovich Kalinin,Aleksandr Olegovich Kowalski,Aleksandr Olegovich,DISP_SURNAME_CONFLICT,Surnames are entirely different names,"Comparing identity tokens: both client and candidate share the common first name 'Aleksandr Olegovich'. However, the surnames are completely different: client 'Kalinin' vs candidate 'Kowalski'. In identity screening, the family name is the primary differentiator, and these two surnames have zero relation. A match on a common given name alone without a matching surname is a coincidental false positive. Recommendation: Disqualify.",disqualify,rule_based
Dmitry Anatolievich Medvedev,Dmitry Thomas Medvedev,Dmitry Medvedev,DISP_MIDDLE_NAME_CONFLICT,Middle names are irreconcilably different,"Evaluating middle names: the first name and surname ('Dmitry Medvedev') match identically. However, there is an irreconcilable discrepancy: conflicting middle name 'Thomas' replacing 'Anatolievich'. These are two entirely separate personal given names—not a nickname, abbreviation, or typing slip. When two individuals have completely different middle names, they are distinct people who happen to share a first and last name. Recommendation: Disqualify.",disqualify,rule_based
Talha Saeed,Talha Sato,Talha,DISP_PHONETIC_SURNAME_DIVERGENCE,Surnames phonetically shifted but distinct,"Analyzing the match: the first name 'Talha' matches across both records. However, the candidate has a different family name: surname substitution from 'Saeed' to 'Sato'. While the two surnames may sound somewhat similar or share phonetic traits, they represent distinct family heritages and legal names. A shared common first name with a diverging family name indicates two separate individuals. Recommendation: Disqualify.",disqualify,rule_based
Nur Al-Din Al-Dibiski,Al-Dibiski Nur Al-Din,Nur Al-Din Al-Dibiski,DISP_TOKEN_ORDER_SWAP,Name tokens in different sequence,"Evaluating word order: both records contain the exact same set of names ('Nur Al-Din Al-Dibiski'). The variation is purely due to placement of the family name at the beginning of the name. In global screening databases, names are frequently recorded in family-name-first or given-name-first convention depending on the jurisdiction or database format. All individual name parts are fully accounted for with zero missing or conflicting names. This refers to the identical individual. Recommendation: Escalate to analyst.",escalate to analyst,rule_based
Maria Elena Morales,Maria Elena Weber,Maria Elena,DISP_SURNAME_CONFLICT,Surnames are entirely different names,"Comparing identity tokens: both client and candidate share the common first name 'Maria Elena'. However, the surnames are completely different: client 'Morales' vs candidate 'Weber'. In identity screening, the family name is the primary differentiator, and these two surnames have zero relation. A match on a common given name alone without a matching surname is a coincidental false positive. Recommendation: Disqualify.",disqualify,rule_based
Abdur Rehman,Abdur Ali Rehman,Abdur Rehman,DISP_MIDDLE_NAME_CONFLICT,Middle names are irreconcilably different,"Evaluating middle names: the first name and surname ('Abdur Rehman') match identically. However, there is an irreconcilable discrepancy: introduction of a distinct middle name 'Ali'. These are two entirely separate personal given names—not a nickname, abbreviation, or typing slip. When two individuals have completely different middle names, they are distinct people who happen to share a first and last name. Recommendation: Disqualify.",disqualify,rule_based
Muhammad Ahmad 'Ali Al-Isawi,Muhammad Ahmad 'Ali Johnson,Muhammad Ahmad 'Ali,DISP_SURNAME_CONFLICT,Surnames are entirely different names,"Comparing identity tokens: both client and candidate share the common first name 'Muhammad Ahmad 'Ali'. However, the surnames are completely different: client 'Al-Isawi' vs candidate 'Johnson'. In identity screening, the family name is the primary differentiator, and these two surnames have zero relation. A match on a common given name alone without a matching surname is a coincidental false positive. Recommendation: Disqualify.",disqualify,rule_based
Tae Hun Ko,Tae Kwame Ko,Tae Ko,DISP_MIDDLE_NAME_CONFLICT,Middle names are irreconcilably different,"Evaluating middle names: the first name and surname ('Tae Ko') match identically. However, there is an irreconcilable discrepancy: conflicting middle name 'Kwame' replacing 'Hun'. These are two entirely separate personal given names—not a nickname, abbreviation, or typing slip. When two individuals have completely different middle names, they are distinct people who happen to share a first and last name. Recommendation: Disqualify.",disqualify,rule_based
Maher Yahya Muhammad Mutahar Al-Kinai,Maher Yahya Muhammad Mutahar Petrov,Maher Yahya Muhammad Mutahar,DISP_PHONETIC_SURNAME_DIVERGENCE,Surnames phonetically shifted but distinct,"Analyzing the match: the first name 'Maher Yahya Muhammad Mutahar' matches across both records. However, the candidate has a different family name: surname substitution from 'Al-Kinai' to 'Petrov'. While the two surnames may sound somewhat similar or share phonetic traits, they represent distinct family heritages and legal names. A shared common first name with a diverging family name indicates two separate individuals. Recommendation: Disqualify.",disqualify,rule_based
Abbass Asadrouz,Abbass Aszdrouz,Abbass,DISP_MINOR_TYPO,Single character typo or keyboard slip,"Comparing the name strings: the primary identifying words 'Abbass' match identically. The candidate hit has a minor clerical difference in word 'Asadrouz' (written as 'Aszdrouz'), which reflects an single typographical substitution ('a' -> 'z'). This is a classic typographical error resulting from fast typing or clerical transcription. Because the underlying names match closely with no conflicting family or personal names, the candidate is highly likely the same individual. Recommendation: Escalate to analyst.",escalate to analyst,rule_based
Sheila Paola Urias Vazquez,Sheila Mohan Urias Vazquez,Sheila Vazquez,DISP_MIDDLE_NAME_CONFLICT,Middle names are irreconcilably different,"Evaluating middle names: the first name and surname ('Sheila Vazquez') match identically. However, there is an irreconcilable discrepancy: conflicting middle name 'Mohan' replacing 'Paola'. These are two entirely separate personal given names—not a nickname, abbreviation, or typing slip. When two individuals have completely different middle names, they are distinct people who happen to share a first and last name. Recommendation: Disqualify.",disqualify,rule_based
Valentina Vasilevna Lavrik,Valentina V. Lavrik,Valentina Lavrik,DISP_MIDDLE_NAME_ABBREVIATED,Middle name shortened to initial,"Reviewing the core identifiers: the client and candidate hit share the exact same first name and surname ('Valentina Lavrik'). The only difference is the shortening of middle name 'Vasilevna' to initial 'V.'. In banking and legal records, middle names are routinely abbreviated to initials or expanded without changing legal identity. There are no contradictory identity markers present. This requires manual verification. Recommendation: Escalate to analyst.",escalate to analyst,rule_based
Yiu Wa Yung,Yiu Wa Mansour,Yiu Wa,DISP_SURNAME_CONFLICT,Surnames are entirely different names,"Comparing identity tokens: both client and candidate share the common first name 'Yiu Wa'. However, the surnames are completely different: client 'Yung' vs candidate 'Mansour'. In identity screening, the family name is the primary differentiator, and these two surnames have zero relation. A match on a common given name alone without a matching surname is a coincidental false positive. Recommendation: Disqualify.",disqualify,rule_based
Ayman Ahmad,Ayman Perez,Ayman,DISP_PHONETIC_SURNAME_DIVERGENCE,Surnames phonetically shifted but distinct,"Analyzing the match: the first name 'Ayman' matches across both records. However, the candidate has a different family name: surname substitution from 'Ahmad' to 'Perez'. While the two surnames may sound somewhat similar or share phonetic traits, they represent distinct family heritages and legal names. A shared common first name with a diverging family name indicates two separate individuals. Recommendation: Disqualify.",disqualify,rule_based
Yurii Aleksandrovich Olenin,Yurii Aleksandorvich Olenin,Yurii Olenin,DISP_MINOR_TYPO,Single character typo or keyboard slip,"Comparing the name strings: the primary identifying words 'Yurii Olenin' match identically. The candidate hit has a minor clerical difference in word 'Aleksandrovich' (written as 'Aleksandorvich'), which reflects an adjacent character transposition ('ro' -> 'or'). This is a classic typographical error resulting from fast typing or clerical transcription. Because the underlying names match closely with no conflicting family or personal names, the candidate is highly likely the same individual. Recommendation: Escalate to analyst.",escalate to analyst,rule_based
Erkin Rakhmatovich Norov,Erkin Pratap Norov,Erkin Norov,DISP_MIDDLE_NAME_CONFLICT,Middle names are irreconcilably different,"Evaluating middle names: the first name and surname ('Erkin Norov') match identically. However, there is an irreconcilable discrepancy: conflicting middle name 'Pratap' replacing 'Rakhmatovich'. These are two entirely separate personal given names—not a nickname, abbreviation, or typing slip. When two individuals have completely different middle names, they are distinct people who happen to share a first and last name. Recommendation: Disqualify.",disqualify,rule_based
Asif Shalish,Asif Mensah,Asif,DISP_PHONETIC_SURNAME_DIVERGENCE,Surnames phonetically shifted but distinct,"Analyzing the match: the first name 'Asif' matches across both records. However, the candidate has a different family name: surname substitution from 'Shalish' to 'Mensah'. While the two surnames may sound somewhat similar or share phonetic traits, they represent distinct family heritages and legal names. A shared common first name with a diverging family name indicates two separate individuals. Recommendation: Disqualify.",disqualify,rule_based
Andrei Golovtchenko,Golovtchenko Andrei,Andrei Golovtchenko,DISP_TOKEN_ORDER_SWAP,Name tokens in different sequence,"Evaluating word order: both records contain the exact same set of names ('Andrei Golovtchenko'). The variation is purely due to reversal of first name and family name order. In global screening databases, names are frequently recorded in family-name-first or given-name-first convention depending on the jurisdiction or database format. All individual name parts are fully accounted for with zero missing or conflicting names. This refers to the identical individual. Recommendation: Escalate to analyst.",escalate to analyst,rule_based
Kum Hyok Song,Kum Hyko Song,Kum Song,DISP_MINOR_TYPO,Single character typo or keyboard slip,"Comparing the name strings: the primary identifying words 'Kum Song' match identically. The candidate hit has a minor clerical difference in word 'Hyok' (written as 'Hyko'), which reflects an adjacent character transposition ('ok' -> 'ko'). This is a classic typographical error resulting from fast typing or clerical transcription. Because the underlying names match closely with no conflicting family or personal names, the candidate is highly likely the same individual. Recommendation: Escalate to analyst.",escalate to analyst,rule_based
Song Kim,Song Gim,Song,DISP_PHONETIC_SURNAME_DIVERGENCE,Surnames phonetically shifted but distinct,"Analyzing the match: the first name 'Song' matches across both records. However, the candidate has a different family name: phonetic variation of surname from 'Kim' to 'Gim'. While the two surnames may sound somewhat similar or share phonetic traits, they represent distinct family heritages and legal names. A shared common first name with a diverging family name indicates two separate individuals. Recommendation: Disqualify.",disqualify,rule_based
Viktor Viktorovich Dzyuba,Viktor Viktorovich Kowalski,Viktor Viktorovich,DISP_SURNAME_CONFLICT,Surnames are entirely different names,"Comparing identity tokens: both client and candidate share the common first name 'Viktor Viktorovich'. However, the surnames are completely different: client 'Dzyuba' vs candidate 'Kowalski'. In identity screening, the family name is the primary differentiator, and these two surnames have zero relation. A match on a common given name alone without a matching surname is a coincidental false positive. Recommendation: Disqualify.",disqualify,rule_based
Rolan Sokolovski,Rolan Chidi Sokolovski,Rolan Sokolovski,DISP_MIDDLE_NAME_CONFLICT,Middle names are irreconcilably different,"Evaluating middle names: the first name and surname ('Rolan Sokolovski') match identically. However, there is an irreconcilable discrepancy: introduction of a distinct middle name 'Chidi'. These are two entirely separate personal given names—not a nickname, abbreviation, or typing slip. When two individuals have completely different middle names, they are distinct people who happen to share a first and last name. Recommendation: Disqualify.",disqualify,rule_based
Artem Mikhailovich Yamshchikov,Artem Mikhailovich Nielsen,Artem Mikhailovich,DISP_SURNAME_CONFLICT,Surnames are entirely different names,"Comparing identity tokens: both client and candidate share the common first name 'Artem Mikhailovich'. However, the surnames are completely different: client 'Yamshchikov' vs candidate 'Nielsen'. In identity screening, the family name is the primary differentiator, and these two surnames have zero relation. A match on a common given name alone without a matching surname is a coincidental false positive. Recommendation: Disqualify.",disqualify,rule_based
Mario Alberto Henao Jaramillo,Mario Hiro Henao Jaramillo,Mario Jaramillo,DISP_MIDDLE_NAME_CONFLICT,Middle names are irreconcilably different,"Evaluating middle names: the first name and surname ('Mario Jaramillo') match identically. However, there is an irreconcilable discrepancy: conflicting middle name 'Hiro' replacing 'Alberto'. These are two entirely separate personal given names—not a nickname, abbreviation, or typing slip. When two individuals have completely different middle names, they are distinct people who happen to share a first and last name. Recommendation: Disqualify.",disqualify,rule_based
Emrush Xhemajli,Emrush Petrov,Emrush,DISP_PHONETIC_SURNAME_DIVERGENCE,Surnames phonetically shifted but distinct,"Analyzing the match: the first name 'Emrush' matches across both records. However, the candidate has a different family name: surname substitution from 'Xhemajli' to 'Petrov'. While the two surnames may sound somewhat similar or share phonetic traits, they represent distinct family heritages and legal names. A shared common first name with a diverging family name indicates two separate individuals. Recommendation: Disqualify.",disqualify,rule_based
Yevgeniy Viktorovich Prigozhin,Yevegniy Viktorovich Prigozhin,Viktorovich Prigozhin,DISP_MINOR_TYPO,Single character typo or keyboard slip,"Comparing the name strings: the primary identifying words 'Viktorovich Prigozhin' match identically. The candidate hit has a minor clerical difference in word 'Yevgeniy' (written as 'Yevegniy'), which reflects an adjacent character transposition ('ge' -> 'eg'). This is a classic typographical error resulting from fast typing or clerical transcription. Because the underlying names match closely with no conflicting family or personal names, the candidate is highly likely the same individual. Recommendation: Escalate to analyst.",escalate to analyst,rule_based
Mario Riccio,Mario Huang,Mario,DISP_PHONETIC_SURNAME_DIVERGENCE,Surnames phonetically shifted but distinct,"Analyzing the match: the first name 'Mario' matches across both records. However, the candidate has a different family name: surname substitution from 'Riccio' to 'Huang'. While the two surnames may sound somewhat similar or share phonetic traits, they represent distinct family heritages and legal names. A shared common first name with a diverging family name indicates two separate individuals. Recommendation: Disqualify.",disqualify,rule_based
Omid Yazdanparast,Omid Kang,Omid,DISP_PHONETIC_SURNAME_DIVERGENCE,Surnames phonetically shifted but distinct,"Analyzing the match: the first name 'Omid' matches across both records. However, the candidate has a different family name: surname substitution from 'Yazdanparast' to 'Kang'. While the two surnames may sound somewhat similar or share phonetic traits, they represent distinct family heritages and legal names. A shared common first name with a diverging family name indicates two separate individuals. Recommendation: Disqualify.",disqualify,rule_based
Dmitry Vadimovich Sablin,Dmitry Anthony Sablin,Dmitry Sablin,DISP_MIDDLE_NAME_CONFLICT,Middle names are irreconcilably different,"Evaluating middle names: the first name and surname ('Dmitry Sablin') match identically. However, there is an irreconcilable discrepancy: conflicting middle name 'Anthony' replacing 'Vadimovich'. These are two entirely separate personal given names—not a nickname, abbreviation, or typing slip. When two individuals have completely different middle names, they are distinct people who happen to share a first and last name. Recommendation: Disqualify.",disqualify,rule_based
Dimas Gonzalez Rodriguez,Dimas Gonzalez Rodriquez,Dimas Gonzalez,DISP_PHONETIC_SURNAME_DIVERGENCE,Surnames phonetically shifted but distinct,"Analyzing the match: the first name 'Dimas Gonzalez' matches across both records. However, the candidate has a different family name: phonetic variation of surname from 'Rodriguez' to 'Rodriquez'. While the two surnames may sound somewhat similar or share phonetic traits, they represent distinct family heritages and legal names. A shared common first name with a diverging family name indicates two separate individuals. Recommendation: Disqualify.",disqualify,rule_based
Mukesh Mansukhlal Vaya,Mukesh Mansukhlal Kumar,Mukesh Mansukhlal,DISP_SURNAME_CONFLICT,Surnames are entirely different names,"Comparing identity tokens: both client and candidate share the common first name 'Mukesh Mansukhlal'. However, the surnames are completely different: client 'Vaya' vs candidate 'Kumar'. In identity screening, the family name is the primary differentiator, and these two surnames have zero relation. A match on a common given name alone without a matching surname is a coincidental false positive. Recommendation: Disqualify.",disqualify,rule_based
Yong Nam Jong,Yong Nam Martinez,Yong Nam,DISP_PHONETIC_SURNAME_DIVERGENCE,Surnames phonetically shifted but distinct,"Analyzing the match: the first name 'Yong Nam' matches across both records. However, the candidate has a different family name: surname substitution from 'Jong' to 'Martinez'. While the two surnames may sound somewhat similar or share phonetic traits, they represent distinct family heritages and legal names. A shared common first name with a diverging family name indicates two separate individuals. Recommendation: Disqualify.",disqualify,rule_based
Wiliams Geovanni Botello Rodriguez,Wiliams Geovanni Botello Rodrigues,Wiliams Geovanni Botello,DISP_PHONETIC_SURNAME_DIVERGENCE,Surnames phonetically shifted but distinct,"Analyzing the match: the first name 'Wiliams Geovanni Botello' matches across both records. However, the candidate has a different family name: phonetic variation of surname from 'Rodriguez' to 'Rodrigues'. While the two surnames may sound somewhat similar or share phonetic traits, they represent distinct family heritages and legal names. A shared common first name with a diverging family name indicates two separate individuals. Recommendation: Disqualify.",disqualify,rule_based
Alexander Sergeyevich Drozdov,Alexander Sergeyevich Chatterjee,Alexander Sergeyevich,DISP_SURNAME_CONFLICT,Surnames are entirely different names,"Comparing identity tokens: both client and candidate share the common first name 'Alexander Sergeyevich'. However, the surnames are completely different: client 'Drozdov' vs candidate 'Chatterjee'. In identity screening, the family name is the primary differentiator, and these two surnames have zero relation. A match on a common given name alone without a matching surname is a coincidental false positive. Recommendation: Disqualify.",disqualify,rule_based
Tatiana Vasilievna Solomatina,Tatiana Vasilievna Kim,Tatiana Vasilievna,DISP_SURNAME_CONFLICT,Surnames are entirely different names,"Comparing identity tokens: both client and candidate share the common first name 'Tatiana Vasilievna'. However, the surnames are completely different: client 'Solomatina' vs candidate 'Kim'. In identity screening, the family name is the primary differentiator, and these two surnames have zero relation. A match on a common given name alone without a matching surname is a coincidental false positive. Recommendation: Disqualify.",disqualify,rule_based
Alexander Mikhailovich Sholokhov,Alexander Mikhailovich Martinez,Alexander Mikhailovich,DISP_PHONETIC_SURNAME_DIVERGENCE,Surnames phonetically shifted but distinct,"Analyzing the match: the first name 'Alexander Mikhailovich' matches across both records. However, the candidate has a different family name: surname substitution from 'Sholokhov' to 'Martinez'. While the two surnames may sound somewhat similar or share phonetic traits, they represent distinct family heritages and legal names. A shared common first name with a diverging family name indicates two separate individuals. Recommendation: Disqualify.",disqualify,rule_based
Abdul Majeed,Abdul Williams,Abdul,DISP_PHONETIC_SURNAME_DIVERGENCE,Surnames phonetically shifted but distinct,"Analyzing the match: the first name 'Abdul' matches across both records. However, the candidate has a different family name: surname substitution from 'Majeed' to 'Williams'. While the two surnames may sound somewhat similar or share phonetic traits, they represent distinct family heritages and legal names. A shared common first name with a diverging family name indicates two separate individuals. Recommendation: Disqualify.",disqualify,rule_based
Hakki Selcuk Sanli,Sanli Hakki Selcuk,Hakki Selcuk Sanli,DISP_TOKEN_ORDER_SWAP,Name tokens in different sequence,"Evaluating word order: both records contain the exact same set of names ('Hakki Selcuk Sanli'). The variation is purely due to placement of the family name at the beginning of the name. In global screening databases, names are frequently recorded in family-name-first or given-name-first convention depending on the jurisdiction or database format. All individual name parts are fully accounted for with zero missing or conflicting names. This refers to the identical individual. Recommendation: Escalate to analyst.",escalate to analyst,rule_based
Rana Hussein Ibrahim,Rana Min Ibrahim,Rana Ibrahim,DISP_MIDDLE_NAME_CONFLICT,Middle names are irreconcilably different,"Evaluating middle names: the first name and surname ('Rana Ibrahim') match identically. However, there is an irreconcilable discrepancy: conflicting middle name 'Min' replacing 'Hussein'. These are two entirely separate personal given names—not a nickname, abbreviation, or typing slip. When two individuals have completely different middle names, they are distinct people who happen to share a first and last name. Recommendation: Disqualify.",disqualify,rule_based
Tadashi Irie,Tadashi Bianchi,Tadashi,DISP_SURNAME_CONFLICT,Surnames are entirely different names,"Comparing identity tokens: both client and candidate share the common first name 'Tadashi'. However, the surnames are completely different: client 'Irie' vs candidate 'Bianchi'. In identity screening, the family name is the primary differentiator, and these two surnames have zero relation. A match on a common given name alone without a matching surname is a coincidental false positive. Recommendation: Disqualify.",disqualify,rule_based
Mohammad Hossein Haghighian,Mohammad Hossein Kabbaj,Mohammad Hossein,DISP_SURNAME_CONFLICT,Surnames are entirely different names,"Comparing identity tokens: both client and candidate share the common first name 'Mohammad Hossein'. However, the surnames are completely different: client 'Haghighian' vs candidate 'Kabbaj'. In identity screening, the family name is the primary differentiator, and these two surnames have zero relation. A match on a common given name alone without a matching surname is a coincidental false positive. Recommendation: Disqualify.",disqualify,rule_based
Bayan Bitar,Bayan Rodriguez,Bayan,DISP_SURNAME_CONFLICT,Surnames are entirely different names,"Comparing identity tokens: both client and candidate share the common first name 'Bayan'. However, the surnames are completely different: client 'Bitar' vs candidate 'Rodriguez'. In identity screening, the family name is the primary differentiator, and these two surnames have zero relation. A match on a common given name alone without a matching surname is a coincidental false positive. Recommendation: Disqualify.",disqualify,rule_based
Ming Chen,Ming Tan,Ming,DISP_PHONETIC_SURNAME_DIVERGENCE,Surnames phonetically shifted but distinct,"Analyzing the match: the first name 'Ming' matches across both records. However, the candidate has a different family name: phonetic variation of surname from 'Chen' to 'Tan'. While the two surnames may sound somewhat similar or share phonetic traits, they represent distinct family heritages and legal names. A shared common first name with a diverging family name indicates two separate individuals. Recommendation: Disqualify.",disqualify,rule_based
Baoxia Liu,Baoxia Martinez,Baoxia,DISP_PHONETIC_SURNAME_DIVERGENCE,Surnames phonetically shifted but distinct,"Analyzing the match: the first name 'Baoxia' matches across both records. However, the candidate has a different family name: surname substitution from 'Liu' to 'Martinez'. While the two surnames may sound somewhat similar or share phonetic traits, they represent distinct family heritages and legal names. A shared common first name with a diverging family name indicates two separate individuals. Recommendation: Disqualify.",disqualify,rule_based
Tin Myo Aung,Tin Min Aung,Tin Aung,DISP_MIDDLE_NAME_CONFLICT,Middle names are irreconcilably different,"Evaluating middle names: the first name and surname ('Tin Aung') match identically. However, there is an irreconcilable discrepancy: conflicting middle name 'Min' replacing 'Myo'. These are two entirely separate personal given names—not a nickname, abbreviation, or typing slip. When two individuals have completely different middle names, they are distinct people who happen to share a first and last name. Recommendation: Disqualify.",disqualify,rule_based
Adel Radi Saqr Al-Wahabi Al-Harbi,Al-Harbi Adel Radi Saqr Al-Wahabi,Adel Radi Saqr Al-Wahabi Al-Harbi,DISP_TOKEN_ORDER_SWAP,Name tokens in different sequence,"Evaluating word order: both records contain the exact same set of names ('Adel Radi Saqr Al-Wahabi Al-Harbi'). The variation is purely due to placement of the family name at the beginning of the name. In global screening databases, names are frequently recorded in family-name-first or given-name-first convention depending on the jurisdiction or database format. All individual name parts are fully accounted for with zero missing or conflicting names. This refers to the identical individual. Recommendation: Escalate to analyst.",escalate to analyst,rule_based
Al Len Chen,Al Len Brown,Al Len,DISP_SURNAME_CONFLICT,Surnames are entirely different names,"Comparing identity tokens: both client and candidate share the common first name 'Al Len'. However, the surnames are completely different: client 'Chen' vs candidate 'Brown'. In identity screening, the family name is the primary differentiator, and these two surnames have zero relation. A match on a common given name alone without a matching surname is a coincidental false positive. Recommendation: Disqualify.",disqualify,rule_based
Eddie Aleong,Eddie Khalid Aleong,Eddie Aleong,DISP_MIDDLE_NAME_CONFLICT,Middle names are irreconcilably different,"Evaluating middle names: the first name and surname ('Eddie Aleong') match identically. However, there is an irreconcilable discrepancy: introduction of a distinct middle name 'Khalid'. These are two entirely separate personal given names—not a nickname, abbreviation, or typing slip. When two individuals have completely different middle names, they are distinct people who happen to share a first and last name. Recommendation: Disqualify.",disqualify,rule_based
Alaeddin Senguler,Alaeddin Lawrence Senguler,Alaeddin Senguler,DISP_MIDDLE_NAME_CONFLICT,Middle names are irreconcilably different,"Evaluating middle names: the first name and surname ('Alaeddin Senguler') match identically. However, there is an irreconcilable discrepancy: introduction of a distinct middle name 'Lawrence'. These are two entirely separate personal given names—not a nickname, abbreviation, or typing slip. When two individuals have completely different middle names, they are distinct people who happen to share a first and last name. Recommendation: Disqualify.",disqualify,rule_based
Hamdan Ali Al Lakis,Hamdan A. Al Lakis,Hamdan Lakis,DISP_MIDDLE_NAME_ABBREVIATED,Middle name shortened to initial,"Reviewing the core identifiers: the client and candidate hit share the exact same first name and surname ('Hamdan Lakis'). The only difference is the shortening of middle name 'Ali' to initial 'A.'. In banking and legal records, middle names are routinely abbreviated to initials or expanded without changing legal identity. There are no contradictory identity markers present. This requires manual verification. Recommendation: Escalate to analyst.",escalate to analyst,rule_based
Olga Yuryevna Golodets,Olga Yuryevna Verma,Olga Yuryevna,DISP_PHONETIC_SURNAME_DIVERGENCE,Surnames phonetically shifted but distinct,"Analyzing the match: the first name 'Olga Yuryevna' matches across both records. However, the candidate has a different family name: surname substitution from 'Golodets' to 'Verma'. While the two surnames may sound somewhat similar or share phonetic traits, they represent distinct family heritages and legal names. A shared common first name with a diverging family name indicates two separate individuals. Recommendation: Disqualify.",disqualify,rule_based
Bahman Reyhani,Bahman Ziad Reyhani,Bahman Reyhani,DISP_MIDDLE_NAME_CONFLICT,Middle names are irreconcilably different,"Evaluating middle names: the first name and surname ('Bahman Reyhani') match identically. However, there is an irreconcilable discrepancy: introduction of a distinct middle name 'Ziad'. These are two entirely separate personal given names—not a nickname, abbreviation, or typing slip. When two individuals have completely different middle names, they are distinct people who happen to share a first and last name. Recommendation: Disqualify.",disqualify,rule_based
Ali Hazrati Chakherlo,Ali Hazrati Kowalski,Ali Hazrati,DISP_SURNAME_CONFLICT,Surnames are entirely different names,"Comparing identity tokens: both client and candidate share the common first name 'Ali Hazrati'. However, the surnames are completely different: client 'Chakherlo' vs candidate 'Kowalski'. In identity screening, the family name is the primary differentiator, and these two surnames have zero relation. A match on a common given name alone without a matching surname is a coincidental false positive. Recommendation: Disqualify.",disqualify,rule_based
Eyad Al-Akhras,Eyad Takahashi,Eyad,DISP_SURNAME_CONFLICT,Surnames are entirely different names,"Comparing identity tokens: both client and candidate share the common first name 'Eyad'. However, the surnames are completely different: client 'Al-Akhras' vs candidate 'Takahashi'. In identity screening, the family name is the primary differentiator, and these two surnames have zero relation. A match on a common given name alone without a matching surname is a coincidental false positive. Recommendation: Disqualify.",disqualify,rule_based
Maksim Marselevich Khaliullin,Maksim Marselevich Hernandez,Maksim Marselevich,DISP_SURNAME_CONFLICT,Surnames are entirely different names,"Comparing identity tokens: both client and candidate share the common first name 'Maksim Marselevich'. However, the surnames are completely different: client 'Khaliullin' vs candidate 'Hernandez'. In identity screening, the family name is the primary differentiator, and these two surnames have zero relation. A match on a common given name alone without a matching surname is a coincidental false positive. Recommendation: Disqualify.",disqualify,rule_based
Sipho Dlamini,Sipho Pierre Dlamini,Sipho Dlamini,DISP_MIDDLE_NAME_CONFLICT,Middle names are irreconcilably different,"Evaluating middle names: the first name and surname ('Sipho Dlamini') match identically. However, there is an irreconcilable discrepancy: introduction of a distinct middle name 'Pierre'. These are two entirely separate personal given names—not a nickname, abbreviation, or typing slip. When two individuals have completely different middle names, they are distinct people who happen to share a first and last name. Recommendation: Disqualify.",disqualify,rule_based
Obac William Olawo,Obac William Tanaka,Obac William,DISP_SURNAME_CONFLICT,Surnames are entirely different names,"Comparing identity tokens: both client and candidate share the common first name 'Obac William'. However, the surnames are completely different: client 'Olawo' vs candidate 'Tanaka'. In identity screening, the family name is the primary differentiator, and these two surnames have zero relation. A match on a common given name alone without a matching surname is a coincidental false positive. Recommendation: Disqualify.",disqualify,rule_based
German Gonzalo Sanchez Rey,Rey German Gonzalo Sanchez,German Gonzalo Sanchez Rey,DISP_TOKEN_ORDER_SWAP,Name tokens in different sequence,"Evaluating word order: both records contain the exact same set of names ('German Gonzalo Sanchez Rey'). The variation is purely due to placement of the family name at the beginning of the name. In global screening databases, names are frequently recorded in family-name-first or given-name-first convention depending on the jurisdiction or database format. All individual name parts are fully accounted for with zero missing or conflicting names. This refers to the identical individual. Recommendation: Escalate to analyst.",escalate to analyst,rule_based
Vyacheslav Yuryevich Loginov,Vyachealav Yuryevich Loginov,Yuryevich Loginov,DISP_MINOR_TYPO,Single character typo or keyboard slip,"Comparing the name strings: the primary identifying words 'Yuryevich Loginov' match identically. The candidate hit has a minor clerical difference in word 'Vyacheslav' (written as 'Vyachealav'), which reflects an single typographical substitution ('s' -> 'a'). This is a classic typographical error resulting from fast typing or clerical transcription. Because the underlying names match closely with no conflicting family or personal names, the candidate is highly likely the same individual. Recommendation: Escalate to analyst.",escalate to analyst,rule_based
Massimo Falchini,Massimo Al-Sabah,Massimo,DISP_PHONETIC_SURNAME_DIVERGENCE,Surnames phonetically shifted but distinct,"Analyzing the match: the first name 'Massimo' matches across both records. However, the candidate has a different family name: surname substitution from 'Falchini' to 'Al-Sabah'. While the two surnames may sound somewhat similar or share phonetic traits, they represent distinct family heritages and legal names. A shared common first name with a diverging family name indicates two separate individuals. Recommendation: Disqualify.",disqualify,rule_based
Kempes Sanon,Kempes Tariq Sanon,Kempes Sanon,DISP_MIDDLE_NAME_CONFLICT,Middle names are irreconcilably different,"Evaluating middle names: the first name and surname ('Kempes Sanon') match identically. However, there is an irreconcilable discrepancy: introduction of a distinct middle name 'Tariq'. These are two entirely separate personal given names—not a nickname, abbreviation, or typing slip. When two individuals have completely different middle names, they are distinct people who happen to share a first and last name. Recommendation: Disqualify.",disqualify,rule_based
Jose Angel Rivera Zazueta,Jose Angel Rivera Dubois,Jose Angel Rivera,DISP_SURNAME_CONFLICT,Surnames are entirely different names,"Comparing identity tokens: both client and candidate share the common first name 'Jose Angel Rivera'. However, the surnames are completely different: client 'Zazueta' vs candidate 'Dubois'. In identity screening, the family name is the primary differentiator, and these two surnames have zero relation. A match on a common given name alone without a matching surname is a coincidental false positive. Recommendation: Disqualify.",disqualify,rule_based
Andrei Alexandrovich Krechetov,Andfei Alexandrovich Krechetov,Alexandrovich Krechetov,DISP_MINOR_TYPO,Single character typo or keyboard slip,"Comparing the name strings: the primary identifying words 'Alexandrovich Krechetov' match identically. The candidate hit has a minor clerical difference in word 'Andrei' (written as 'Andfei'), which reflects an single typographical substitution ('r' -> 'f'). This is a classic typographical error resulting from fast typing or clerical transcription. Because the underlying names match closely with no conflicting family or personal names, the candidate is highly likely the same individual. Recommendation: Escalate to analyst.",escalate to analyst,rule_based
Carolina Fernandez Gonzalez,Carolina F. Gonzalez,Carolina Gonzalez,DISP_MIDDLE_NAME_ABBREVIATED,Middle name shortened to initial,"Reviewing the core identifiers: the client and candidate hit share the exact same first name and surname ('Carolina Gonzalez'). The only difference is the shortening of middle name 'Fernandez' to initial 'F.'. In banking and legal records, middle names are routinely abbreviated to initials or expanded without changing legal identity. There are no contradictory identity markers present. This requires manual verification. Recommendation: Escalate to analyst.",escalate to analyst,rule_based
Anatoliy Fodorovich Lesun,Anatoliy Fodorovich Lsun,Anatoliy Fodorovich,DISP_MINOR_TYPO,Single character typo or keyboard slip,"Comparing the name strings: the primary identifying words 'Anatoliy Fodorovich' match identically. The candidate hit has a minor clerical difference in word 'Lesun' (written as 'Lsun'), which reflects an single typographical omission of character 'e'. This is a classic typographical error resulting from fast typing or clerical transcription. Because the underlying names match closely with no conflicting family or personal names, the candidate is highly likely the same individual. Recommendation: Escalate to analyst.",escalate to analyst,rule_based
Hamdi Zaher El Dine,Hamci Zaher El Dine,Zaher El Dine,DISP_MINOR_TYPO,Single character typo or keyboard slip,"Comparing the name strings: the primary identifying words 'Zaher El Dine' match identically. The candidate hit has a minor clerical difference in word 'Hamdi' (written as 'Hamci'), which reflects an single typographical substitution ('d' -> 'c'). This is a classic typographical error resulting from fast typing or clerical transcription. Because the underlying names match closely with no conflicting family or personal names, the candidate is highly likely the same individual. Recommendation: Escalate to analyst.",escalate to analyst,rule_based
Hamid Yusif Al-Hammadi,Hamid Zayn Al-Hammadi,Hamid Al-Hammadi,DISP_MIDDLE_NAME_CONFLICT,Middle names are irreconcilably different,"Evaluating middle names: the first name and surname ('Hamid Al-Hammadi') match identically. However, there is an irreconcilable discrepancy: conflicting middle name 'Zayn' replacing 'Yusif'. These are two entirely separate personal given names—not a nickname, abbreviation, or typing slip. When two individuals have completely different middle names, they are distinct people who happen to share a first and last name. Recommendation: Disqualify.",disqualify,rule_based
Zelimir Petrovic,Zelmiir Petrovic,Petrovic,DISP_MINOR_TYPO,Single character typo or keyboard slip,"Comparing the name strings: the primary identifying words 'Petrovic' match identically. The candidate hit has a minor clerical difference in word 'Zelimir' (written as 'Zelmiir'), which reflects an adjacent character transposition ('im' -> 'mi'). This is a classic typographical error resulting from fast typing or clerical transcription. Because the underlying names match closely with no conflicting family or personal names, the candidate is highly likely the same individual. Recommendation: Escalate to analyst.",escalate to analyst,rule_based
Rouhollah Bazghandi,Rouhollah Edward Bazghandi,Rouhollah Bazghandi,DISP_MIDDLE_NAME_CONFLICT,Middle names are irreconcilably different,"Evaluating middle names: the first name and surname ('Rouhollah Bazghandi') match identically. However, there is an irreconcilable discrepancy: introduction of a distinct middle name 'Edward'. These are two entirely separate personal given names—not a nickname, abbreviation, or typing slip. When two individuals have completely different middle names, they are distinct people who happen to share a first and last name. Recommendation: Disqualify.",disqualify,rule_based
Andrey Removich Belousov,Andrey Removich Sato,Andrey Removich,DISP_SURNAME_CONFLICT,Surnames are entirely different names,"Comparing identity tokens: both client and candidate share the common first name 'Andrey Removich'. However, the surnames are completely different: client 'Belousov' vs candidate 'Sato'. In identity screening, the family name is the primary differentiator, and these two surnames have zero relation. A match on a common given name alone without a matching surname is a coincidental false positive. Recommendation: Disqualify.",disqualify,rule_based
Mohsen Reza'i,Mohsen Reaa'i,Mohsen,DISP_MINOR_TYPO,Single character typo or keyboard slip,"Comparing the name strings: the primary identifying words 'Mohsen' match identically. The candidate hit has a minor clerical difference in word 'Reza'i' (written as 'Reaa'i'), which reflects an single typographical substitution ('z' -> 'a'). This is a classic typographical error resulting from fast typing or clerical transcription. Because the underlying names match closely with no conflicting family or personal names, the candidate is highly likely the same individual. Recommendation: Escalate to analyst.",escalate to analyst,rule_based
Diego Macedo Goncalves Do Carmo,Diego Macedo Goncalves Do Verma,Diego Macedo Goncalves Do,DISP_SURNAME_CONFLICT,Surnames are entirely different names,"Comparing identity tokens: both client and candidate share the common first name 'Diego Macedo Goncalves Do'. However, the surnames are completely different: client 'Carmo' vs candidate 'Verma'. In identity screening, the family name is the primary differentiator, and these two surnames have zero relation. A match on a common given name alone without a matching surname is a coincidental false positive. Recommendation: Disqualify.",disqualify,rule_based
Kasim Oztas,Kasm Oztas,Oztas,DISP_MINOR_TYPO,Single character typo or keyboard slip,"Comparing the name strings: the primary identifying words 'Oztas' match identically. The candidate hit has a minor clerical difference in word 'Kasim' (written as 'Kasm'), which reflects an single typographical omission of character 'i'. This is a classic typographical error resulting from fast typing or clerical transcription. Because the underlying names match closely with no conflicting family or personal names, the candidate is highly likely the same individual. Recommendation: Escalate to analyst.",escalate to analyst,rule_based
Umair Naeem H,Umair Naeem Li,Umair Naeem,DISP_SURNAME_CONFLICT,Surnames are entirely different names,"Comparing identity tokens: both client and candidate share the common first name 'Umair Naeem'. However, the surnames are completely different: client 'H' vs candidate 'Li'. In identity screening, the family name is the primary differentiator, and these two surnames have zero relation. A match on a common given name alone without a matching surname is a coincidental false positive. Recommendation: Disqualify.",disqualify,rule_based
Faisal Jassim Mohammed Al-Amri Al-Khalidi,Faisal Jassim Mohammed Al-Amri Schneider,Faisal Jassim Mohammed Al-Amri,DISP_PHONETIC_SURNAME_DIVERGENCE,Surnames phonetically shifted but distinct,"Analyzing the match: the first name 'Faisal Jassim Mohammed Al-Amri' matches across both records. However, the candidate has a different family name: surname substitution from 'Al-Khalidi' to 'Schneider'. While the two surnames may sound somewhat similar or share phonetic traits, they represent distinct family heritages and legal names. A shared common first name with a diverging family name indicates two separate individuals. Recommendation: Disqualify.",disqualify,rule_based
Vladimir Ilich Maksimenko,Vladimir Ilih Maksimenko,Vladimir Maksimenko,DISP_MINOR_TYPO,Single character typo or keyboard slip,"Comparing the name strings: the primary identifying words 'Vladimir Maksimenko' match identically. The candidate hit has a minor clerical difference in word 'Ilich' (written as 'Ilih'), which reflects an single typographical omission of character 'c'. This is a classic typographical error resulting from fast typing or clerical transcription. Because the underlying names match closely with no conflicting family or personal names, the candidate is highly likely the same individual. Recommendation: Escalate to analyst.",escalate to analyst,rule_based
Valery Kirillovich Medvedev,Medvedev Valery Kirillovich,Valery Kirillovich Medvedev,DISP_TOKEN_ORDER_SWAP,Name tokens in different sequence,"Evaluating word order: both records contain the exact same set of names ('Valery Kirillovich Medvedev'). The variation is purely due to placement of the family name at the beginning of the name. In global screening databases, names are frequently recorded in family-name-first or given-name-first convention depending on the jurisdiction or database format. All individual name parts are fully accounted for with zero missing or conflicting names. This refers to the identical individual. Recommendation: Escalate to analyst.",escalate to analyst,rule_based
Sayyed Ali Miri,Sayyed Ali Rodriguez,Sayyed Ali,DISP_SURNAME_CONFLICT,Surnames are entirely different names,"Comparing identity tokens: both client and candidate share the common first name 'Sayyed Ali'. However, the surnames are completely different: client 'Miri' vs candidate 'Rodriguez'. In identity screening, the family name is the primary differentiator, and these two surnames have zero relation. A match on a common given name alone without a matching surname is a coincidental false positive. Recommendation: Disqualify.",disqualify,rule_based
Raul Alejandro Castro Calis,Raul Alejandro Castro Kamau,Raul Alejandro Castro,DISP_SURNAME_CONFLICT,Surnames are entirely different names,"Comparing identity tokens: both client and candidate share the common first name 'Raul Alejandro Castro'. However, the surnames are completely different: client 'Calis' vs candidate 'Kamau'. In identity screening, the family name is the primary differentiator, and these two surnames have zero relation. A match on a common given name alone without a matching surname is a coincidental false positive. Recommendation: Disqualify.",disqualify,rule_based
Katherine Nayarith Haringhton Padron,Katherine Nayarith Haringhton Ferrari,Katherine Nayarith Haringhton,DISP_SURNAME_CONFLICT,Surnames are entirely different names,"Comparing identity tokens: both client and candidate share the common first name 'Katherine Nayarith Haringhton'. However, the surnames are completely different: client 'Padron' vs candidate 'Ferrari'. In identity screening, the family name is the primary differentiator, and these two surnames have zero relation. A match on a common given name alone without a matching surname is a coincidental false positive. Recommendation: Disqualify.",disqualify,rule_based
Payam Tirandaz,Payam Chatterjee,Payam,DISP_SURNAME_CONFLICT,Surnames are entirely different names,"Comparing identity tokens: both client and candidate share the common first name 'Payam'. However, the surnames are completely different: client 'Tirandaz' vs candidate 'Chatterjee'. In identity screening, the family name is the primary differentiator, and these two surnames have zero relation. A match on a common given name alone without a matching surname is a coincidental false positive. Recommendation: Disqualify.",disqualify,rule_based
Igor Veniaminovich Kaigorodov,Igor Rashid Kaigorodov,Igor Kaigorodov,DISP_MIDDLE_NAME_CONFLICT,Middle names are irreconcilably different,"Evaluating middle names: the first name and surname ('Igor Kaigorodov') match identically. However, there is an irreconcilable discrepancy: conflicting middle name 'Rashid' replacing 'Veniaminovich'. These are two entirely separate personal given names—not a nickname, abbreviation, or typing slip. When two individuals have completely different middle names, they are distinct people who happen to share a first and last name. Recommendation: Disqualify.",disqualify,rule_based
Alyaksandr Henadzievich Tkachou,Alyaksandr Henadzievich Petrov,Alyaksandr Henadzievich,DISP_SURNAME_CONFLICT,Surnames are entirely different names,"Comparing identity tokens: both client and candidate share the common first name 'Alyaksandr Henadzievich'. However, the surnames are completely different: client 'Tkachou' vs candidate 'Petrov'. In identity screening, the family name is the primary differentiator, and these two surnames have zero relation. A match on a common given name alone without a matching surname is a coincidental false positive. Recommendation: Disqualify.",disqualify,rule_based
Faycal Boughanemi,Faycal Ivanov,Faycal,DISP_PHONETIC_SURNAME_DIVERGENCE,Surnames phonetically shifted but distinct,"Analyzing the match: the first name 'Faycal' matches across both records. However, the candidate has a different family name: surname substitution from 'Boughanemi' to 'Ivanov'. While the two surnames may sound somewhat similar or share phonetic traits, they represent distinct family heritages and legal names. A shared common first name with a diverging family name indicates two separate individuals. Recommendation: Disqualify.",disqualify,rule_based
Sergey Skvortsov,Sergey Singh,Sergey,DISP_PHONETIC_SURNAME_DIVERGENCE,Surnames phonetically shifted but distinct,"Analyzing the match: the first name 'Sergey' matches across both records. However, the candidate has a different family name: surname substitution from 'Skvortsov' to 'Singh'. While the two surnames may sound somewhat similar or share phonetic traits, they represent distinct family heritages and legal names. A shared common first name with a diverging family name indicates two separate individuals. Recommendation: Disqualify.",disqualify,rule_based
Gulmurod Khalimov,Gulmurod Choi,Gulmurod,DISP_PHONETIC_SURNAME_DIVERGENCE,Surnames phonetically shifted but distinct,"Analyzing the match: the first name 'Gulmurod' matches across both records. However, the candidate has a different family name: surname substitution from 'Khalimov' to 'Choi'. While the two surnames may sound somewhat similar or share phonetic traits, they represent distinct family heritages and legal names. A shared common first name with a diverging family name indicates two separate individuals. Recommendation: Disqualify.",disqualify,rule_based
Walid Hamid Tawfiq Al-Tikriti,Al-Tikriti Walid Hamid Tawfiq,Walid Hamid Tawfiq Al-Tikriti,DISP_TOKEN_ORDER_SWAP,Name tokens in different sequence,"Evaluating word order: both records contain the exact same set of names ('Walid Hamid Tawfiq Al-Tikriti'). The variation is purely due to placement of the family name at the beginning of the name. In global screening databases, names are frequently recorded in family-name-first or given-name-first convention depending on the jurisdiction or database format. All individual name parts are fully accounted for with zero missing or conflicting names. This refers to the identical individual. Recommendation: Escalate to analyst.",escalate to analyst,rule_based
Hadi Jamshidi Zavaraki,Hadi Chidi Zavaraki,Hadi Zavaraki,DISP_MIDDLE_NAME_CONFLICT,Middle names are irreconcilably different,"Evaluating middle names: the first name and surname ('Hadi Zavaraki') match identically. However, there is an irreconcilable discrepancy: conflicting middle name 'Chidi' replacing 'Jamshidi'. These are two entirely separate personal given names—not a nickname, abbreviation, or typing slip. When two individuals have completely different middle names, they are distinct people who happen to share a first and last name. Recommendation: Disqualify.",disqualify,rule_based
Joseph Pierre Richard Duplan,Joseph Pierre Richard Johnson,Joseph Pierre Richard,DISP_SURNAME_CONFLICT,Surnames are entirely different names,"Comparing identity tokens: both client and candidate share the common first name 'Joseph Pierre Richard'. However, the surnames are completely different: client 'Duplan' vs candidate 'Johnson'. In identity screening, the family name is the primary differentiator, and these two surnames have zero relation. A match on a common given name alone without a matching surname is a coincidental false positive. Recommendation: Disqualify.",disqualify,rule_based
Alfredo Beltran Leyva,Alfredo Beltran Liu,Alfredo Beltran,DISP_PHONETIC_SURNAME_DIVERGENCE,Surnames phonetically shifted but distinct,"Analyzing the match: the first name 'Alfredo Beltran' matches across both records. However, the candidate has a different family name: surname substitution from 'Leyva' to 'Liu'. While the two surnames may sound somewhat similar or share phonetic traits, they represent distinct family heritages and legal names. A shared common first name with a diverging family name indicates two separate individuals. Recommendation: Disqualify.",disqualify,rule_based
Dirk Troendle,Dirk Yang,Dirk,DISP_SURNAME_CONFLICT,Surnames are entirely different names,"Comparing identity tokens: both client and candidate share the common first name 'Dirk'. However, the surnames are completely different: client 'Troendle' vs candidate 'Yang'. In identity screening, the family name is the primary differentiator, and these two surnames have zero relation. A match on a common given name alone without a matching surname is a coincidental false positive. Recommendation: Disqualify.",disqualify,rule_based
Linda Elizabeth Campos Tirado,Linda Elizabeth Campos Osei,Linda Elizabeth Campos,DISP_PHONETIC_SURNAME_DIVERGENCE,Surnames phonetically shifted but distinct,"Analyzing the match: the first name 'Linda Elizabeth Campos' matches across both records. However, the candidate has a different family name: surname substitution from 'Tirado' to 'Osei'. While the two surnames may sound somewhat similar or share phonetic traits, they represent distinct family heritages and legal names. A shared common first name with a diverging family name indicates two separate individuals. Recommendation: Disqualify.",disqualify,rule_based
Pedro Rivas Sanchez,Pedro Rivas Liu,Pedro Rivas,DISP_PHONETIC_SURNAME_DIVERGENCE,Surnames phonetically shifted but distinct,"Analyzing the match: the first name 'Pedro Rivas' matches across both records. However, the candidate has a different family name: surname substitution from 'Sanchez' to 'Liu'. While the two surnames may sound somewhat similar or share phonetic traits, they represent distinct family heritages and legal names. A shared common first name with a diverging family name indicates two separate individuals. Recommendation: Disqualify.",disqualify,rule_based
Mohamad Khawaja,Mohamad George Khawaja,Mohamad Khawaja,DISP_MIDDLE_NAME_CONFLICT,Middle names are irreconcilably different,"Evaluating middle names: the first name and surname ('Mohamad Khawaja') match identically. However, there is an irreconcilable discrepancy: introduction of a distinct middle name 'George'. These are two entirely separate personal given names—not a nickname, abbreviation, or typing slip. When two individuals have completely different middle names, they are distinct people who happen to share a first and last name. Recommendation: Disqualify.",disqualify,rule_based
Alexander Volfovich,Alexander Z. Volfovich,Alexander Volfovich,DISP_MIDDLE_NAME_OMITTED,Middle name absent from one record,"Reviewing the core identifiers: the client and candidate hit share the exact same first name and surname ('Alexander Volfovich'). The only difference is the addition of middle initial 'Z.'. In banking and legal records, middle names are routinely abbreviated to initials or expanded without changing legal identity. There are no contradictory identity markers present. This requires manual verification. Recommendation: Escalate to analyst.",escalate to analyst,rule_based
Markus Gerhard Mueller,Markus Gerhard Muller,Markus Gerhard,DISP_PHONETIC_SURNAME_DIVERGENCE,Surnames phonetically shifted but distinct,"Analyzing the match: the first name 'Markus Gerhard' matches across both records. However, the candidate has a different family name: phonetic variation of surname from 'Mueller' to 'Muller'. While the two surnames may sound somewhat similar or share phonetic traits, they represent distinct family heritages and legal names. A shared common first name with a diverging family name indicates two separate individuals. Recommendation: Disqualify.",disqualify,rule_based
Mario Alberto Perez Castano,Mraio Alberto Perez Castano,Alberto Perez Castano,DISP_MINOR_TYPO,Single character typo or keyboard slip,"Comparing the name strings: the primary identifying words 'Alberto Perez Castano' match identically. The candidate hit has a minor clerical difference in word 'Mario' (written as 'Mraio'), which reflects an adjacent character transposition ('ar' -> 'ra'). This is a classic typographical error resulting from fast typing or clerical transcription. Because the underlying names match closely with no conflicting family or personal names, the candidate is highly likely the same individual. Recommendation: Escalate to analyst.",escalate to analyst,rule_based
Denis Aleksandrovich Bortnikov,Denis Aleksandrovich Jones,Denis Aleksandrovich,DISP_PHONETIC_SURNAME_DIVERGENCE,Surnames phonetically shifted but distinct,"Analyzing the match: the first name 'Denis Aleksandrovich' matches across both records. However, the candidate has a different family name: surname substitution from 'Bortnikov' to 'Jones'. While the two surnames may sound somewhat similar or share phonetic traits, they represent distinct family heritages and legal names. A shared common first name with a diverging family name indicates two separate individuals. Recommendation: Disqualify.",disqualify,rule_based
Olga Nikolayevna Epifanova,Olga Nikolayevna Balogun,Olga Nikolayevna,DISP_SURNAME_CONFLICT,Surnames are entirely different names,"Comparing identity tokens: both client and candidate share the common first name 'Olga Nikolayevna'. However, the surnames are completely different: client 'Epifanova' vs candidate 'Balogun'. In identity screening, the family name is the primary differentiator, and these two surnames have zero relation. A match on a common given name alone without a matching surname is a coincidental false positive. Recommendation: Disqualify.",disqualify,rule_based
Suleyman Sakan,Suleyman Jean Sakan,Suleyman Sakan,DISP_MIDDLE_NAME_CONFLICT,Middle names are irreconcilably different,"Evaluating middle names: the first name and surname ('Suleyman Sakan') match identically. However, there is an irreconcilable discrepancy: introduction of a distinct middle name 'Jean'. These are two entirely separate personal given names—not a nickname, abbreviation, or typing slip. When two individuals have completely different middle names, they are distinct people who happen to share a first and last name. Recommendation: Disqualify.",disqualify,rule_based
Muhammad Jamal 'abd-Al Rahim Ahmad Al-Kashif,Muhamad Jamal 'abd-Al Rahim Ahmad Al-Kashif,Jamal 'abd-Al Rahim Ahmad Al-Kashif,DISP_MINOR_TYPO,Single character typo or keyboard slip,"Comparing the name strings: the primary identifying words 'Jamal 'abd-Al Rahim Ahmad Al-Kashif' match identically. The candidate hit has a minor clerical difference in word 'Muhammad' (written as 'Muhamad'), which reflects an single typographical omission of character 'm'. This is a classic typographical error resulting from fast typing or clerical transcription. Because the underlying names match closely with no conflicting family or personal names, the candidate is highly likely the same individual. Recommendation: Escalate to analyst.",escalate to analyst,rule_based
Osiel Cardenas Guillen,Osiel Prakash Guillen,Osiel Guillen,DISP_MIDDLE_NAME_CONFLICT,Middle names are irreconcilably different,"Evaluating middle names: the first name and surname ('Osiel Guillen') match identically. However, there is an irreconcilable discrepancy: conflicting middle name 'Prakash' replacing 'Cardenas'. These are two entirely separate personal given names—not a nickname, abbreviation, or typing slip. When two individuals have completely different middle names, they are distinct people who happen to share a first and last name. Recommendation: Disqualify.",disqualify,rule_based
Alfonso Arzate Garcia,Alfonso Francis Garcia,Alfonso Garcia,DISP_MIDDLE_NAME_CONFLICT,Middle names are irreconcilably different,"Evaluating middle names: the first name and surname ('Alfonso Garcia') match identically. However, there is an irreconcilable discrepancy: conflicting middle name 'Francis' replacing 'Arzate'. These are two entirely separate personal given names—not a nickname, abbreviation, or typing slip. When two individuals have completely different middle names, they are distinct people who happen to share a first and last name. Recommendation: Disqualify.",disqualify,rule_based
Carlos Ariel Fernandez Concepcion,Carlos Ariel Fernandez Takahashi,Carlos Ariel Fernandez,DISP_SURNAME_CONFLICT,Surnames are entirely different names,"Comparing identity tokens: both client and candidate share the common first name 'Carlos Ariel Fernandez'. However, the surnames are completely different: client 'Concepcion' vs candidate 'Takahashi'. In identity screening, the family name is the primary differentiator, and these two surnames have zero relation. A match on a common given name alone without a matching surname is a coincidental false positive. Recommendation: Disqualify.",disqualify,rule_based
Miguel Angel Caro Quintero,Quintero Miguel Angel Caro,Miguel Angel Caro Quintero,DISP_TOKEN_ORDER_SWAP,Name tokens in different sequence,"Evaluating word order: both records contain the exact same set of names ('Miguel Angel Caro Quintero'). The variation is purely due to placement of the family name at the beginning of the name. In global screening databases, names are frequently recorded in family-name-first or given-name-first convention depending on the jurisdiction or database format. All individual name parts are fully accounted for with zero missing or conflicting names. This refers to the identical individual. Recommendation: Escalate to analyst.",escalate to analyst,rule_based
Mohammad Baqer Zolqadr,Mohammad Robert Zolqadr,Mohammad Zolqadr,DISP_MIDDLE_NAME_CONFLICT,Middle names are irreconcilably different,"Evaluating middle names: the first name and surname ('Mohammad Zolqadr') match identically. However, there is an irreconcilable discrepancy: conflicting middle name 'Robert' replacing 'Baqer'. These are two entirely separate personal given names—not a nickname, abbreviation, or typing slip. When two individuals have completely different middle names, they are distinct people who happen to share a first and last name. Recommendation: Disqualify.",disqualify,rule_based
Iraj Ronaghi,Iraj Prakash Ronaghi,Iraj Ronaghi,DISP_MIDDLE_NAME_CONFLICT,Middle names are irreconcilably different,"Evaluating middle names: the first name and surname ('Iraj Ronaghi') match identically. However, there is an irreconcilable discrepancy: introduction of a distinct middle name 'Prakash'. These are two entirely separate personal given names—not a nickname, abbreviation, or typing slip. When two individuals have completely different middle names, they are distinct people who happen to share a first and last name. Recommendation: Disqualify.",disqualify,rule_based
Bilal Hudroj,Bilal Kumar Hudroj,Bilal Hudroj,DISP_MIDDLE_NAME_CONFLICT,Middle names are irreconcilably different,"Evaluating middle names: the first name and surname ('Bilal Hudroj') match identically. However, there is an irreconcilable discrepancy: introduction of a distinct middle name 'Kumar'. These are two entirely separate personal given names—not a nickname, abbreviation, or typing slip. When two individuals have completely different middle names, they are distinct people who happen to share a first and last name. Recommendation: Disqualify.",disqualify,rule_based
Hala Saddam Hussein Al-Tikriti,Al-Tikriti Hala Saddam Hussein,Hala Saddam Hussein Al-Tikriti,DISP_TOKEN_ORDER_SWAP,Name tokens in different sequence,"Evaluating word order: both records contain the exact same set of names ('Hala Saddam Hussein Al-Tikriti'). The variation is purely due to placement of the family name at the beginning of the name. In global screening databases, names are frequently recorded in family-name-first or given-name-first convention depending on the jurisdiction or database format. All individual name parts are fully accounted for with zero missing or conflicting names. This refers to the identical individual. Recommendation: Escalate to analyst.",escalate to analyst,rule_based
Hleb Uladzimiravich Dryl,Hleb Uladzimiravich Verma,Hleb Uladzimiravich,DISP_PHONETIC_SURNAME_DIVERGENCE,Surnames phonetically shifted but distinct,"Analyzing the match: the first name 'Hleb Uladzimiravich' matches across both records. However, the candidate has a different family name: surname substitution from 'Dryl' to 'Verma'. While the two surnames may sound somewhat similar or share phonetic traits, they represent distinct family heritages and legal names. A shared common first name with a diverging family name indicates two separate individuals. Recommendation: Disqualify.",disqualify,rule_based
Ahmet Duri,Ahmet Wang,Ahmet,DISP_SURNAME_CONFLICT,Surnames are entirely different names,"Comparing identity tokens: both client and candidate share the common first name 'Ahmet'. However, the surnames are completely different: client 'Duri' vs candidate 'Wang'. In identity screening, the family name is the primary differentiator, and these two surnames have zero relation. A match on a common given name alone without a matching surname is a coincidental false positive. Recommendation: Disqualify.",disqualify,rule_based
Sergei Vasilyevich Gornyakov,Gornyakov Sergei Vasilyevich,Sergei Vasilyevich Gornyakov,DISP_TOKEN_ORDER_SWAP,Name tokens in different sequence,"Evaluating word order: both records contain the exact same set of names ('Sergei Vasilyevich Gornyakov'). The variation is purely due to placement of the family name at the beginning of the name. In global screening databases, names are frequently recorded in family-name-first or given-name-first convention depending on the jurisdiction or database format. All individual name parts are fully accounted for with zero missing or conflicting names. This refers to the identical individual. Recommendation: Escalate to analyst.",escalate to analyst,rule_based
Nicolas Yann Guillou,Nicolas Yann Zhang,Nicolas Yann,DISP_PHONETIC_SURNAME_DIVERGENCE,Surnames phonetically shifted but distinct,"Analyzing the match: the first name 'Nicolas Yann' matches across both records. However, the candidate has a different family name: surname substitution from 'Guillou' to 'Zhang'. While the two surnames may sound somewhat similar or share phonetic traits, they represent distinct family heritages and legal names. A shared common first name with a diverging family name indicates two separate individuals. Recommendation: Disqualify.",disqualify,rule_based
Samir Sakhir Darwish,Samir Jean Darwish,Samir Darwish,DISP_MIDDLE_NAME_CONFLICT,Middle names are irreconcilably different,"Evaluating middle names: the first name and surname ('Samir Darwish') match identically. However, there is an irreconcilable discrepancy: conflicting middle name 'Jean' replacing 'Sakhir'. These are two entirely separate personal given names—not a nickname, abbreviation, or typing slip. When two individuals have completely different middle names, they are distinct people who happen to share a first and last name. Recommendation: Disqualify.",disqualify,rule_based
Ehsan Moslehi,Ehsan Jun Moslehi,Ehsan Moslehi,DISP_MIDDLE_NAME_CONFLICT,Middle names are irreconcilably different,"Evaluating middle names: the first name and surname ('Ehsan Moslehi') match identically. However, there is an irreconcilable discrepancy: introduction of a distinct middle name 'Jun'. These are two entirely separate personal given names—not a nickname, abbreviation, or typing slip. When two individuals have completely different middle names, they are distinct people who happen to share a first and last name. Recommendation: Disqualify.",disqualify,rule_based
Takashi Ikeda,Ikeda Takashi,Takashi Ikeda,DISP_TOKEN_ORDER_SWAP,Name tokens in different sequence,"Evaluating word order: both records contain the exact same set of names ('Takashi Ikeda'). The variation is purely due to reversal of first name and family name order. In global screening databases, names are frequently recorded in family-name-first or given-name-first convention depending on the jurisdiction or database format. All individual name parts are fully accounted for with zero missing or conflicting names. This refers to the identical individual. Recommendation: Escalate to analyst.",escalate to analyst,rule_based
Than Hlaing,Than U. Hlaing,Than Hlaing,DISP_MIDDLE_NAME_OMITTED,Middle name absent from one record,"Reviewing the name pair: the client record shows 'Than Hlaing' with no middle initial, while the candidate hit shows 'Than U. Hlaing' with middle initial 'U.'. Clients frequently omit their middle initial during onboarding. The first name and surname 'Than Hlaing' match exactly with no conflicting tokens. Recommendation: Escalate to analyst.",escalate to analyst,rule_based
Ibrahim Jadhran,Ibrahim Robert Jadhran,Ibrahim Jadhran,DISP_MIDDLE_NAME_CONFLICT,Middle names are irreconcilably different,"Evaluating middle names: the first name and surname ('Ibrahim Jadhran') match identically. However, there is an irreconcilable discrepancy: introduction of a distinct middle name 'Robert'. These are two entirely separate personal given names—not a nickname, abbreviation, or typing slip. When two individuals have completely different middle names, they are distinct people who happen to share a first and last name. Recommendation: Disqualify.",disqualify,rule_based
Jose De Jesus Mendez Vargas,Jose De Jesus Mendez Liu,Jose De Jesus Mendez,DISP_PHONETIC_SURNAME_DIVERGENCE,Surnames phonetically shifted but distinct,"Analyzing the match: the first name 'Jose De Jesus Mendez' matches across both records. However, the candidate has a different family name: surname substitution from 'Vargas' to 'Liu'. While the two surnames may sound somewhat similar or share phonetic traits, they represent distinct family heritages and legal names. A shared common first name with a diverging family name indicates two separate individuals. Recommendation: Disqualify.",disqualify,rule_based
Georgiy L'vovich Muradov,Georgiy Raymond Muradov,Georgiy Muradov,DISP_MIDDLE_NAME_CONFLICT,Middle names are irreconcilably different,"Evaluating middle names: the first name and surname ('Georgiy Muradov') match identically. However, there is an irreconcilable discrepancy: conflicting middle name 'Raymond' replacing 'L'vovich'. These are two entirely separate personal given names—not a nickname, abbreviation, or typing slip. When two individuals have completely different middle names, they are distinct people who happen to share a first and last name. Recommendation: Disqualify.",disqualify,rule_based
Yunus Mohamad Akbar,Yunus Mohamad Sato,Yunus Mohamad,DISP_PHONETIC_SURNAME_DIVERGENCE,Surnames phonetically shifted but distinct,"Analyzing the match: the first name 'Yunus Mohamad' matches across both records. However, the candidate has a different family name: surname substitution from 'Akbar' to 'Sato'. While the two surnames may sound somewhat similar or share phonetic traits, they represent distinct family heritages and legal names. A shared common first name with a diverging family name indicates two separate individuals. Recommendation: Disqualify.",disqualify,rule_based
Tatyana Georgiyevna Lobach,Tatyana Georgiyevna Russo,Tatyana Georgiyevna,DISP_PHONETIC_SURNAME_DIVERGENCE,Surnames phonetically shifted but distinct,"Analyzing the match: the first name 'Tatyana Georgiyevna' matches across both records. However, the candidate has a different family name: surname substitution from 'Lobach' to 'Russo'. While the two surnames may sound somewhat similar or share phonetic traits, they represent distinct family heritages and legal names. A shared common first name with a diverging family name indicates two separate individuals. Recommendation: Disqualify.",disqualify,rule_based
Seyed Mohammad Kalami,Seyed Mohammad Hernandez,Seyed Mohammad,DISP_PHONETIC_SURNAME_DIVERGENCE,Surnames phonetically shifted but distinct,"Analyzing the match: the first name 'Seyed Mohammad' matches across both records. However, the candidate has a different family name: surname substitution from 'Kalami' to 'Hernandez'. While the two surnames may sound somewhat similar or share phonetic traits, they represent distinct family heritages and legal names. A shared common first name with a diverging family name indicates two separate individuals. Recommendation: Disqualify.",disqualify,rule_based
Jong Hyok Son,Jong Hyok Okafor,Jong Hyok,DISP_SURNAME_CONFLICT,Surnames are entirely different names,"Comparing identity tokens: both client and candidate share the common first name 'Jong Hyok'. However, the surnames are completely different: client 'Son' vs candidate 'Okafor'. In identity screening, the family name is the primary differentiator, and these two surnames have zero relation. A match on a common given name alone without a matching surname is a coincidental false positive. Recommendation: Disqualify.",disqualify,rule_based
Kamel Darraji,Kamel Kumar Darraji,Kamel Darraji,DISP_MIDDLE_NAME_CONFLICT,Middle names are irreconcilably different,"Evaluating middle names: the first name and surname ('Kamel Darraji') match identically. However, there is an irreconcilable discrepancy: introduction of a distinct middle name 'Kumar'. These are two entirely separate personal given names—not a nickname, abbreviation, or typing slip. When two individuals have completely different middle names, they are distinct people who happen to share a first and last name. Recommendation: Disqualify.",disqualify,rule_based
Farhad Fatemi,Farhad Davis,Farhad,DISP_SURNAME_CONFLICT,Surnames are entirely different names,"Comparing identity tokens: both client and candidate share the common first name 'Farhad'. However, the surnames are completely different: client 'Fatemi' vs candidate 'Davis'. In identity screening, the family name is the primary differentiator, and these two surnames have zero relation. A match on a common given name alone without a matching surname is a coincidental false positive. Recommendation: Disqualify.",disqualify,rule_based
Fadzlon Bin Ahmad,Fadzlon Bin Perez,Fadzlon Bin,DISP_PHONETIC_SURNAME_DIVERGENCE,Surnames phonetically shifted but distinct,"Analyzing the match: the first name 'Fadzlon Bin' matches across both records. However, the candidate has a different family name: surname substitution from 'Ahmad' to 'Perez'. While the two surnames may sound somewhat similar or share phonetic traits, they represent distinct family heritages and legal names. A shared common first name with a diverging family name indicates two separate individuals. Recommendation: Disqualify.",disqualify,rule_based
Alexei Nikolaevich Sheshenya,Alexei Lucas Sheshenya,Alexei Sheshenya,DISP_MIDDLE_NAME_CONFLICT,Middle names are irreconcilably different,"Evaluating middle names: the first name and surname ('Alexei Sheshenya') match identically. However, there is an irreconcilable discrepancy: conflicting middle name 'Lucas' replacing 'Nikolaevich'. These are two entirely separate personal given names—not a nickname, abbreviation, or typing slip. When two individuals have completely different middle names, they are distinct people who happen to share a first and last name. Recommendation: Disqualify.",disqualify,rule_based
Chang-Ha Chang,Chang-Ha Tendai Chang,Chang-Ha Chang,DISP_MIDDLE_NAME_CONFLICT,Middle names are irreconcilably different,"Evaluating middle names: the first name and surname ('Chang-Ha Chang') match identically. However, there is an irreconcilable discrepancy: introduction of a distinct middle name 'Tendai'. These are two entirely separate personal given names—not a nickname, abbreviation, or typing slip. When two individuals have completely different middle names, they are distinct people who happen to share a first and last name. Recommendation: Disqualify.",disqualify,rule_based
Parviz Soltanizadeh,Parviz Mansour,Parviz,DISP_PHONETIC_SURNAME_DIVERGENCE,Surnames phonetically shifted but distinct,"Analyzing the match: the first name 'Parviz' matches across both records. However, the candidate has a different family name: surname substitution from 'Soltanizadeh' to 'Mansour'. While the two surnames may sound somewhat similar or share phonetic traits, they represent distinct family heritages and legal names. A shared common first name with a diverging family name indicates two separate individuals. Recommendation: Disqualify.",disqualify,rule_based
Maulawi Rajab,Maulawi Jean Rajab,Maulawi Rajab,DISP_MIDDLE_NAME_CONFLICT,Middle names are irreconcilably different,"Evaluating middle names: the first name and surname ('Maulawi Rajab') match identically. However, there is an irreconcilable discrepancy: introduction of a distinct middle name 'Jean'. These are two entirely separate personal given names—not a nickname, abbreviation, or typing slip. When two individuals have completely different middle names, they are distinct people who happen to share a first and last name. Recommendation: Disqualify.",disqualify,rule_based
Ilya Anatolyevich Markov,Ilya Anatolyevich Mwangi,Ilya Anatolyevich,DISP_PHONETIC_SURNAME_DIVERGENCE,Surnames phonetically shifted but distinct,"Analyzing the match: the first name 'Ilya Anatolyevich' matches across both records. However, the candidate has a different family name: surname substitution from 'Markov' to 'Mwangi'. While the two surnames may sound somewhat similar or share phonetic traits, they represent distinct family heritages and legal names. A shared common first name with a diverging family name indicates two separate individuals. Recommendation: Disqualify.",disqualify,rule_based
Mohamed Omar Mohamed,Mohamed Omar Al-Hashimi,Mohamed Omar,DISP_SURNAME_CONFLICT,Surnames are entirely different names,"Comparing identity tokens: both client and candidate share the common first name 'Mohamed Omar'. However, the surnames are completely different: client 'Mohamed' vs candidate 'Al-Hashimi'. In identity screening, the family name is the primary differentiator, and these two surnames have zero relation. A match on a common given name alone without a matching surname is a coincidental false positive. Recommendation: Disqualify.",disqualify,rule_based
Amina Suleymanovna Kerimova,Amina S. Kerimova,Amina Kerimova,DISP_MIDDLE_NAME_ABBREVIATED,Middle name shortened to initial,"Reviewing the core identifiers: the client and candidate hit share the exact same first name and surname ('Amina Kerimova'). The only difference is the shortening of middle name 'Suleymanovna' to initial 'S.'. In banking and legal records, middle names are routinely abbreviated to initials or expanded without changing legal identity. There are no contradictory identity markers present. This requires manual verification. Recommendation: Escalate to analyst.",escalate to analyst,rule_based
Yevgeniya Aleksandrovna Gutsul,Yevgeniya Jean Gutsul,Yevgeniya Gutsul,DISP_MIDDLE_NAME_CONFLICT,Middle names are irreconcilably different,"Evaluating middle names: the first name and surname ('Yevgeniya Gutsul') match identically. However, there is an irreconcilable discrepancy: conflicting middle name 'Jean' replacing 'Aleksandrovna'. These are two entirely separate personal given names—not a nickname, abbreviation, or typing slip. When two individuals have completely different middle names, they are distinct people who happen to share a first and last name. Recommendation: Disqualify.",disqualify,rule_based
Mostafa Sedaghati,Mostafa Edward Sedaghati,Mostafa Sedaghati,DISP_MIDDLE_NAME_CONFLICT,Middle names are irreconcilably different,"Evaluating middle names: the first name and surname ('Mostafa Sedaghati') match identically. However, there is an irreconcilable discrepancy: introduction of a distinct middle name 'Edward'. These are two entirely separate personal given names—not a nickname, abbreviation, or typing slip. When two individuals have completely different middle names, they are distinct people who happen to share a first and last name. Recommendation: Disqualify.",disqualify,rule_based
Nasir Javaid,Nasir H. Javaid,Nasir Javaid,DISP_MIDDLE_NAME_OMITTED,Middle name absent from one record,"Reviewing the core identifiers: the client and candidate hit share the exact same first name and surname ('Nasir Javaid'). The only difference is the addition of middle initial 'H.'. In banking and legal records, middle names are routinely abbreviated to initials or expanded without changing legal identity. There are no contradictory identity markers present. This requires manual verification. Recommendation: Escalate to analyst.",escalate to analyst,rule_based
Husayn Juaythini,Husayn Francis Juaythini,Husayn Juaythini,DISP_MIDDLE_NAME_CONFLICT,Middle names are irreconcilably different,"Evaluating middle names: the first name and surname ('Husayn Juaythini') match identically. However, there is an irreconcilable discrepancy: introduction of a distinct middle name 'Francis'. These are two entirely separate personal given names—not a nickname, abbreviation, or typing slip. When two individuals have completely different middle names, they are distinct people who happen to share a first and last name. Recommendation: Disqualify.",disqualify,rule_based
Freddy Arnoldo Salazar Flores,Freddy Arnoldo Salazar Tanaka,Freddy Arnoldo Salazar,DISP_SURNAME_CONFLICT,Surnames are entirely different names,"Comparing identity tokens: both client and candidate share the common first name 'Freddy Arnoldo Salazar'. However, the surnames are completely different: client 'Flores' vs candidate 'Tanaka'. In identity screening, the family name is the primary differentiator, and these two surnames have zero relation. A match on a common given name alone without a matching surname is a coincidental false positive. Recommendation: Disqualify.",disqualify,rule_based
Ilya Vladislavovich Zakirov,Ilya Pratap Zakirov,Ilya Zakirov,DISP_MIDDLE_NAME_CONFLICT,Middle names are irreconcilably different,"Evaluating middle names: the first name and surname ('Ilya Zakirov') match identically. However, there is an irreconcilable discrepancy: conflicting middle name 'Pratap' replacing 'Vladislavovich'. These are two entirely separate personal given names—not a nickname, abbreviation, or typing slip. When two individuals have completely different middle names, they are distinct people who happen to share a first and last name. Recommendation: Disqualify.",disqualify,rule_based
Mohamed Abdullah Hirey,Mohamed Abdullah Bianchi,Mohamed Abdullah,DISP_SURNAME_CONFLICT,Surnames are entirely different names,"Comparing identity tokens: both client and candidate share the common first name 'Mohamed Abdullah'. However, the surnames are completely different: client 'Hirey' vs candidate 'Bianchi'. In identity screening, the family name is the primary differentiator, and these two surnames have zero relation. A match on a common given name alone without a matching surname is a coincidental false positive. Recommendation: Disqualify.",disqualify,rule_based
Sang Jun Ji,Sang Jun Al-Hashimi,Sang Jun,DISP_SURNAME_CONFLICT,Surnames are entirely different names,"Comparing identity tokens: both client and candidate share the common first name 'Sang Jun'. However, the surnames are completely different: client 'Ji' vs candidate 'Al-Hashimi'. In identity screening, the family name is the primary differentiator, and these two surnames have zero relation. A match on a common given name alone without a matching surname is a coincidental false positive. Recommendation: Disqualify.",disqualify,rule_based
Alberto Alexander Matheus Melendez,Alberto Kwame Matheus Melendez,Alberto Melendez,DISP_MIDDLE_NAME_CONFLICT,Middle names are irreconcilably different,"Evaluating middle names: the first name and surname ('Alberto Melendez') match identically. However, there is an irreconcilable discrepancy: conflicting middle name 'Kwame' replacing 'Alexander'. These are two entirely separate personal given names—not a nickname, abbreviation, or typing slip. When two individuals have completely different middle names, they are distinct people who happen to share a first and last name. Recommendation: Disqualify.",disqualify,rule_based
Rogelio Nieto Gonzalez,Rogelio Nieto Weber,Rogelio Nieto,DISP_SURNAME_CONFLICT,Surnames are entirely different names,"Comparing identity tokens: both client and candidate share the common first name 'Rogelio Nieto'. However, the surnames are completely different: client 'Gonzalez' vs candidate 'Weber'. In identity screening, the family name is the primary differentiator, and these two surnames have zero relation. A match on a common given name alone without a matching surname is a coincidental false positive. Recommendation: Disqualify.",disqualify,rule_based
Hasan Chehadeh Othman,Hasan Chehadeh Park,Hasan Chehadeh,DISP_SURNAME_CONFLICT,Surnames are entirely different names,"Comparing identity tokens: both client and candidate share the common first name 'Hasan Chehadeh'. However, the surnames are completely different: client 'Othman' vs candidate 'Park'. In identity screening, the family name is the primary differentiator, and these two surnames have zero relation. A match on a common given name alone without a matching surname is a coincidental false positive. Recommendation: Disqualify.",disqualify,rule_based
Tito Aldemar Ruano Yandun,Tito Aldemar Ruano Mueller,Tito Aldemar Ruano,DISP_PHONETIC_SURNAME_DIVERGENCE,Surnames phonetically shifted but distinct,"Analyzing the match: the first name 'Tito Aldemar Ruano' matches across both records. However, the candidate has a different family name: surname substitution from 'Yandun' to 'Mueller'. While the two surnames may sound somewhat similar or share phonetic traits, they represent distinct family heritages and legal names. A shared common first name with a diverging family name indicates two separate individuals. Recommendation: Disqualify.",disqualify,rule_based
Hamma Hamani,Hamma Haamni,Hamma,DISP_MINOR_TYPO,Single character typo or keyboard slip,"Comparing the name strings: the primary identifying words 'Hamma' match identically. The candidate hit has a minor clerical difference in word 'Hamani' (written as 'Haamni'), which reflects an adjacent character transposition ('ma' -> 'am'). This is a classic typographical error resulting from fast typing or clerical transcription. Because the underlying names match closely with no conflicting family or personal names, the candidate is highly likely the same individual. Recommendation: Escalate to analyst.",escalate to analyst,rule_based
Azizollah Maleki,Azizollah Ivanov,Azizollah,DISP_SURNAME_CONFLICT,Surnames are entirely different names,"Comparing identity tokens: both client and candidate share the common first name 'Azizollah'. However, the surnames are completely different: client 'Maleki' vs candidate 'Ivanov'. In identity screening, the family name is the primary differentiator, and these two surnames have zero relation. A match on a common given name alone without a matching surname is a coincidental false positive. Recommendation: Disqualify.",disqualify,rule_based
Anna Sergeevna Ershova,Anna David Ershova,Anna Ershova,DISP_MIDDLE_NAME_CONFLICT,Middle names are irreconcilably different,"Evaluating middle names: the first name and surname ('Anna Ershova') match identically. However, there is an irreconcilable discrepancy: conflicting middle name 'David' replacing 'Sergeevna'. These are two entirely separate personal given names—not a nickname, abbreviation, or typing slip. When two individuals have completely different middle names, they are distinct people who happen to share a first and last name. Recommendation: Disqualify.",disqualify,rule_based
Maksim Viktorovich Yakubets,Maksim Viktorovich Zhou,Maksim Viktorovich,DISP_SURNAME_CONFLICT,Surnames are entirely different names,"Comparing identity tokens: both client and candidate share the common first name 'Maksim Viktorovich'. However, the surnames are completely different: client 'Yakubets' vs candidate 'Zhou'. In identity screening, the family name is the primary differentiator, and these two surnames have zero relation. A match on a common given name alone without a matching surname is a coincidental false positive. Recommendation: Disqualify.",disqualify,rule_based
Nestor Luis Reverol Torres,Nestor L. Reverol Torres,Nestor Torres,DISP_MIDDLE_NAME_ABBREVIATED,Middle name shortened to initial,"Reviewing the core identifiers: the client and candidate hit share the exact same first name and surname ('Nestor Torres'). The only difference is the shortening of middle name 'Luis' to initial 'L.'. In banking and legal records, middle names are routinely abbreviated to initials or expanded without changing legal identity. There are no contradictory identity markers present. This requires manual verification. Recommendation: Escalate to analyst.",escalate to analyst,rule_based
Hamid Hamad Hamid Al-'ali,Hamid Hamad Hamid Miller,Hamid Hamad Hamid,DISP_SURNAME_CONFLICT,Surnames are entirely different names,"Comparing identity tokens: both client and candidate share the common first name 'Hamid Hamad Hamid'. However, the surnames are completely different: client 'Al-'ali' vs candidate 'Miller'. In identity screening, the family name is the primary differentiator, and these two surnames have zero relation. A match on a common given name alone without a matching surname is a coincidental false positive. Recommendation: Disqualify.",disqualify,rule_based
Volodymyr Mykolayovych Oliynyk,Volodymyr Mykolayovych Nakamura,Volodymyr Mykolayovych,DISP_SURNAME_CONFLICT,Surnames are entirely different names,"Comparing identity tokens: both client and candidate share the common first name 'Volodymyr Mykolayovych'. However, the surnames are completely different: client 'Oliynyk' vs candidate 'Nakamura'. In identity screening, the family name is the primary differentiator, and these two surnames have zero relation. A match on a common given name alone without a matching surname is a coincidental false positive. Recommendation: Disqualify.",disqualify,rule_based
Nazim Tofik Ogly Efendiev,Nazim Ibrahim Ogly Efendiev,Nazim Efendiev,DISP_MIDDLE_NAME_CONFLICT,Middle names are irreconcilably different,"Evaluating middle names: the first name and surname ('Nazim Efendiev') match identically. However, there is an irreconcilable discrepancy: conflicting middle name 'Ibrahim' replacing 'Tofik'. These are two entirely separate personal given names—not a nickname, abbreviation, or typing slip. When two individuals have completely different middle names, they are distinct people who happen to share a first and last name. Recommendation: Disqualify.",disqualify,rule_based
Miguel Diaz-Canel Bermudez,Miguel Ming Bermudez,Miguel Bermudez,DISP_MIDDLE_NAME_CONFLICT,Middle names are irreconcilably different,"Evaluating middle names: the first name and surname ('Miguel Bermudez') match identically. However, there is an irreconcilable discrepancy: conflicting middle name 'Ming' replacing 'Diaz-Canel'. These are two entirely separate personal given names—not a nickname, abbreviation, or typing slip. When two individuals have completely different middle names, they are distinct people who happen to share a first and last name. Recommendation: Disqualify.",disqualify,rule_based
Olga Viktorovna Shuvalova,Ogla Viktorovna Shuvalova,Viktorovna Shuvalova,DISP_MINOR_TYPO,Single character typo or keyboard slip,"Comparing the name strings: the primary identifying words 'Viktorovna Shuvalova' match identically. The candidate hit has a minor clerical difference in word 'Olga' (written as 'Ogla'), which reflects an adjacent character transposition ('lg' -> 'gl'). This is a classic typographical error resulting from fast typing or clerical transcription. Because the underlying names match closely with no conflicting family or personal names, the candidate is highly likely the same individual. Recommendation: Escalate to analyst.",escalate to analyst,rule_based
Yisra Muhammad Ibrahim Bayumi,Yisra Muhammad Ibrahim Chen,Yisra Muhammad Ibrahim,DISP_PHONETIC_SURNAME_DIVERGENCE,Surnames phonetically shifted but distinct,"Analyzing the match: the first name 'Yisra Muhammad Ibrahim' matches across both records. However, the candidate has a different family name: surname substitution from 'Bayumi' to 'Chen'. While the two surnames may sound somewhat similar or share phonetic traits, they represent distinct family heritages and legal names. A shared common first name with a diverging family name indicates two separate individuals. Recommendation: Disqualify.",disqualify,rule_based
Yelena Alekseyevna Perminova,Yelena Alekseyevna Mensah,Yelena Alekseyevna,DISP_PHONETIC_SURNAME_DIVERGENCE,Surnames phonetically shifted but distinct,"Analyzing the match: the first name 'Yelena Alekseyevna' matches across both records. However, the candidate has a different family name: surname substitution from 'Perminova' to 'Mensah'. While the two surnames may sound somewhat similar or share phonetic traits, they represent distinct family heritages and legal names. A shared common first name with a diverging family name indicates two separate individuals. Recommendation: Disqualify.",disqualify,rule_based
Se-Bong Paek,Se-Bong Michael Paek,Se-Bong Paek,DISP_MIDDLE_NAME_CONFLICT,Middle names are irreconcilably different,"Evaluating middle names: the first name and surname ('Se-Bong Paek') match identically. However, there is an irreconcilable discrepancy: introduction of a distinct middle name 'Michael'. These are two entirely separate personal given names—not a nickname, abbreviation, or typing slip. When two individuals have completely different middle names, they are distinct people who happen to share a first and last name. Recommendation: Disqualify.",disqualify,rule_based
Griselda Natividad Lopez Perez,Griselda Natividad Lopez Balogun,Griselda Natividad Lopez,DISP_PHONETIC_SURNAME_DIVERGENCE,Surnames phonetically shifted but distinct,"Analyzing the match: the first name 'Griselda Natividad Lopez' matches across both records. However, the candidate has a different family name: surname substitution from 'Perez' to 'Balogun'. While the two surnames may sound somewhat similar or share phonetic traits, they represent distinct family heritages and legal names. A shared common first name with a diverging family name indicates two separate individuals. Recommendation: Disqualify.",disqualify,rule_based
Amir Azam,Amir Chatterjee,Amir,DISP_PHONETIC_SURNAME_DIVERGENCE,Surnames phonetically shifted but distinct,"Analyzing the match: the first name 'Amir' matches across both records. However, the candidate has a different family name: surname substitution from 'Azam' to 'Chatterjee'. While the two surnames may sound somewhat similar or share phonetic traits, they represent distinct family heritages and legal names. A shared common first name with a diverging family name indicates two separate individuals. Recommendation: Disqualify.",disqualify,rule_based
Ahmed Jan Wazir,Ahmed Jan Choi,Ahmed Jan,DISP_PHONETIC_SURNAME_DIVERGENCE,Surnames phonetically shifted but distinct,"Analyzing the match: the first name 'Ahmed Jan' matches across both records. However, the candidate has a different family name: surname substitution from 'Wazir' to 'Choi'. While the two surnames may sound somewhat similar or share phonetic traits, they represent distinct family heritages and legal names. A shared common first name with a diverging family name indicates two separate individuals. Recommendation: Disqualify.",disqualify,rule_based
Anton Yuryevich Lestafye,Anton Yuryevich Dubois,Anton Yuryevich,DISP_PHONETIC_SURNAME_DIVERGENCE,Surnames phonetically shifted but distinct,"Analyzing the match: the first name 'Anton Yuryevich' matches across both records. However, the candidate has a different family name: surname substitution from 'Lestafye' to 'Dubois'. While the two surnames may sound somewhat similar or share phonetic traits, they represent distinct family heritages and legal names. A shared common first name with a diverging family name indicates two separate individuals. Recommendation: Disqualify.",disqualify,rule_based
Elvira Araujo Monzon,Elvira Araujo Chen,Elvira Araujo,DISP_PHONETIC_SURNAME_DIVERGENCE,Surnames phonetically shifted but distinct,"Analyzing the match: the first name 'Elvira Araujo' matches across both records. However, the candidate has a different family name: surname substitution from 'Monzon' to 'Chen'. While the two surnames may sound somewhat similar or share phonetic traits, they represent distinct family heritages and legal names. A shared common first name with a diverging family name indicates two separate individuals. Recommendation: Disqualify.",disqualify,rule_based
Olga Vladimirovna Korobova,Olga Vladimirovna Fischer,Olga Vladimirovna,DISP_PHONETIC_SURNAME_DIVERGENCE,Surnames phonetically shifted but distinct,"Analyzing the match: the first name 'Olga Vladimirovna' matches across both records. However, the candidate has a different family name: surname substitution from 'Korobova' to 'Fischer'. While the two surnames may sound somewhat similar or share phonetic traits, they represent distinct family heritages and legal names. A shared common first name with a diverging family name indicates two separate individuals. Recommendation: Disqualify.",disqualify,rule_based
Edgardo Leyva Escandon,Edgardo Leyva Weber,Edgardo Leyva,DISP_PHONETIC_SURNAME_DIVERGENCE,Surnames phonetically shifted but distinct,"Analyzing the match: the first name 'Edgardo Leyva' matches across both records. However, the candidate has a different family name: surname substitution from 'Escandon' to 'Weber'. While the two surnames may sound somewhat similar or share phonetic traits, they represent distinct family heritages and legal names. A shared common first name with a diverging family name indicates two separate individuals. Recommendation: Disqualify.",disqualify,rule_based
Natalya Vladimirovna Komarova,Natalya Vladimirovna Park,Natalya Vladimirovna,DISP_PHONETIC_SURNAME_DIVERGENCE,Surnames phonetically shifted but distinct,"Analyzing the match: the first name 'Natalya Vladimirovna' matches across both records. However, the candidate has a different family name: surname substitution from 'Komarova' to 'Park'. While the two surnames may sound somewhat similar or share phonetic traits, they represent distinct family heritages and legal names. A shared common first name with a diverging family name indicates two separate individuals. Recommendation: Disqualify.",disqualify,rule_based
Ye Aung,Ye Kowalski,Ye,DISP_SURNAME_CONFLICT,Surnames are entirely different names,"Comparing identity tokens: both client and candidate share the common first name 'Ye'. However, the surnames are completely different: client 'Aung' vs candidate 'Kowalski'. In identity screening, the family name is the primary differentiator, and these two surnames have zero relation. A match on a common given name alone without a matching surname is a coincidental false positive. Recommendation: Disqualify.",disqualify,rule_based
Victor Yakovlevich Grin,Victor Lucas Grin,Victor Grin,DISP_MIDDLE_NAME_CONFLICT,Middle names are irreconcilably different,"Evaluating middle names: the first name and surname ('Victor Grin') match identically. However, there is an irreconcilable discrepancy: conflicting middle name 'Lucas' replacing 'Yakovlevich'. These are two entirely separate personal given names—not a nickname, abbreviation, or typing slip. When two individuals have completely different middle names, they are distinct people who happen to share a first and last name. Recommendation: Disqualify.",disqualify,rule_based
Azam Cheema,Azam Francis Cheema,Azam Cheema,DISP_MIDDLE_NAME_CONFLICT,Middle names are irreconcilably different,"Evaluating middle names: the first name and surname ('Azam Cheema') match identically. However, there is an irreconcilable discrepancy: introduction of a distinct middle name 'Francis'. These are two entirely separate personal given names—not a nickname, abbreviation, or typing slip. When two individuals have completely different middle names, they are distinct people who happen to share a first and last name. Recommendation: Disqualify.",disqualify,rule_based
Dionicio Loya Plancarte,Dionicio Raymond Plancarte,Dionicio Plancarte,DISP_MIDDLE_NAME_CONFLICT,Middle names are irreconcilably different,"Evaluating middle names: the first name and surname ('Dionicio Plancarte') match identically. However, there is an irreconcilable discrepancy: conflicting middle name 'Raymond' replacing 'Loya'. These are two entirely separate personal given names—not a nickname, abbreviation, or typing slip. When two individuals have completely different middle names, they are distinct people who happen to share a first and last name. Recommendation: Disqualify.",disqualify,rule_based
Esperanza Maria Gonzalez Muniz,Esperanza María Gonzalez Muniz,Esperanza Gonzalez Muniz,DISP_DIACRITIC_STRIPPED,Diacritics removed from name characters,Examining the name token: client record contains 'Maria' while the candidate hit shows the accented form 'María'. This is a diacritic restoration difference—the candidate database stores the full Unicode form while the client record uses ASCII. The remaining name tokens 'Esperanza Gonzalez Muniz' are identical. This is the same individual under different character encoding standards. Recommendation: Escalate to analyst.,escalate to analyst,rule_based
Vladimir Valerievich Komlev,Vladimir Valerievich Mueller,Vladimir Valerievich,DISP_PHONETIC_SURNAME_DIVERGENCE,Surnames phonetically shifted but distinct,"Analyzing the match: the first name 'Vladimir Valerievich' matches across both records. However, the candidate has a different family name: surname substitution from 'Komlev' to 'Mueller'. While the two surnames may sound somewhat similar or share phonetic traits, they represent distinct family heritages and legal names. A shared common first name with a diverging family name indicates two separate individuals. Recommendation: Disqualify.",disqualify,rule_based
Mehdi Kammoun,Mehdi Okafor,Mehdi,DISP_SURNAME_CONFLICT,Surnames are entirely different names,"Comparing identity tokens: both client and candidate share the common first name 'Mehdi'. However, the surnames are completely different: client 'Kammoun' vs candidate 'Okafor'. In identity screening, the family name is the primary differentiator, and these two surnames have zero relation. A match on a common given name alone without a matching surname is a coincidental false positive. Recommendation: Disqualify.",disqualify,rule_based
Mohammad Abedininajafabadi,Mohammad Rashid Abedininajafabadi,Mohammad Abedininajafabadi,DISP_MIDDLE_NAME_CONFLICT,Middle names are irreconcilably different,"Evaluating middle names: the first name and surname ('Mohammad Abedininajafabadi') match identically. However, there is an irreconcilable discrepancy: introduction of a distinct middle name 'Rashid'. These are two entirely separate personal given names—not a nickname, abbreviation, or typing slip. When two individuals have completely different middle names, they are distinct people who happen to share a first and last name. Recommendation: Disqualify.",disqualify,rule_based
Aziz Salih Al-Numan,Aziz Al-Numan,Aziz Al-Numan,DISP_MIDDLE_NAME_OMITTED,Middle name absent from one record,"Reviewing the name pair: the client record contains 'Aziz Salih Al-Numan' with the middle name 'Salih', while the candidate hit shows 'Aziz Al-Numan' with the middle name omitted entirely. It is common for clients to omit middle names during onboarding due to form field constraints or personal preference, while official sanctions lists and regulatory databases include the full name. The first name and surname 'Aziz Al-Numan' are identical. The absence of a middle name is not a conflict—it is an absence of data. Recommendation: Escalate to analyst.",escalate to analyst,rule_based
Muhammed Bin-Muhammed Faris Quwaydir,Muhammed Bin-Muhammed Faris Moreau,Muhammed Bin-Muhammed Faris,DISP_PHONETIC_SURNAME_DIVERGENCE,Surnames phonetically shifted but distinct,"Analyzing the match: the first name 'Muhammed Bin-Muhammed Faris' matches across both records. However, the candidate has a different family name: surname substitution from 'Quwaydir' to 'Moreau'. While the two surnames may sound somewhat similar or share phonetic traits, they represent distinct family heritages and legal names. A shared common first name with a diverging family name indicates two separate individuals. Recommendation: Disqualify.",disqualify,rule_based
Sergei Smirnov,Smirnov Sergei,Sergei Smirnov,DISP_TOKEN_ORDER_SWAP,Name tokens in different sequence,"Evaluating word order: both records contain the exact same set of names ('Sergei Smirnov'). The variation is purely due to reversal of first name and family name order. In global screening databases, names are frequently recorded in family-name-first or given-name-first convention depending on the jurisdiction or database format. All individual name parts are fully accounted for with zero missing or conflicting names. This refers to the identical individual. Recommendation: Escalate to analyst.",escalate to analyst,rule_based
Mikhail Yuryevich Chepurnoi,Mikhail Chepurnoi,Mikhail Chepurnoi,DISP_MIDDLE_NAME_OMITTED,Middle name absent from one record,"Reviewing the name pair: the client record contains 'Mikhail Yuryevich Chepurnoi' with the middle name 'Yuryevich', while the candidate hit shows 'Mikhail Chepurnoi' with the middle name omitted entirely. It is common for clients to omit middle names during onboarding due to form field constraints or personal preference, while official sanctions lists and regulatory databases include the full name. The first name and surname 'Mikhail Chepurnoi' are identical. The absence of a middle name is not a conflict—it is an absence of data. Recommendation: Escalate to analyst.",escalate to analyst,rule_based
Luis Gerardo Flores Madrid,Luis Gerardo Flores Mwangi,Luis Gerardo Flores,DISP_PHONETIC_SURNAME_DIVERGENCE,Surnames phonetically shifted but distinct,"Analyzing the match: the first name 'Luis Gerardo Flores' matches across both records. However, the candidate has a different family name: surname substitution from 'Madrid' to 'Mwangi'. While the two surnames may sound somewhat similar or share phonetic traits, they represent distinct family heritages and legal names. A shared common first name with a diverging family name indicates two separate individuals. Recommendation: Disqualify.",disqualify,rule_based
Abdolsamad Khoramabadi,Abdolsamad Li,Abdolsamad,DISP_SURNAME_CONFLICT,Surnames are entirely different names,"Comparing identity tokens: both client and candidate share the common first name 'Abdolsamad'. However, the surnames are completely different: client 'Khoramabadi' vs candidate 'Li'. In identity screening, the family name is the primary differentiator, and these two surnames have zero relation. A match on a common given name alone without a matching surname is a coincidental false positive. Recommendation: Disqualify.",disqualify,rule_based
Vladimir Anatolievich Shamanov,Vladimir Anatolievich Chatterjee,Vladimir Anatolievich,DISP_SURNAME_CONFLICT,Surnames are entirely different names,"Comparing identity tokens: both client and candidate share the common first name 'Vladimir Anatolievich'. However, the surnames are completely different: client 'Shamanov' vs candidate 'Chatterjee'. In identity screening, the family name is the primary differentiator, and these two surnames have zero relation. A match on a common given name alone without a matching surname is a coincidental false positive. Recommendation: Disqualify.",disqualify,rule_based
Hamid Eidi Ashjerdi,Hamid Ming Ashjerdi,Hamid Ashjerdi,DISP_MIDDLE_NAME_CONFLICT,Middle names are irreconcilably different,"Evaluating middle names: the first name and surname ('Hamid Ashjerdi') match identically. However, there is an irreconcilable discrepancy: conflicting middle name 'Ming' replacing 'Eidi'. These are two entirely separate personal given names—not a nickname, abbreviation, or typing slip. When two individuals have completely different middle names, they are distinct people who happen to share a first and last name. Recommendation: Disqualify.",disqualify,rule_based
Arkady Nikolayevich Svistunov,Arkady Nikolayevich Weber,Arkady Nikolayevich,DISP_SURNAME_CONFLICT,Surnames are entirely different names,"Comparing identity tokens: both client and candidate share the common first name 'Arkady Nikolayevich'. However, the surnames are completely different: client 'Svistunov' vs candidate 'Weber'. In identity screening, the family name is the primary differentiator, and these two surnames have zero relation. A match on a common given name alone without a matching surname is a coincidental false positive. Recommendation: Disqualify.",disqualify,rule_based
Cesar Emilio Peralta,Cesar Emilio Singh,Cesar Emilio,DISP_SURNAME_CONFLICT,Surnames are entirely different names,"Comparing identity tokens: both client and candidate share the common first name 'Cesar Emilio'. However, the surnames are completely different: client 'Peralta' vs candidate 'Singh'. In identity screening, the family name is the primary differentiator, and these two surnames have zero relation. A match on a common given name alone without a matching surname is a coincidental false positive. Recommendation: Disqualify.",disqualify,rule_based
Spiro Butka,Spiro Nath Butka,Spiro Butka,DISP_MIDDLE_NAME_CONFLICT,Middle names are irreconcilably different,"Evaluating middle names: the first name and surname ('Spiro Butka') match identically. However, there is an irreconcilable discrepancy: introduction of a distinct middle name 'Nath'. These are two entirely separate personal given names—not a nickname, abbreviation, or typing slip. When two individuals have completely different middle names, they are distinct people who happen to share a first and last name. Recommendation: Disqualify.",disqualify,rule_based
Sein Win,Sein Haddad,Sein,DISP_SURNAME_CONFLICT,Surnames are entirely different names,"Comparing identity tokens: both client and candidate share the common first name 'Sein'. However, the surnames are completely different: client 'Win' vs candidate 'Haddad'. In identity screening, the family name is the primary differentiator, and these two surnames have zero relation. A match on a common given name alone without a matching surname is a coincidental false positive. Recommendation: Disqualify.",disqualify,rule_based
Mohammadreza Ali Akbari,Akbari Mohammadreza Ali,Mohammadreza Ali Akbari,DISP_TOKEN_ORDER_SWAP,Name tokens in different sequence,"Evaluating word order: both records contain the exact same set of names ('Mohammadreza Ali Akbari'). The variation is purely due to placement of the family name at the beginning of the name. In global screening databases, names are frequently recorded in family-name-first or given-name-first convention depending on the jurisdiction or database format. All individual name parts are fully accounted for with zero missing or conflicting names. This refers to the identical individual. Recommendation: Escalate to analyst.",escalate to analyst,rule_based
Anibal Vladimir Matus Buitrago,Anibal Vladikir Matus Buitrago,Anibal Matus Buitrago,DISP_MINOR_TYPO,Single character typo or keyboard slip,"Comparing the name strings: the primary identifying words 'Anibal Matus Buitrago' match identically. The candidate hit has a minor clerical difference in word 'Vladimir' (written as 'Vladikir'), which reflects an single typographical substitution ('m' -> 'k'). This is a classic typographical error resulting from fast typing or clerical transcription. Because the underlying names match closely with no conflicting family or personal names, the candidate is highly likely the same individual. Recommendation: Escalate to analyst.",escalate to analyst,rule_based
Elena Nikolaevna Kostenko,Elena N. Kostenko,Elena Kostenko,DISP_MIDDLE_NAME_ABBREVIATED,Middle name shortened to initial,"Reviewing the core identifiers: the client and candidate hit share the exact same first name and surname ('Elena Kostenko'). The only difference is the shortening of middle name 'Nikolaevna' to initial 'N.'. In banking and legal records, middle names are routinely abbreviated to initials or expanded without changing legal identity. There are no contradictory identity markers present. This requires manual verification. Recommendation: Escalate to analyst.",escalate to analyst,rule_based
Kiya Sadeghi,Kiya Chidi Sadeghi,Kiya Sadeghi,DISP_MIDDLE_NAME_CONFLICT,Middle names are irreconcilably different,"Evaluating middle names: the first name and surname ('Kiya Sadeghi') match identically. However, there is an irreconcilable discrepancy: introduction of a distinct middle name 'Chidi'. These are two entirely separate personal given names—not a nickname, abbreviation, or typing slip. When two individuals have completely different middle names, they are distinct people who happen to share a first and last name. Recommendation: Disqualify.",disqualify,rule_based
Sergey Vladimirovich Matviyenko,Sergey Vladimirovich Jeong,Sergey Vladimirovich,DISP_PHONETIC_SURNAME_DIVERGENCE,Surnames phonetically shifted but distinct,"Analyzing the match: the first name 'Sergey Vladimirovich' matches across both records. However, the candidate has a different family name: surname substitution from 'Matviyenko' to 'Jeong'. While the two surnames may sound somewhat similar or share phonetic traits, they represent distinct family heritages and legal names. A shared common first name with a diverging family name indicates two separate individuals. Recommendation: Disqualify.",disqualify,rule_based
Bladimir Humberto Lugo Armas,Bladimir Humberto Lugo Watanabe,Bladimir Humberto Lugo,DISP_SURNAME_CONFLICT,Surnames are entirely different names,"Comparing identity tokens: both client and candidate share the common first name 'Bladimir Humberto Lugo'. However, the surnames are completely different: client 'Armas' vs candidate 'Watanabe'. In identity screening, the family name is the primary differentiator, and these two surnames have zero relation. A match on a common given name alone without a matching surname is a coincidental false positive. Recommendation: Disqualify.",disqualify,rule_based
Esma'il Azizkhani,Esma'il Hansen,Esma'il,DISP_PHONETIC_SURNAME_DIVERGENCE,Surnames phonetically shifted but distinct,"Analyzing the match: the first name 'Esma'il' matches across both records. However, the candidate has a different family name: surname substitution from 'Azizkhani' to 'Hansen'. While the two surnames may sound somewhat similar or share phonetic traits, they represent distinct family heritages and legal names. A shared common first name with a diverging family name indicates two separate individuals. Recommendation: Disqualify.",disqualify,rule_based
Khin Hlaing,Khin Ito,Khin,DISP_SURNAME_CONFLICT,Surnames are entirely different names,"Comparing identity tokens: both client and candidate share the common first name 'Khin'. However, the surnames are completely different: client 'Hlaing' vs candidate 'Ito'. In identity screening, the family name is the primary differentiator, and these two surnames have zero relation. A match on a common given name alone without a matching surname is a coincidental false positive. Recommendation: Disqualify.",disqualify,rule_based
Maria Helena Ruiz Castano,Maria Helena Ruiz Nakamura,Maria Helena Ruiz,DISP_PHONETIC_SURNAME_DIVERGENCE,Surnames phonetically shifted but distinct,"Analyzing the match: the first name 'Maria Helena Ruiz' matches across both records. However, the candidate has a different family name: surname substitution from 'Castano' to 'Nakamura'. While the two surnames may sound somewhat similar or share phonetic traits, they represent distinct family heritages and legal names. A shared common first name with a diverging family name indicates two separate individuals. Recommendation: Disqualify.",disqualify,rule_based
Kamal Hussain Al Jebry,Kamal Hussain Al Jebrey,Kamal Hussain Al,DISP_PHONETIC_SURNAME_DIVERGENCE,Surnames phonetically shifted but distinct,"Analyzing the match: the first name 'Kamal Hussain Al' matches across both records. However, the candidate has a different family name: surname substitution from 'Jebry' to 'Jebrey'. While the two surnames may sound somewhat similar or share phonetic traits, they represent distinct family heritages and legal names. A shared common first name with a diverging family name indicates two separate individuals. Recommendation: Disqualify.",disqualify,rule_based
Abu Ubaydah Khayri Hafiz Al-Agha,Abu Chen Khayri Hafiz Al-Agha,Abu Al-Agha,DISP_MIDDLE_NAME_CONFLICT,Middle names are irreconcilably different,"Evaluating middle names: the first name and surname ('Abu Al-Agha') match identically. However, there is an irreconcilable discrepancy: conflicting middle name 'Chen' replacing 'Ubaydah'. These are two entirely separate personal given names—not a nickname, abbreviation, or typing slip. When two individuals have completely different middle names, they are distinct people who happen to share a first and last name. Recommendation: Disqualify.",disqualify,rule_based
Trinidad Ruelas Avila,Trinidad Ruelas Fischer,Trinidad Ruelas,DISP_PHONETIC_SURNAME_DIVERGENCE,Surnames phonetically shifted but distinct,"Analyzing the match: the first name 'Trinidad Ruelas' matches across both records. However, the candidate has a different family name: surname substitution from 'Avila' to 'Fischer'. While the two surnames may sound somewhat similar or share phonetic traits, they represent distinct family heritages and legal names. A shared common first name with a diverging family name indicates two separate individuals. Recommendation: Disqualify.",disqualify,rule_based
Lucio Ochoa Lagunes,Lucio Ochoa Weber,Lucio Ochoa,DISP_PHONETIC_SURNAME_DIVERGENCE,Surnames phonetically shifted but distinct,"Analyzing the match: the first name 'Lucio Ochoa' matches across both records. However, the candidate has a different family name: surname substitution from 'Lagunes' to 'Weber'. While the two surnames may sound somewhat similar or share phonetic traits, they represent distinct family heritages and legal names. A shared common first name with a diverging family name indicates two separate individuals. Recommendation: Disqualify.",disqualify,rule_based
Stanislav Aleksandrovich Naumov,Stanislav Aleksandrovich Wang,Stanislav Aleksandrovich,DISP_SURNAME_CONFLICT,Surnames are entirely different names,"Comparing identity tokens: both client and candidate share the common first name 'Stanislav Aleksandrovich'. However, the surnames are completely different: client 'Naumov' vs candidate 'Wang'. In identity screening, the family name is the primary differentiator, and these two surnames have zero relation. A match on a common given name alone without a matching surname is a coincidental false positive. Recommendation: Disqualify.",disqualify,rule_based
Reza Ebadzadeh Semnani,Reza Amara Semnani,Reza Semnani,DISP_MIDDLE_NAME_CONFLICT,Middle names are irreconcilably different,"Evaluating middle names: the first name and surname ('Reza Semnani') match identically. However, there is an irreconcilable discrepancy: conflicting middle name 'Amara' replacing 'Ebadzadeh'. These are two entirely separate personal given names—not a nickname, abbreviation, or typing slip. When two individuals have completely different middle names, they are distinct people who happen to share a first and last name. Recommendation: Disqualify.",disqualify,rule_based
Mohamoud Abdi Aden,Mohamoud Abdi Suzuki,Mohamoud Abdi,DISP_PHONETIC_SURNAME_DIVERGENCE,Surnames phonetically shifted but distinct,"Analyzing the match: the first name 'Mohamoud Abdi' matches across both records. However, the candidate has a different family name: surname substitution from 'Aden' to 'Suzuki'. While the two surnames may sound somewhat similar or share phonetic traits, they represent distinct family heritages and legal names. A shared common first name with a diverging family name indicates two separate individuals. Recommendation: Disqualify.",disqualify,rule_based
Mahmud Bagheri Kazemabad,Mahmud Bagheri Kuznetsov,Mahmud Bagheri,DISP_SURNAME_CONFLICT,Surnames are entirely different names,"Comparing identity tokens: both client and candidate share the common first name 'Mahmud Bagheri'. However, the surnames are completely different: client 'Kazemabad' vs candidate 'Kuznetsov'. In identity screening, the family name is the primary differentiator, and these two surnames have zero relation. A match on a common given name alone without a matching surname is a coincidental false positive. Recommendation: Disqualify.",disqualify,rule_based
Morteza Piri,Morteza Joseph Piri,Morteza Piri,DISP_MIDDLE_NAME_CONFLICT,Middle names are irreconcilably different,"Evaluating middle names: the first name and surname ('Morteza Piri') match identically. However, there is an irreconcilable discrepancy: introduction of a distinct middle name 'Joseph'. These are two entirely separate personal given names—not a nickname, abbreviation, or typing slip. When two individuals have completely different middle names, they are distinct people who happen to share a first and last name. Recommendation: Disqualify.",disqualify,rule_based
Yevgeny Khodotov,Yevgeny David Khodotov,Yevgeny Khodotov,DISP_MIDDLE_NAME_CONFLICT,Middle names are irreconcilably different,"Evaluating middle names: the first name and surname ('Yevgeny Khodotov') match identically. However, there is an irreconcilable discrepancy: introduction of a distinct middle name 'David'. These are two entirely separate personal given names—not a nickname, abbreviation, or typing slip. When two individuals have completely different middle names, they are distinct people who happen to share a first and last name. Recommendation: Disqualify.",disqualify,rule_based
Yinyin Tian,Yinyin Huang,Yinyin,DISP_PHONETIC_SURNAME_DIVERGENCE,Surnames phonetically shifted but distinct,"Analyzing the match: the first name 'Yinyin' matches across both records. However, the candidate has a different family name: surname substitution from 'Tian' to 'Huang'. While the two surnames may sound somewhat similar or share phonetic traits, they represent distinct family heritages and legal names. A shared common first name with a diverging family name indicates two separate individuals. Recommendation: Disqualify.",disqualify,rule_based
Irina Konstantinovna Rodnina,Irina Kumar Rodnina,Irina Rodnina,DISP_MIDDLE_NAME_CONFLICT,Middle names are irreconcilably different,"Evaluating middle names: the first name and surname ('Irina Rodnina') match identically. However, there is an irreconcilable discrepancy: conflicting middle name 'Kumar' replacing 'Konstantinovna'. These are two entirely separate personal given names—not a nickname, abbreviation, or typing slip. When two individuals have completely different middle names, they are distinct people who happen to share a first and last name. Recommendation: Disqualify.",disqualify,rule_based
Gilberto Gallardo Garcia,Gilberto Gallardo Wang,Gilberto Gallardo,DISP_SURNAME_CONFLICT,Surnames are entirely different names,"Comparing identity tokens: both client and candidate share the common first name 'Gilberto Gallardo'. However, the surnames are completely different: client 'Garcia' vs candidate 'Wang'. In identity screening, the family name is the primary differentiator, and these two surnames have zero relation. A match on a common given name alone without a matching surname is a coincidental false positive. Recommendation: Disqualify.",disqualify,rule_based
Maria De Jesus Espinoza Rodriguez,Maria Chen Jesus Espinoza Rodriguez,Maria Rodriguez,DISP_MIDDLE_NAME_CONFLICT,Middle names are irreconcilably different,"Evaluating middle names: the first name and surname ('Maria Rodriguez') match identically. However, there is an irreconcilable discrepancy: conflicting middle name 'Chen' replacing 'De'. These are two entirely separate personal given names—not a nickname, abbreviation, or typing slip. When two individuals have completely different middle names, they are distinct people who happen to share a first and last name. Recommendation: Disqualify.",disqualify,rule_based
Hossein Ghorbani Zahed,Hossein Ghorbani Gupta,Hossein Ghorbani,DISP_PHONETIC_SURNAME_DIVERGENCE,Surnames phonetically shifted but distinct,"Analyzing the match: the first name 'Hossein Ghorbani' matches across both records. However, the candidate has a different family name: surname substitution from 'Zahed' to 'Gupta'. While the two surnames may sound somewhat similar or share phonetic traits, they represent distinct family heritages and legal names. A shared common first name with a diverging family name indicates two separate individuals. Recommendation: Disqualify.",disqualify,rule_based
Pavel Mikhaylovich Fradkov,Pavel Mikhaylovich Nakamura,Pavel Mikhaylovich,DISP_SURNAME_CONFLICT,Surnames are entirely different names,"Comparing identity tokens: both client and candidate share the common first name 'Pavel Mikhaylovich'. However, the surnames are completely different: client 'Fradkov' vs candidate 'Nakamura'. In identity screening, the family name is the primary differentiator, and these two surnames have zero relation. A match on a common given name alone without a matching surname is a coincidental false positive. Recommendation: Disqualify.",disqualify,rule_based
Apollo Carreon Quiboloy,Apollo Carreon Zhou,Apollo Carreon,DISP_SURNAME_CONFLICT,Surnames are entirely different names,"Comparing identity tokens: both client and candidate share the common first name 'Apollo Carreon'. However, the surnames are completely different: client 'Quiboloy' vs candidate 'Zhou'. In identity screening, the family name is the primary differentiator, and these two surnames have zero relation. A match on a common given name alone without a matching surname is a coincidental false positive. Recommendation: Disqualify.",disqualify,rule_based
Otary Ionovich Arshba,Otary Ionovich Kim,Otary Ionovich,DISP_SURNAME_CONFLICT,Surnames are entirely different names,"Comparing identity tokens: both client and candidate share the common first name 'Otary Ionovich'. However, the surnames are completely different: client 'Arshba' vs candidate 'Kim'. In identity screening, the family name is the primary differentiator, and these two surnames have zero relation. A match on a common given name alone without a matching surname is a coincidental false positive. Recommendation: Disqualify.",disqualify,rule_based
Ana Cristina Arce Borboa,Ana Cristina Arce Nielsen,Ana Cristina Arce,DISP_SURNAME_CONFLICT,Surnames are entirely different names,"Comparing identity tokens: both client and candidate share the common first name 'Ana Cristina Arce'. However, the surnames are completely different: client 'Borboa' vs candidate 'Nielsen'. In identity screening, the family name is the primary differentiator, and these two surnames have zero relation. A match on a common given name alone without a matching surname is a coincidental false positive. Recommendation: Disqualify.",disqualify,rule_based
Abdul Aziz Haqqani,Abdul Aziz Kamau,Abdul Aziz,DISP_PHONETIC_SURNAME_DIVERGENCE,Surnames phonetically shifted but distinct,"Analyzing the match: the first name 'Abdul Aziz' matches across both records. However, the candidate has a different family name: surname substitution from 'Haqqani' to 'Kamau'. While the two surnames may sound somewhat similar or share phonetic traits, they represent distinct family heritages and legal names. A shared common first name with a diverging family name indicates two separate individuals. Recommendation: Disqualify.",disqualify,rule_based
Valiollah Seif,Valiollah Russo,Valiollah,DISP_SURNAME_CONFLICT,Surnames are entirely different names,"Comparing identity tokens: both client and candidate share the common first name 'Valiollah'. However, the surnames are completely different: client 'Seif' vs candidate 'Russo'. In identity screening, the family name is the primary differentiator, and these two surnames have zero relation. A match on a common given name alone without a matching surname is a coincidental false positive. Recommendation: Disqualify.",disqualify,rule_based
Sergey Pavlovich Obukhov,Sergey David Obukhov,Sergey Obukhov,DISP_MIDDLE_NAME_CONFLICT,Middle names are irreconcilably different,"Evaluating middle names: the first name and surname ('Sergey Obukhov') match identically. However, there is an irreconcilable discrepancy: conflicting middle name 'David' replacing 'Pavlovich'. These are two entirely separate personal given names—not a nickname, abbreviation, or typing slip. When two individuals have completely different middle names, they are distinct people who happen to share a first and last name. Recommendation: Disqualify.",disqualify,rule_based
Mathieu Alain Michel Philippe,Mathieu Hassan Michel Philippe,Mathieu Philippe,DISP_MIDDLE_NAME_CONFLICT,Middle names are irreconcilably different,"Evaluating middle names: the first name and surname ('Mathieu Philippe') match identically. However, there is an irreconcilable discrepancy: conflicting middle name 'Hassan' replacing 'Alain'. These are two entirely separate personal given names—not a nickname, abbreviation, or typing slip. When two individuals have completely different middle names, they are distinct people who happen to share a first and last name. Recommendation: Disqualify.",disqualify,rule_based
Milanka Milosevic,Milanka Prakash Milosevic,Milanka Milosevic,DISP_MIDDLE_NAME_CONFLICT,Middle names are irreconcilably different,"Evaluating middle names: the first name and surname ('Milanka Milosevic') match identically. However, there is an irreconcilable discrepancy: introduction of a distinct middle name 'Prakash'. These are two entirely separate personal given names—not a nickname, abbreviation, or typing slip. When two individuals have completely different middle names, they are distinct people who happen to share a first and last name. Recommendation: Disqualify.",disqualify,rule_based
Mohammad Bagher Shirinkar,Mohammad Bagher Bianchi,Mohammad Bagher,DISP_PHONETIC_SURNAME_DIVERGENCE,Surnames phonetically shifted but distinct,"Analyzing the match: the first name 'Mohammad Bagher' matches across both records. However, the candidate has a different family name: surname substitution from 'Shirinkar' to 'Bianchi'. While the two surnames may sound somewhat similar or share phonetic traits, they represent distinct family heritages and legal names. A shared common first name with a diverging family name indicates two separate individuals. Recommendation: Disqualify.",disqualify,rule_based
Grigoriy Alexeyevich Rapota,Rapota Grigoriy Alexeyevich,Grigoriy Alexeyevich Rapota,DISP_TOKEN_ORDER_SWAP,Name tokens in different sequence,"Evaluating word order: both records contain the exact same set of names ('Grigoriy Alexeyevich Rapota'). The variation is purely due to placement of the family name at the beginning of the name. In global screening databases, names are frequently recorded in family-name-first or given-name-first convention depending on the jurisdiction or database format. All individual name parts are fully accounted for with zero missing or conflicting names. This refers to the identical individual. Recommendation: Escalate to analyst.",escalate to analyst,rule_based
Hala Saddam Hussein Al-Tikriti,Hala Saddam Hussen Al-Tikriti,Hala Saddam Al-Tikriti,DISP_MINOR_TYPO,Single character typo or keyboard slip,"Comparing the name strings: the primary identifying words 'Hala Saddam Al-Tikriti' match identically. The candidate hit has a minor clerical difference in word 'Hussein' (written as 'Hussen'), which reflects an single typographical omission of character 'i'. This is a classic typographical error resulting from fast typing or clerical transcription. Because the underlying names match closely with no conflicting family or personal names, the candidate is highly likely the same individual. Recommendation: Escalate to analyst.",escalate to analyst,rule_based
Pouria Mirdamadi,Pouria Singh,Pouria,DISP_PHONETIC_SURNAME_DIVERGENCE,Surnames phonetically shifted but distinct,"Analyzing the match: the first name 'Pouria' matches across both records. However, the candidate has a different family name: surname substitution from 'Mirdamadi' to 'Singh'. While the two surnames may sound somewhat similar or share phonetic traits, they represent distinct family heritages and legal names. A shared common first name with a diverging family name indicates two separate individuals. Recommendation: Disqualify.",disqualify,rule_based
Vyacheslav Vladimirovich Gladkov,Vyacheslav Vladimirovich Ivanov,Vyacheslav Vladimirovich,DISP_PHONETIC_SURNAME_DIVERGENCE,Surnames phonetically shifted but distinct,"Analyzing the match: the first name 'Vyacheslav Vladimirovich' matches across both records. However, the candidate has a different family name: surname substitution from 'Gladkov' to 'Ivanov'. While the two surnames may sound somewhat similar or share phonetic traits, they represent distinct family heritages and legal names. A shared common first name with a diverging family name indicates two separate individuals. Recommendation: Disqualify.",disqualify,rule_based
Xinrong Zhuo,Xinrong Zuo,Xinrong,DISP_MINOR_TYPO,Single character typo or keyboard slip,"Comparing the name strings: the primary identifying words 'Xinrong' match identically. The candidate hit has a minor clerical difference in word 'Zhuo' (written as 'Zuo'), which reflects an single typographical omission of character 'h'. This is a classic typographical error resulting from fast typing or clerical transcription. Because the underlying names match closely with no conflicting family or personal names, the candidate is highly likely the same individual. Recommendation: Escalate to analyst.",escalate to analyst,rule_based
Radiy Faritovich Khabirov,Radiy Faritovich Zhou,Radiy Faritovich,DISP_PHONETIC_SURNAME_DIVERGENCE,Surnames phonetically shifted but distinct,"Analyzing the match: the first name 'Radiy Faritovich' matches across both records. However, the candidate has a different family name: surname substitution from 'Khabirov' to 'Zhou'. While the two surnames may sound somewhat similar or share phonetic traits, they represent distinct family heritages and legal names. A shared common first name with a diverging family name indicates two separate individuals. Recommendation: Disqualify.",disqualify,rule_based
Sara Maria Gonzales Garbancho De Zevallos,Sara Hamza Gonzales Garbancho De Zevallos,Sara Zevallos,DISP_MIDDLE_NAME_CONFLICT,Middle names are irreconcilably different,"Evaluating middle names: the first name and surname ('Sara Zevallos') match identically. However, there is an irreconcilable discrepancy: conflicting middle name 'Hamza' replacing 'Maria'. These are two entirely separate personal given names—not a nickname, abbreviation, or typing slip. When two individuals have completely different middle names, they are distinct people who happen to share a first and last name. Recommendation: Disqualify.",disqualify,rule_based
Milad Jafari,Milad Nielsen,Milad,DISP_SURNAME_CONFLICT,Surnames are entirely different names,"Comparing identity tokens: both client and candidate share the common first name 'Milad'. However, the surnames are completely different: client 'Jafari' vs candidate 'Nielsen'. In identity screening, the family name is the primary differentiator, and these two surnames have zero relation. A match on a common given name alone without a matching surname is a coincidental false positive. Recommendation: Disqualify.",disqualify,rule_based
Abubakar Shekau,Abubakar Yang,Abubakar,DISP_SURNAME_CONFLICT,Surnames are entirely different names,"Comparing identity tokens: both client and candidate share the common first name 'Abubakar'. However, the surnames are completely different: client 'Shekau' vs candidate 'Yang'. In identity screening, the family name is the primary differentiator, and these two surnames have zero relation. A match on a common given name alone without a matching surname is a coincidental false positive. Recommendation: Disqualify.",disqualify,rule_based
Yuequn Zhu,Yuequn Kim,Yuequn,DISP_SURNAME_CONFLICT,Surnames are entirely different names,"Comparing identity tokens: both client and candidate share the common first name 'Yuequn'. However, the surnames are completely different: client 'Zhu' vs candidate 'Kim'. In identity screening, the family name is the primary differentiator, and these two surnames have zero relation. A match on a common given name alone without a matching surname is a coincidental false positive. Recommendation: Disqualify.",disqualify,rule_based
Joana Dominguez Aguilera,Joana Dominguez Weber,Joana Dominguez,DISP_PHONETIC_SURNAME_DIVERGENCE,Surnames phonetically shifted but distinct,"Analyzing the match: the first name 'Joana Dominguez' matches across both records. However, the candidate has a different family name: surname substitution from 'Aguilera' to 'Weber'. While the two surnames may sound somewhat similar or share phonetic traits, they represent distinct family heritages and legal names. A shared common first name with a diverging family name indicates two separate individuals. Recommendation: Disqualify.",disqualify,rule_based
Ilya Andreevich Gambashidze,Gambashidze Ilya Andreevich,Ilya Andreevich Gambashidze,DISP_TOKEN_ORDER_SWAP,Name tokens in different sequence,"Evaluating word order: both records contain the exact same set of names ('Ilya Andreevich Gambashidze'). The variation is purely due to placement of the family name at the beginning of the name. In global screening databases, names are frequently recorded in family-name-first or given-name-first convention depending on the jurisdiction or database format. All individual name parts are fully accounted for with zero missing or conflicting names. This refers to the identical individual. Recommendation: Escalate to analyst.",escalate to analyst,rule_based
Edin Gacanin,Gacanin Edin,Edin Gacanin,DISP_TOKEN_ORDER_SWAP,Name tokens in different sequence,"Evaluating word order: both records contain the exact same set of names ('Edin Gacanin'). The variation is purely due to reversal of first name and family name order. In global screening databases, names are frequently recorded in family-name-first or given-name-first convention depending on the jurisdiction or database format. All individual name parts are fully accounted for with zero missing or conflicting names. This refers to the identical individual. Recommendation: Escalate to analyst.",escalate to analyst,rule_based
Andrey Yuryevich Vorobyev,Andrey Yuryevich Liu,Andrey Yuryevich,DISP_PHONETIC_SURNAME_DIVERGENCE,Surnames phonetically shifted but distinct,"Analyzing the match: the first name 'Andrey Yuryevich' matches across both records. However, the candidate has a different family name: surname substitution from 'Vorobyev' to 'Liu'. While the two surnames may sound somewhat similar or share phonetic traits, they represent distinct family heritages and legal names. A shared common first name with a diverging family name indicates two separate individuals. Recommendation: Disqualify.",disqualify,rule_based
Tianfeng Guan,Tianfeng Arthur Guan,Tianfeng Guan,DISP_MIDDLE_NAME_CONFLICT,Middle names are irreconcilably different,"Evaluating middle names: the first name and surname ('Tianfeng Guan') match identically. However, there is an irreconcilable discrepancy: introduction of a distinct middle name 'Arthur'. These are two entirely separate personal given names—not a nickname, abbreviation, or typing slip. When two individuals have completely different middle names, they are distinct people who happen to share a first and last name. Recommendation: Disqualify.",disqualify,rule_based
Qahtan Khalil,Khalil Qahtan,Qahtan Khalil,DISP_TOKEN_ORDER_SWAP,Name tokens in different sequence,"Evaluating word order: both records contain the exact same set of names ('Qahtan Khalil'). The variation is purely due to reversal of first name and family name order. In global screening databases, names are frequently recorded in family-name-first or given-name-first convention depending on the jurisdiction or database format. All individual name parts are fully accounted for with zero missing or conflicting names. This refers to the identical individual. Recommendation: Escalate to analyst.",escalate to analyst,rule_based
Mohammad Nazar Azimi,Mohammad Nazar Aziim,Mohammad Nazar,DISP_MINOR_TYPO,Single character typo or keyboard slip,"Comparing the name strings: the primary identifying words 'Mohammad Nazar' match identically. The candidate hit has a minor clerical difference in word 'Azimi' (written as 'Aziim'), which reflects an adjacent character transposition ('mi' -> 'im'). This is a classic typographical error resulting from fast typing or clerical transcription. Because the underlying names match closely with no conflicting family or personal names, the candidate is highly likely the same individual. Recommendation: Escalate to analyst.",escalate to analyst,rule_based
Ezzatollah Zarghami,Ezzatollah Williams,Ezzatollah,DISP_PHONETIC_SURNAME_DIVERGENCE,Surnames phonetically shifted but distinct,"Analyzing the match: the first name 'Ezzatollah' matches across both records. However, the candidate has a different family name: surname substitution from 'Zarghami' to 'Williams'. While the two surnames may sound somewhat similar or share phonetic traits, they represent distinct family heritages and legal names. A shared common first name with a diverging family name indicates two separate individuals. Recommendation: Disqualify.",disqualify,rule_based
Khalid Al-Barnawi,Khaled Al-Barnawi,Al-Barnawi,DISP_TRANSLITERATION_VARIANT,"Same name, different transliteration standard","Reviewing the name pair: 'Khalid' in the client record and 'Khaled' in the candidate hit. These are recognised transliteration variants of the same name under different international romanisation standards. The remaining name tokens 'Al-Barnawi' match exactly. Given the well-documented variation in how this name is romanised across jurisdictions and databases, these are the same individual recorded under different transliteration conventions. Recommendation: Escalate to analyst.",escalate to analyst,rule_based
Faysal Ahmad 'Ali Al-Zahrani,Al-Zahrani Faysal Ahmad 'Ali,Faysal Ahmad 'Ali Al-Zahrani,DISP_TOKEN_ORDER_SWAP,Name tokens in different sequence,"Evaluating word order: both records contain the exact same set of names ('Faysal Ahmad 'Ali Al-Zahrani'). The variation is purely due to placement of the family name at the beginning of the name. In global screening databases, names are frequently recorded in family-name-first or given-name-first convention depending on the jurisdiction or database format. All individual name parts are fully accounted for with zero missing or conflicting names. This refers to the identical individual. Recommendation: Escalate to analyst.",escalate to analyst,rule_based
Abdulkhakim Kutbudinovich Gadzhiyev,Abdulkhakim Babatunde Gadzhiyev,Abdulkhakim Gadzhiyev,DISP_MIDDLE_NAME_CONFLICT,Middle names are irreconcilably different,"Evaluating middle names: the first name and surname ('Abdulkhakim Gadzhiyev') match identically. However, there is an irreconcilable discrepancy: conflicting middle name 'Babatunde' replacing 'Kutbudinovich'. These are two entirely separate personal given names—not a nickname, abbreviation, or typing slip. When two individuals have completely different middle names, they are distinct people who happen to share a first and last name. Recommendation: Disqualify.",disqualify,rule_based
Amirhossein Safari,Amirhossein Nath Safari,Amirhossein Safari,DISP_MIDDLE_NAME_CONFLICT,Middle names are irreconcilably different,"Evaluating middle names: the first name and surname ('Amirhossein Safari') match identically. However, there is an irreconcilable discrepancy: introduction of a distinct middle name 'Nath'. These are two entirely separate personal given names—not a nickname, abbreviation, or typing slip. When two individuals have completely different middle names, they are distinct people who happen to share a first and last name. Recommendation: Disqualify.",disqualify,rule_based
Vitaly Viktorovich Bakhmetyev,Vitaly Viktorovich Lindqvist,Vitaly Viktorovich,DISP_SURNAME_CONFLICT,Surnames are entirely different names,"Comparing identity tokens: both client and candidate share the common first name 'Vitaly Viktorovich'. However, the surnames are completely different: client 'Bakhmetyev' vs candidate 'Lindqvist'. In identity screening, the family name is the primary differentiator, and these two surnames have zero relation. A match on a common given name alone without a matching surname is a coincidental false positive. Recommendation: Disqualify.",disqualify,rule_based
Slobodan Milosevic,Slobodan Lee,Slobodan,DISP_PHONETIC_SURNAME_DIVERGENCE,Surnames phonetically shifted but distinct,"Analyzing the match: the first name 'Slobodan' matches across both records. However, the candidate has a different family name: surname substitution from 'Milosevic' to 'Lee'. While the two surnames may sound somewhat similar or share phonetic traits, they represent distinct family heritages and legal names. A shared common first name with a diverging family name indicates two separate individuals. Recommendation: Disqualify.",disqualify,rule_based
Saw Htoo Eh Moo,Saw Htoo Eh Haddad,Saw Htoo Eh,DISP_PHONETIC_SURNAME_DIVERGENCE,Surnames phonetically shifted but distinct,"Analyzing the match: the first name 'Saw Htoo Eh' matches across both records. However, the candidate has a different family name: surname substitution from 'Moo' to 'Haddad'. While the two surnames may sound somewhat similar or share phonetic traits, they represent distinct family heritages and legal names. A shared common first name with a diverging family name indicates two separate individuals. Recommendation: Disqualify.",disqualify,rule_based
Alexander Aleksandrovich Remezkov,Alexander Aleksandrovich Lindqvist,Alexander Aleksandrovich,DISP_PHONETIC_SURNAME_DIVERGENCE,Surnames phonetically shifted but distinct,"Analyzing the match: the first name 'Alexander Aleksandrovich' matches across both records. However, the candidate has a different family name: surname substitution from 'Remezkov' to 'Lindqvist'. While the two surnames may sound somewhat similar or share phonetic traits, they represent distinct family heritages and legal names. A shared common first name with a diverging family name indicates two separate individuals. Recommendation: Disqualify.",disqualify,rule_based
Denis Igorevich Kuzmin,Denis James Kuzmin,Denis Kuzmin,DISP_MIDDLE_NAME_CONFLICT,Middle names are irreconcilably different,"Evaluating middle names: the first name and surname ('Denis Kuzmin') match identically. However, there is an irreconcilable discrepancy: conflicting middle name 'James' replacing 'Igorevich'. These are two entirely separate personal given names—not a nickname, abbreviation, or typing slip. When two individuals have completely different middle names, they are distinct people who happen to share a first and last name. Recommendation: Disqualify.",disqualify,rule_based
Georgios Tsoris,Georgios Tsrois,Georgios,DISP_MINOR_TYPO,Single character typo or keyboard slip,"Comparing the name strings: the primary identifying words 'Georgios' match identically. The candidate hit has a minor clerical difference in word 'Tsoris' (written as 'Tsrois'), which reflects an adjacent character transposition ('or' -> 'ro'). This is a classic typographical error resulting from fast typing or clerical transcription. Because the underlying names match closely with no conflicting family or personal names, the candidate is highly likely the same individual. Recommendation: Escalate to analyst.",escalate to analyst,rule_based
Ahmed Abdi Aw-Mohamed,Aw-Mohamed Ahmed Abdi,Ahmed Abdi Aw-Mohamed,DISP_TOKEN_ORDER_SWAP,Name tokens in different sequence,"Evaluating word order: both records contain the exact same set of names ('Ahmed Abdi Aw-Mohamed'). The variation is purely due to placement of the family name at the beginning of the name. In global screening databases, names are frequently recorded in family-name-first or given-name-first convention depending on the jurisdiction or database format. All individual name parts are fully accounted for with zero missing or conflicting names. This refers to the identical individual. Recommendation: Escalate to analyst.",escalate to analyst,rule_based
Haji Agha Jan Alizai,Haji Agha Jann Alizai,Haji Agha Alizai,DISP_MINOR_TYPO,Single character typo or keyboard slip,"Comparing the name strings: the primary identifying words 'Haji Agha Alizai' match identically. The candidate hit has a minor clerical difference in word 'Jan' (written as 'Jann'), which reflects an single typographical character append. This is a classic typographical error resulting from fast typing or clerical transcription. Because the underlying names match closely with no conflicting family or personal names, the candidate is highly likely the same individual. Recommendation: Escalate to analyst.",escalate to analyst,rule_based
Piedad Velez Rengifo,Piedad Velez Rengjfo,Piedad Velez,DISP_MINOR_TYPO,Single character typo or keyboard slip,"Comparing the name strings: the primary identifying words 'Piedad Velez' match identically. The candidate hit has a minor clerical difference in word 'Rengifo' (written as 'Rengjfo'), which reflects an single typographical substitution ('i' -> 'j'). This is a classic typographical error resulting from fast typing or clerical transcription. Because the underlying names match closely with no conflicting family or personal names, the candidate is highly likely the same individual. Recommendation: Escalate to analyst.",escalate to analyst,rule_based
Igor Olegovich Shchegolev,Igor Olegovich Yoon,Igor Olegovich,DISP_SURNAME_CONFLICT,Surnames are entirely different names,"Comparing identity tokens: both client and candidate share the common first name 'Igor Olegovich'. However, the surnames are completely different: client 'Shchegolev' vs candidate 'Yoon'. In identity screening, the family name is the primary differentiator, and these two surnames have zero relation. A match on a common given name alone without a matching surname is a coincidental false positive. Recommendation: Disqualify.",disqualify,rule_based
Azamat Safarov,Azamat Lee,Azamat,DISP_PHONETIC_SURNAME_DIVERGENCE,Surnames phonetically shifted but distinct,"Analyzing the match: the first name 'Azamat' matches across both records. However, the candidate has a different family name: surname substitution from 'Safarov' to 'Lee'. While the two surnames may sound somewhat similar or share phonetic traits, they represent distinct family heritages and legal names. A shared common first name with a diverging family name indicates two separate individuals. Recommendation: Disqualify.",disqualify,rule_based
Vladimir Ivanovich Yakunin,Vladimir Ivanovich Takahashi,Vladimir Ivanovich,DISP_PHONETIC_SURNAME_DIVERGENCE,Surnames phonetically shifted but distinct,"Analyzing the match: the first name 'Vladimir Ivanovich' matches across both records. However, the candidate has a different family name: surname substitution from 'Yakunin' to 'Takahashi'. While the two surnames may sound somewhat similar or share phonetic traits, they represent distinct family heritages and legal names. A shared common first name with a diverging family name indicates two separate individuals. Recommendation: Disqualify.",disqualify,rule_based
Carmine Zagaria,Carmine Khalid Zagaria,Carmine Zagaria,DISP_MIDDLE_NAME_CONFLICT,Middle names are irreconcilably different,"Evaluating middle names: the first name and surname ('Carmine Zagaria') match identically. However, there is an irreconcilable discrepancy: introduction of a distinct middle name 'Khalid'. These are two entirely separate personal given names—not a nickname, abbreviation, or typing slip. When two individuals have completely different middle names, they are distinct people who happen to share a first and last name. Recommendation: Disqualify.",disqualify,rule_based
Rana Saddam Hussein Al-Tikriti,Rana S. Hussein Al-Tikriti,Rana Al-Tikriti,DISP_MIDDLE_NAME_ABBREVIATED,Middle name shortened to initial,"Reviewing the core identifiers: the client and candidate hit share the exact same first name and surname ('Rana Al-Tikriti'). The only difference is the shortening of middle name 'Saddam' to initial 'S.'. In banking and legal records, middle names are routinely abbreviated to initials or expanded without changing legal identity. There are no contradictory identity markers present. This requires manual verification. Recommendation: Escalate to analyst.",escalate to analyst,rule_based
Il-Nam Kim,Il-Nam Woo Kim,Il-Nam Kim,DISP_MIDDLE_NAME_CONFLICT,Middle names are irreconcilably different,"Evaluating middle names: the first name and surname ('Il-Nam Kim') match identically. However, there is an irreconcilable discrepancy: introduction of a distinct middle name 'Woo'. These are two entirely separate personal given names—not a nickname, abbreviation, or typing slip. When two individuals have completely different middle names, they are distinct people who happen to share a first and last name. Recommendation: Disqualify.",disqualify,rule_based
Vahid Qayumi,Vahid Popov,Vahid,DISP_PHONETIC_SURNAME_DIVERGENCE,Surnames phonetically shifted but distinct,"Analyzing the match: the first name 'Vahid' matches across both records. However, the candidate has a different family name: surname substitution from 'Qayumi' to 'Popov'. While the two surnames may sound somewhat similar or share phonetic traits, they represent distinct family heritages and legal names. A shared common first name with a diverging family name indicates two separate individuals. Recommendation: Disqualify.",disqualify,rule_based
Mirza Kezevadze,Mirza Mohan Kezevadze,Mirza Kezevadze,DISP_MIDDLE_NAME_CONFLICT,Middle names are irreconcilably different,"Evaluating middle names: the first name and surname ('Mirza Kezevadze') match identically. However, there is an irreconcilable discrepancy: introduction of a distinct middle name 'Mohan'. These are two entirely separate personal given names—not a nickname, abbreviation, or typing slip. When two individuals have completely different middle names, they are distinct people who happen to share a first and last name. Recommendation: Disqualify.",disqualify,rule_based
Zahra Pourfarzaneh,Zahra Omar Pourfarzaneh,Zahra Pourfarzaneh,DISP_MIDDLE_NAME_CONFLICT,Middle names are irreconcilably different,"Evaluating middle names: the first name and surname ('Zahra Pourfarzaneh') match identically. However, there is an irreconcilable discrepancy: introduction of a distinct middle name 'Omar'. These are two entirely separate personal given names—not a nickname, abbreviation, or typing slip. When two individuals have completely different middle names, they are distinct people who happen to share a first and last name. Recommendation: Disqualify.",disqualify,rule_based
Bashar Al-Assad,Bashar Q. Al-Assad,Bashar Al-Assad,DISP_MIDDLE_NAME_OMITTED,Middle name absent from one record,"Reviewing the core identifiers: the client and candidate hit share the exact same first name and surname ('Bashar Al-Assad'). The only difference is the addition of middle initial 'Q.'. In banking and legal records, middle names are routinely abbreviated to initials or expanded without changing legal identity. There are no contradictory identity markers present. This requires manual verification. Recommendation: Escalate to analyst.",escalate to analyst,rule_based
Hamed Dehghan,Hamed Popov,Hamed,DISP_SURNAME_CONFLICT,Surnames are entirely different names,"Comparing identity tokens: both client and candidate share the common first name 'Hamed'. However, the surnames are completely different: client 'Dehghan' vs candidate 'Popov'. In identity screening, the family name is the primary differentiator, and these two surnames have zero relation. A match on a common given name alone without a matching surname is a coincidental false positive. Recommendation: Disqualify.",disqualify,rule_based
Sergey Aleksandrovich Yershov,Sergey Aleksandrovich Chen,Sergey Aleksandrovich,DISP_SURNAME_CONFLICT,Surnames are entirely different names,"Comparing identity tokens: both client and candidate share the common first name 'Sergey Aleksandrovich'. However, the surnames are completely different: client 'Yershov' vs candidate 'Chen'. In identity screening, the family name is the primary differentiator, and these two surnames have zero relation. A match on a common given name alone without a matching surname is a coincidental false positive. Recommendation: Disqualify.",disqualify,rule_based
Irina Anatolyevna Ageeva,Irina Babatunde Ageeva,Irina Ageeva,DISP_MIDDLE_NAME_CONFLICT,Middle names are irreconcilably different,"Evaluating middle names: the first name and surname ('Irina Ageeva') match identically. However, there is an irreconcilable discrepancy: conflicting middle name 'Babatunde' replacing 'Anatolyevna'. These are two entirely separate personal given names—not a nickname, abbreviation, or typing slip. When two individuals have completely different middle names, they are distinct people who happen to share a first and last name. Recommendation: Disqualify.",disqualify,rule_based
Najmuddin Faraj Ahmad,Najmuddni Faraj Ahmad,Faraj Ahmad,DISP_MINOR_TYPO,Single character typo or keyboard slip,"Comparing the name strings: the primary identifying words 'Faraj Ahmad' match identically. The candidate hit has a minor clerical difference in word 'Najmuddin' (written as 'Najmuddni'), which reflects an adjacent character transposition ('in' -> 'ni'). This is a classic typographical error resulting from fast typing or clerical transcription. Because the underlying names match closely with no conflicting family or personal names, the candidate is highly likely the same individual. Recommendation: Escalate to analyst.",escalate to analyst,rule_based
Muhammad Abd Al-Karim Al-Ghamari,Muhammad Abd Al-Karim Ivanov,Muhammad Abd Al-Karim,DISP_PHONETIC_SURNAME_DIVERGENCE,Surnames phonetically shifted but distinct,"Analyzing the match: the first name 'Muhammad Abd Al-Karim' matches across both records. However, the candidate has a different family name: surname substitution from 'Al-Ghamari' to 'Ivanov'. While the two surnames may sound somewhat similar or share phonetic traits, they represent distinct family heritages and legal names. A shared common first name with a diverging family name indicates two separate individuals. Recommendation: Disqualify.",disqualify,rule_based
Umar Siddique Kathio Azmarai,Umar Amara Kathio Azmarai,Umar Azmarai,DISP_MIDDLE_NAME_CONFLICT,Middle names are irreconcilably different,"Evaluating middle names: the first name and surname ('Umar Azmarai') match identically. However, there is an irreconcilable discrepancy: conflicting middle name 'Amara' replacing 'Siddique'. These are two entirely separate personal given names—not a nickname, abbreviation, or typing slip. When two individuals have completely different middle names, they are distinct people who happen to share a first and last name. Recommendation: Disqualify.",disqualify,rule_based
Ajmal Rahmani,Ajmal Alexander Rahmani,Ajmal Rahmani,DISP_MIDDLE_NAME_CONFLICT,Middle names are irreconcilably different,"Evaluating middle names: the first name and surname ('Ajmal Rahmani') match identically. However, there is an irreconcilable discrepancy: introduction of a distinct middle name 'Alexander'. These are two entirely separate personal given names—not a nickname, abbreviation, or typing slip. When two individuals have completely different middle names, they are distinct people who happen to share a first and last name. Recommendation: Disqualify.",disqualify,rule_based
Un Hyok Choe,Un Hyok Chke,Un Hyok,DISP_MINOR_TYPO,Single character typo or keyboard slip,"Comparing the name strings: the primary identifying words 'Un Hyok' match identically. The candidate hit has a minor clerical difference in word 'Choe' (written as 'Chke'), which reflects an single typographical substitution ('o' -> 'k'). This is a classic typographical error resulting from fast typing or clerical transcription. Because the underlying names match closely with no conflicting family or personal names, the candidate is highly likely the same individual. Recommendation: Escalate to analyst.",escalate to analyst,rule_based
Valery Valerievich Ivankovich,Valery Valerievich Smirnov,Valery Valerievich,DISP_PHONETIC_SURNAME_DIVERGENCE,Surnames phonetically shifted but distinct,"Analyzing the match: the first name 'Valery Valerievich' matches across both records. However, the candidate has a different family name: surname substitution from 'Ivankovich' to 'Smirnov'. While the two surnames may sound somewhat similar or share phonetic traits, they represent distinct family heritages and legal names. A shared common first name with a diverging family name indicates two separate individuals. Recommendation: Disqualify.",disqualify,rule_based
Johana Vanessa Flores Jimenez,Johana Hamza Flores Jimenez,Johana Jimenez,DISP_MIDDLE_NAME_CONFLICT,Middle names are irreconcilably different,"Evaluating middle names: the first name and surname ('Johana Jimenez') match identically. However, there is an irreconcilable discrepancy: conflicting middle name 'Hamza' replacing 'Vanessa'. These are two entirely separate personal given names—not a nickname, abbreviation, or typing slip. When two individuals have completely different middle names, they are distinct people who happen to share a first and last name. Recommendation: Disqualify.",disqualify,rule_based
Ali Akbar Velayati,Ali Akbar Rodriguez,Ali Akbar,DISP_PHONETIC_SURNAME_DIVERGENCE,Surnames phonetically shifted but distinct,"Analyzing the match: the first name 'Ali Akbar' matches across both records. However, the candidate has a different family name: surname substitution from 'Velayati' to 'Rodriguez'. While the two surnames may sound somewhat similar or share phonetic traits, they represent distinct family heritages and legal names. A shared common first name with a diverging family name indicates two separate individuals. Recommendation: Disqualify.",disqualify,rule_based
Jurga Karpe,Jurga Kumar,Jurga,DISP_PHONETIC_SURNAME_DIVERGENCE,Surnames phonetically shifted but distinct,"Analyzing the match: the first name 'Jurga' matches across both records. However, the candidate has a different family name: surname substitution from 'Karpe' to 'Kumar'. While the two surnames may sound somewhat similar or share phonetic traits, they represent distinct family heritages and legal names. A shared common first name with a diverging family name indicates two separate individuals. Recommendation: Disqualify.",disqualify,rule_based
Alexei Vladimirovich Sinitsyn,Alexei Vladimirovich Takahashi,Alexei Vladimirovich,DISP_PHONETIC_SURNAME_DIVERGENCE,Surnames phonetically shifted but distinct,"Analyzing the match: the first name 'Alexei Vladimirovich' matches across both records. However, the candidate has a different family name: surname substitution from 'Sinitsyn' to 'Takahashi'. While the two surnames may sound somewhat similar or share phonetic traits, they represent distinct family heritages and legal names. A shared common first name with a diverging family name indicates two separate individuals. Recommendation: Disqualify.",disqualify,rule_based
Sholban Valerievich Kara-Ool,Sholban Valerievich Ivanov,Sholban Valerievich,DISP_SURNAME_CONFLICT,Surnames are entirely different names,"Comparing identity tokens: both client and candidate share the common first name 'Sholban Valerievich'. However, the surnames are completely different: client 'Kara-Ool' vs candidate 'Ivanov'. In identity screening, the family name is the primary differentiator, and these two surnames have zero relation. A match on a common given name alone without a matching surname is a coincidental false positive. Recommendation: Disqualify.",disqualify,rule_based
Mohammad Reza Moaref Jahromi,Mohammad Reza Moaref Mwangi,Mohammad Reza Moaref,DISP_SURNAME_CONFLICT,Surnames are entirely different names,"Comparing identity tokens: both client and candidate share the common first name 'Mohammad Reza Moaref'. However, the surnames are completely different: client 'Jahromi' vs candidate 'Mwangi'. In identity screening, the family name is the primary differentiator, and these two surnames have zero relation. A match on a common given name alone without a matching surname is a coincidental false positive. Recommendation: Disqualify.",disqualify,rule_based
Sergei Alekseevich Bobkov,Sergei Alekseevich Kowalski,Sergei Alekseevich,DISP_SURNAME_CONFLICT,Surnames are entirely different names,"Comparing identity tokens: both client and candidate share the common first name 'Sergei Alekseevich'. However, the surnames are completely different: client 'Bobkov' vs candidate 'Kowalski'. In identity screening, the family name is the primary differentiator, and these two surnames have zero relation. A match on a common given name alone without a matching surname is a coincidental false positive. Recommendation: Disqualify.",disqualify,rule_based
Fadi Abbas Saad,Fadi Abbas Ivanov,Fadi Abbas,DISP_SURNAME_CONFLICT,Surnames are entirely different names,"Comparing identity tokens: both client and candidate share the common first name 'Fadi Abbas'. However, the surnames are completely different: client 'Saad' vs candidate 'Ivanov'. In identity screening, the family name is the primary differentiator, and these two surnames have zero relation. A match on a common given name alone without a matching surname is a coincidental false positive. Recommendation: Disqualify.",disqualify,rule_based
Mohamad Noureddine,Noureddine Mohamad,Mohamad Noureddine,DISP_TOKEN_ORDER_SWAP,Name tokens in different sequence,"I am comparing the Client Name 'Mohamad Noureddine' against the Candidate Hit Name 'Noureddine Mohamad'. I observe that both records contain the exact same two name tokens: 'Mohamad' and 'Noureddine'. The only difference is the sequence in which they appear. In the client record, 'Mohamad' is the first token and 'Noureddine' is the second; in the hit record, this order is reversed. This is a common occurrence in global screening where some databases record names as [Given Name, Surname] and others as [Surname, Given Name]. Because the tokens are identical and only the order differs, this is a clear match.",escalate to analyst,ollama
Ali Houssein Harb,Ali Houssein Fischer,Ali Houssein,DISP_SURNAME_CONFLICT,Surnames are entirely different names,"I am comparing the client 'Ali Houssein Harb' against the hit 'Ali Houssein Fischer'. Breaking these down token by token: the first name 'Ali' matches exactly, and the middle name 'Houssein' matches exactly. However, when I look at the surnames, 'Harb' and 'Fischer' are entirely different names with no phonetic, transliterative, or clerical relationship. They are distinct family names from different linguistic origins. Because the surnames are irreconcilably different, these two records represent two distinct individuals who happen to share a common first and middle name.",disqualify,ollama
Boris Olegovich Komotsky,Boris Olegovich Komotskey,Boris Olegovich Komotsk,DISP_PHONETIC_SURNAME_DIVERGENCE,Surnames phonetically shifted but distinct,"I am comparing the Client Name 'Boris Olegovich Komotsky' against the Candidate Hit 'Boris Olegovich Komotskey'. The first name 'Boris' and the patronymic 'Olegovich' are identical in both records. I am now focusing on the surnames: 'Komotsky' versus 'Komotskey'. While they look similar, the ending 'y' versus 'ey' represents a phonetic divergence. In this specific compliance context, these are treated as legally distinct surnames rather than simple typos or transliteration variants of the same person. Because the surnames are phonetically shifted but refer to distinct legal identities, I am treating this as a false positive.",disqualify,ollama
Sekou Toure,Sekou Torue,Sekou Toure,DISP_MINOR_TYPO,Single character typo or keyboard slip,"I am comparing the client name 'Sekou Toure' against the candidate hit 'Sekou Torue'. First, I look at the first names: 'Sekou' matches 'Sekou' exactly. Next, I examine the surnames: 'Toure' versus 'Torue'. Upon close inspection, I can see that the letters 'u' and 'r' have been swapped in the hit name. This is a classic character transposition typo, likely occurring during manual data entry. Given that the first name is an exact match and the surname is only different by a single character swap, I conclude these are the same individual.",escalate to analyst,ollama
Sergey Sergeevich Kravtsov,Sergey Sergeevich Mwangi,Sergey Sergeevich,DISP_SURNAME_CONFLICT,Surnames are entirely different names,"I am comparing the client 'Sergey Sergeevich Kravtsov' against the hit 'Sergey Sergeevich Mwangi'. Breaking this down token-by-token: The first name 'Sergey' matches exactly. The middle name/patronymic 'Sergeevich' matches exactly. However, when I look at the surnames, 'Kravtsov' and 'Mwangi' are entirely different names from different linguistic and cultural origins. 'Kravtsov' is a Slavic surname, whereas 'Mwangi' is of East African origin. There is no evidence of a typo, transliteration variant, or phonetic similarity between these two surnames. Because the surnames are irreconcilably different, these are two distinct individuals who happen to share a common first and middle name.",disqualify,ollama
Anas El Abboubi,Anas Abboubi,Anas Abboubi,DISP_MIDDLE_NAME_OMITTED,Middle name absent from one record,"I am comparing the client name 'Anas El Abboubi' against the candidate hit 'Anas Abboubi'. First, I look at the given name: 'Anas' matches exactly in both records. Next, I look at the surname: 'Abboubi' matches exactly in both records. The only difference is the presence of the particle 'El' in the client's name, which is a common Arabic definite article often omitted or included inconsistently across different databases and identity documents. Because the core given name and surname are identical and the only difference is the omission of a common name particle, I consider this a match.",escalate to analyst,ollama
Bilal Mohsen Wehbe,Bilal Mohsen Balogun,Bilal Mohsen,DISP_SURNAME_CONFLICT,Surnames are entirely different names,"I am comparing the Client Name 'Bilal Mohsen Wehbe' against the Candidate Hit 'Bilal Mohsen Balogun'. Breaking this down token-by-token: the first name 'Bilal' matches exactly, and the middle name 'Mohsen' matches exactly. However, when I look at the surnames, 'Wehbe' and 'Balogun' are entirely different names with no phonetic similarity, no common transliteration roots, and no evidence of a typo. 'Wehbe' is typically of Levantine origin, whereas 'Balogun' is a common Yoruba name from Nigeria. Because the surnames are irreconcilably different, these represent two distinct individuals who happen to share the same given and middle names.",disqualify,ollama
Anhui Shi,Anhui Dev Shi,Anhui Shi,DISP_MIDDLE_NAME_CONFLICT,Middle names are irreconcilably different,"I am comparing the Client Name 'Anhui Shi' against the Candidate Hit 'Anhui Dev Shi'. Breaking this down token-by-token: the first name 'Anhui' matches exactly and the surname 'Shi' matches exactly. However, the candidate hit contains an additional middle name, 'Dev'. While 'Anhui' and 'Shi' are common, the presence of a specific middle name in the hit that is entirely absent from the client record suggests these are two different individuals. In many naming conventions, the addition of a distinct middle name like 'Dev' serves as a primary differentiator. Because there is no evidence that 'Dev' is an abbreviation or a typo, but rather a distinct name token, I view this as a middle name conflict indicating two separate persons.",disqualify,ollama
Nicandro Barrera Medrano,Medrano Nicandro Barrera,"Nicandro, Barrera, Medrano",DISP_TOKEN_ORDER_SWAP,Name tokens in different sequence,"I am comparing the Client Name 'Nicandro Barrera Medrano' against the Candidate Hit 'Medrano Nicandro Barrera'. Looking at the tokens, both names contain the exact same three words: 'Nicandro', 'Barrera', and 'Medrano'. The only difference is the sequence in which they appear. In the client record, the given name 'Nicandro' comes first, followed by the surnames. In the candidate hit, the surname 'Medrano' has been moved to the front of the string. This is a common occurrence in global databases where naming conventions vary between 'Given Name Surname' and 'Surname Given Name'. Because all name elements are identical and only the order is shifted, this is a clear match.",escalate to analyst,ollama
Luis Miguel Martinez Morales,Luis Miguel Martinez Nakamura,Luis Miguel Martinez,DISP_SURNAME_CONFLICT,Surnames are entirely different names,"I am comparing the client 'Luis Miguel Martinez Morales' against the hit 'Luis Miguel Martinez Nakamura'. Breaking the names down token by token: the first name 'Luis', the middle name 'Miguel', and the first surname 'Martinez' are identical in both records. However, I must evaluate the second surname, which is critical in Spanish-naming conventions. The client's second surname is 'Morales', while the hit's second surname is 'Nakamura'. These are two entirely different family names with no phonetic or clerical similarity. Because the second surnames are irreconcilably different, I am confident these are two distinct individuals who happen to share a common first name and primary surname.",disqualify,ollama
Nasrollah Sardashti,Sardashti Nasrollah,Nasrollah Sardashti,DISP_TOKEN_ORDER_SWAP,Name tokens in different sequence,"I am comparing the Client Name 'Nasrollah Sardashti' against the Candidate Hit Name 'Sardashti Nasrollah'. I identify two distinct name tokens: 'Nasrollah' and 'Sardashti'. In the client record, 'Nasrollah' appears as the first name and 'Sardashti' as the surname. In the candidate hit, 'Sardashti' appears first and 'Nasrollah' second. Both tokens are identical in spelling. This is a classic case of a name recording difference where the surname and given name have been swapped, which is common across different jurisdictional data standards. Since the name components are identical and only the sequence differs, this is a match.",escalate to analyst,ollama
Samad Fathi Salami,Samad Ibrahim Salami,Samad Salami,DISP_MIDDLE_NAME_CONFLICT,Middle names are irreconcilably different,"I am comparing the client name 'Samad Fathi Salami' against the candidate hit 'Samad Ibrahim Salami'. Both names share the same first name ('Samad') and the same surname ('Salami'). However, I am looking specifically at the middle names. The client's middle name is 'Fathi', whereas the hit's middle name is 'Ibrahim'. These are two distinct, common Arabic names that are not transliteration variants or abbreviations of one another. Because the middle names are irreconcilably different, it indicates that these are two different individuals who happen to share a first and last name.",disqualify,ollama
Abdolreza Rahmani Fazli,Abdolreza Rahmani Okafor,Abdolreza Rahmani,DISP_SURNAME_CONFLICT,Surnames are entirely different names,"I am comparing the client name 'Abdolreza Rahmani Fazli' against the candidate hit 'Abdolreza Rahmani Okafor'. Both names share the same first name ('Abdolreza') and the same second token ('Rahmani'). However, I must evaluate the final token which serves as the primary surname/family name. The client's surname is 'Fazli', whereas the candidate hit's surname is 'Okafor'. These are two entirely different names from different linguistic and geographic origins. There is no evidence of a typo, transliteration variant, or abbreviation that could link 'Fazli' to 'Okafor'. Because the surnames are irreconcilably different, these represent two distinct individuals who happen to share a common first and middle name combination.",disqualify,ollama
Surajo Abubakar Muhammad,Surajo Abubakar Weber,Surajo Abubakar,DISP_SURNAME_CONFLICT,Surnames are entirely different names,"I am comparing the client 'Surajo Abubakar Muhammad' against the hit 'Surajo Abubakar Weber'. Breaking the names down token by token: the first name 'Surajo' is an exact match, and the second name 'Abubakar' is an exact match. However, when I reach the final token, which represents the surname, the client is 'Muhammad' and the hit is 'Weber'. These are two entirely different surnames with no phonetic similarity, no common transliteration root, and no evidence of a typo. While the first two names match, the distinct difference in surnames indicates these are two separate individuals who happen to share a common given name and middle name combination.",disqualify,ollama
Ali Maarij Al-Bahadly,Ali Maarij Martinez,Ali Maarij,DISP_SURNAME_CONFLICT,Surnames are entirely different names,"I am comparing the client name 'Ali Maarij Al-Bahadly' against the candidate hit 'Ali Maarij Martinez'. I first identify that the given name 'Ali' and the middle name 'Maarij' are identical across both records. However, when I move to the surname, I see 'Al-Bahadly' for the client and 'Martinez' for the candidate. These are two entirely different surnames from completely different linguistic and cultural origins (Arabic vs. Spanish). There is no evidence of a typo, transliteration difference, or phonetic similarity between 'Al-Bahadly' and 'Martinez'. Because the surnames are irreconcilably different, I conclude these are two distinct individuals who happen to share the same first and middle names.",disqualify,ollama
Khan Said,Khan Lindqvist,Khan,DISP_SURNAME_CONFLICT,Surnames are entirely different names,"I am comparing the Client Name 'Khan Said' against the Candidate Hit 'Khan Lindqvist'. Breaking these down token-by-token: both names share the token 'Khan'. However, the remaining tokens are 'Said' and 'Lindqvist'. 'Said' is a common given name or surname of Arabic origin, whereas 'Lindqvist' is a distinct Swedish surname. These two names are irreconcilably different in origin, phonetics, and spelling. The overlap of the word 'Khan' is coincidental, as it can function as either a given name or a surname depending on the culture, but it does not bridge the gap between 'Said' and 'Lindqvist'. Because the primary identifying names are entirely different, these are two distinct individuals.",disqualify,ollama
Vasiliy Aleksandrovich Nikitin,Vasiliy Woo Nikitin,Vasiliy Nikitin,DISP_MIDDLE_NAME_CONFLICT,Middle names are irreconcilably different,"I am comparing the client 'Vasiliy Aleksandrovich Nikitin' against the hit 'Vasiliy Woo Nikitin'. First, I look at the given name: both are 'Vasiliy', which is an exact match. Next, I look at the surname: both are 'Nikitin', which is also an exact match. Finally, I evaluate the middle name/patronymic. The client has the Russian patronymic 'Aleksandrovich', whereas the hit has the name 'Woo'. 'Aleksandrovich' and 'Woo' are irreconcilably different in origin, length, and sound. There is no evidence of a typo, abbreviation, or transliteration variant that could link these two middle names. Because the middle names are completely distinct, I conclude these are two different individuals who happen to share the same first and last name.",disqualify,ollama
Hector Alfonso Araujo Peralta,Hector Alfonso Araujo Fischer,Hector Alfonso Araujo,DISP_SURNAME_CONFLICT,Surnames are entirely different names,"I am comparing the Client Name 'Hector Alfonso Araujo Peralta' against the Candidate Hit Name 'Hector Alfonso Araujo Fischer'. Breaking the names down token-by-token: the first name 'Hector', the middle name 'Alfonso', and the first surname 'Araujo' are identical in both records. However, I must evaluate the final surname. The client has the surname 'Peralta', whereas the candidate hit has the surname 'Fischer'. 'Peralta' and 'Fischer' are entirely different names with no phonetic similarity, common transliteration variants, or clerical overlap. In jurisdictions with double surnames, the second surname is a primary identifier of lineage. Because the final surnames are irreconcilably different, these represent two distinct individuals who happen to share the same given names and first surname.",disqualify,ollama
Victoria Victorovna Nikolaeva,Victoria Nikolaeva,Victoria Nikolaeva,DISP_MIDDLE_NAME_OMITTED,Middle name absent from one record,"I am comparing the client name 'Victoria Victorovna Nikolaeva' against the candidate hit 'Victoria Nikolaeva'. Breaking this down token-by-token: the first name 'Victoria' is an exact match in both records. The surname 'Nikolaeva' is also an exact match in both records. The only difference is the presence of the patronymic 'Victorovna' in the client record, which is completely absent from the candidate hit. In many jurisdictions and databases, middle names or patronymics are frequently omitted during data entry or simplified for reporting. Since the given name and surname match exactly and there are no conflicting name elements, this is a highly probable match where the middle name was simply left out of the hit record.",escalate to analyst,ollama
Miguel Santanilla Botache,Miguel Santanilla Li,Miguel Santanilla,DISP_SURNAME_CONFLICT,Surnames are entirely different names,"I am comparing the client 'Miguel Santanilla Botache' against the candidate hit 'Miguel Santanilla Li'. Both individuals share the same first name 'Miguel' and the first surname 'Santanilla'. However, in Spanish-naming conventions, the second surname is a critical identifier. The client's second surname is 'Botache', whereas the candidate's second surname is 'Li'. These two surnames are entirely different in origin, spelling, and sound. There is no evidence of a typo, transliteration variant, or abbreviation here; rather, these are two distinct family names. Because the second surnames conflict irreconcilably, I conclude these are two different individuals who happen to share a common first and paternal surname.",disqualify,ollama
Mohammad Kazem Chaghazardy,Mohammad Kazem Chaghazrdy,Mohammad Kazem Chaghaz,DISP_MINOR_TYPO,Single character typo or keyboard slip,"I am comparing the Client Name 'Mohammad Kazem Chaghazardy' against the Candidate Hit 'Mohammad Kazem Chaghazrdy'. First, I look at the given names: 'Mohammad' and 'Kazem' are identical in both records. Next, I examine the surname. The client's surname is 'Chaghazardy' and the hit is 'Chaghazrdy'. Upon close inspection, the only difference is the omission of the letter 'a' in the hit's surname (Chaghazardy vs Chaghazrdy). This appears to be a simple clerical typo or a keyboard slip during data entry. Given that the first and middle names match exactly and the surname is nearly identical except for one missing vowel, I conclude these refer to the same individual.",escalate to analyst,ollama
Vladimir Vladimirovich Vladimirov,Vladimir Vladimirovich Liu,Vladimir Vladimirovich,DISP_SURNAME_CONFLICT,Surnames are entirely different names,"I am comparing the Client Name 'Vladimir Vladimirovich Vladimirov' against the Candidate Hit 'Vladimir Vladimirovich Liu'. Breaking this down token-by-token: the first name 'Vladimir' is an exact match. The middle name/patronymic 'Vladimirovich' is also an exact match. However, when I look at the surnames, the client's surname is 'Vladimirov' while the candidate's surname is 'Liu'. These are two entirely different surnames from different linguistic and ethnic origins. The overlap in the first and middle names is coincidental and common for this specific name combination, but the irreconcilable difference in the surnames confirms these are two distinct individuals.",disqualify,ollama
Christopher Vincent Kinahan,Christopher V. Kinahan,Christopher V Kinahan,DISP_MIDDLE_NAME_ABBREVIATED,Middle name shortened to initial,"I am comparing the client name 'Christopher Vincent Kinahan' against the candidate hit 'Christopher V. Kinahan'. First, I look at the first name: 'Christopher' matches exactly in both records. Next, I look at the surname: 'Kinahan' matches exactly in both records. Finally, I evaluate the middle name. The client record provides the full middle name 'Vincent', while the hit record provides only the initial 'V.'. In a compliance context, it is standard for a full middle name to be abbreviated to an initial in different databases. There are no conflicting names or surnames present. Because the first and last names are identical and the middle name is a direct abbreviation, this is a likely match.",escalate to analyst,ollama
Yuriy Igorevich Gudilin,Yuriy Gudilin,Yuriy Gudilin,DISP_MIDDLE_NAME_OMITTED,Middle name absent from one record,"I am comparing the client name 'Yuriy Igorevich Gudilin' against the hit name 'Yuriy Gudilin'. First, I look at the given name: 'Yuriy' matches exactly in both records. Next, I look at the surname: 'Gudilin' matches exactly in both records. I then observe that the client record includes a patronymic/middle name, 'Igorevich', which is completely absent from the candidate hit name. In AML screening, it is very common for middle names or patronymics to be omitted depending on the source of the data. Since the first and last names are an exact match and there is no conflicting middle name present to suggest they are different people, this is a likely match.",escalate to analyst,ollama
Mohamed Sherif Mohamed Mohamed Awadd,Mohamed Sherif Mohamed Mohamed Mueller,Mohamed Sherif Mohamed Mohamed,DISP_SURNAME_CONFLICT,Surnames are entirely different names,"I am reviewing the Client Name 'Mohamed Sherif Mohamed Mohamed Awadd' against the Candidate Hit 'Mohamed Sherif Mohamed Mohamed Mueller'. I will compare them token-by-token. The first four tokens ('Mohamed', 'Sherif', 'Mohamed', 'Mohamed') are identical in both strings. However, when I reach the final token—the surname—I see 'Awadd' for the client and 'Mueller' for the candidate. 'Awadd' is an Arabic-origin surname, whereas 'Mueller' is a distinct Germanic surname. These two names are irreconcilably different and do not share any phonetic or transliteration similarities. Despite the high degree of overlap in the given and middle names, the conflict in the family name indicates these are two different individuals.",disqualify,ollama
Ana Julia Guido De Romero,Ana Julia Guido De Yang,Ana Julia Guido De,DISP_SURNAME_CONFLICT,Surnames are entirely different names,"I am comparing the client name 'Ana Julia Guido De Romero' against the hit 'Ana Julia Guido De Yang'. Breaking them down token by token: the first names 'Ana Julia' match exactly. The subsequent tokens 'Guido De' also match exactly. However, I encounter a critical conflict at the final surname token. The client's surname is 'Romero', whereas the hit's surname is 'Yang'. These are two entirely different family names with no phonetic similarity, common transliteration overlap, or clerical resemblance. In Spanish-naming conventions, where multiple surnames are common, a difference in the final surname indicates two distinct individuals. Therefore, this is a coincidental match of the given names and first surname, but the final surnames are irreconcilably different.",disqualify,ollama
Mikhail Pavlovich Matveev,Mikhail Pavlovich Tanaka,Mikhail Pavlovich,DISP_SURNAME_CONFLICT,Surnames are entirely different names,"I am comparing the client name 'Mikhail Pavlovich Matveev' against the candidate hit 'Mikhail Pavlovich Tanaka'. Breaking this down token-by-token: the first names are an exact match ('Mikhail'), and the patronymics/middle names are an exact match ('Pavlovich'). However, when I evaluate the surnames, 'Matveev' (a Slavic surname) and 'Tanaka' (a Japanese surname) are entirely different names with no phonetic, transliteration, or clerical relationship. Despite the coincidence of the first and middle names, the surnames are irreconcilably different, indicating these are two distinct individuals.",disqualify,ollama
Hamidreza Moghadam Far,Hamidreza Raymond Far,Hamidreza Far,DISP_MIDDLE_NAME_CONFLICT,Middle names are irreconcilably different,"I am comparing the client name 'Hamidreza Moghadam Far' against the candidate hit 'Hamidreza Raymond Far'. Breaking these down token-by-token: the first names 'Hamidreza' match exactly. The last names 'Far' match exactly. However, I encounter a significant conflict in the middle name position. The client has the middle name 'Moghadam', which is a common Persian name/surname, whereas the candidate hit has the middle name 'Raymond', which is of Western origin. These two names are irreconcilably different and do not represent a typo, transliteration variant, or abbreviation of one another. Because the middle names are distinct and unrelated, I am treating these as two different individuals who happen to share a first and last name.",disqualify,ollama
Gojko Jankovic,Gojko Rashid Jankovic,Gojko Jankovic,DISP_MIDDLE_NAME_CONFLICT,Middle names are irreconcilably different,"I am comparing the client 'Gojko Jankovic' against the candidate hit 'Gojko Rashid Jankovic'. Both records share the same first name ('Gojko') and the same surname ('Jankovic'). However, the candidate hit contains a middle name, 'Rashid', which is entirely absent from the client's name. In this specific screening context, 'Rashid' is an irreconcilably different middle name that suggests a different cultural or familial lineage than the client. Because the middle name introduces a distinct identity marker that conflicts with the client's profile, I am treating this as two different individuals who happen to share a common first and last name.",disqualify,ollama
Stefan Anton Wolf,Stefan Anton Wplf,Stefan Anton,DISP_MINOR_TYPO,Single character typo or keyboard slip,"I am comparing the client name 'Stefan Anton Wolf' against the hit name 'Stefan Anton Wplf'. First, I look at the given names: 'Stefan' matches exactly and 'Anton' matches exactly. Moving to the surname, I see 'Wolf' versus 'Wplf'. Observing a keyboard layout, the letter 'p' is located directly adjacent to the letter 'o'. This is a classic keyboard slip where the user likely pressed 'p' instead of 'o'. Given that the first and middle names are identical and the surname differs by only one character in a position consistent with a clerical typo, I conclude these refer to the same individual.",escalate to analyst,ollama
Maxim Anatolyevich Ivanov,Maxim Anatolyevich Iganov,Maxim Anatolyevich,DISP_MINOR_TYPO,Single character typo or keyboard slip,"I am comparing the client name 'Maxim Anatolyevich Ivanov' against the candidate hit 'Maxim Anatolyevich Iganov'. First, I look at the given name: 'Maxim' matches exactly. Second, I look at the patronymic: 'Anatolyevich' matches exactly. Finally, I examine the surnames: 'Ivanov' vs 'Iganov'. The only difference is a single character ('v' vs 'g'). Given that 'v' and 'g' are common substitutions in clerical errors or transcription slips, and the first two name tokens are identical and specific, this appears to be a minor typographical error rather than two distinct individuals. The high degree of overlap in the first and middle names makes this a likely match.",escalate to analyst,ollama
Rahmatollah Askarizadeh,Rahmatollah Takahashi,Rahmatollah,DISP_SURNAME_CONFLICT,Surnames are entirely different names,"I am comparing the Client Name 'Rahmatollah Askarizadeh' against the Candidate Hit 'Rahmatollah Takahashi'. I first look at the given names: both share the name 'Rahmatollah', which is a match. I then move to the surnames. The client's surname is 'Askarizadeh', which is of Persian/Central Asian origin. The hit's surname is 'Takahashi', which is a common Japanese surname. These two surnames are entirely different in origin, phonetics, and spelling. There is no evidence of a typo, transliteration variant, or phonetic shift that could link 'Askarizadeh' to 'Takahashi'. Because the surnames are irreconcilably different, these are clearly two distinct individuals who happen to share a first name.",disqualify,ollama
Aziz Allouch,Aizz Allouch,Allouch,DISP_MINOR_TYPO,Single character typo or keyboard slip,"I am comparing the client name 'Aziz Allouch' against the candidate hit 'Aizz Allouch'. Starting with the surname, 'Allouch' is an exact match in both records. Moving to the first name, I see 'Aziz' versus 'Aizz'. This appears to be a simple clerical error or keyboard slip where the letter 'z' was repeated and the second 'z' replaced the 'i', or vice versa. Given that the surnames match exactly and the first names are nearly identical with only a one-character transposition/repetition difference, this is highly likely to be the same individual. The variation is a minor typo rather than a distinct name.",escalate to analyst,ollama
Jonathan Alvarez Escobar,Jonathan Escobar,Jonathan Escobar,DISP_MIDDLE_NAME_OMITTED,Middle name absent from one record,"I am comparing the Client Name 'Jonathan Alvarez Escobar' against the Candidate Hit Name 'Jonathan Escobar'. First, I identify that the first name 'Jonathan' is an exact match in both records. Next, I look at the surnames; 'Escobar' appears as the final token in both strings, creating a strong anchor. The Client Name contains an additional token, 'Alvarez', which sits between the first and last name. In many Spanish-speaking naming conventions, individuals have two surnames (paternal and maternal). It is common for databases or users to omit one of the surnames during data entry. Because the first name and the primary surname match perfectly, and the only difference is the absence of the middle/secondary name 'Alvarez' in the hit record, this is a likely match.",escalate to analyst,ollama
Monica Milian Gomez,Moncia Milian Gomez,Milian Gomez,DISP_MINOR_TYPO,Single character typo or keyboard slip,"I am comparing the client name 'Monica Milian Gomez' against the hit name 'Moncia Milian Gomez'. Looking at the first token, 'Monica' vs 'Moncia', I can see a clear keyboard slip where the 'i' and 'c' have been transposed. The subsequent tokens 'Milian' and 'Gomez' are identical in both records. Given that the surnames match exactly and the first name is a simple character swap, this is highly likely to be the same individual with a clerical error in the data entry.",escalate to analyst,ollama
Tibisay Lucena Ramirez,Tibisay Lucena Diallo,Tibisay Lucena,DISP_SURNAME_CONFLICT,Surnames are entirely different names,"I am comparing the client 'Tibisay Lucena Ramirez' against the hit 'Tibisay Lucena Diallo'. Breaking the names down token-by-token: the first name 'Tibisay' is an exact match. The second name 'Lucena' is also an exact match. However, I must evaluate the final surname. The client's surname is 'Ramirez', while the candidate hit's surname is 'Diallo'. 'Ramirez' and 'Diallo' are entirely different names with no phonetic similarity, no common transliteration variants, and no evidence of being a typo of one another. Because the primary identifying surnames are irreconcilably different, these represent two distinct individuals who happen to share the same given names.",disqualify,ollama
Seyed Jaber Safdari,Seyed Jaber Hernandez,Seyed Jaber,DISP_SURNAME_CONFLICT,Surnames are entirely different names,"I am comparing the client name 'Seyed Jaber Safdari' against the hit name 'Seyed Jaber Hernandez'. Breaking the names down token-by-token, the first name 'Seyed' and the middle name 'Jaber' are identical in both records. However, when I look at the surnames, 'Safdari' and 'Hernandez' are entirely different. 'Safdari' is of Persian origin, while 'Hernandez' is of Spanish origin. There is no evidence of a typo, transliteration variant, or phonetic similarity between these two surnames. Because the surnames are irreconcilably different, these records refer to two distinct individuals who happen to share the same given names.",disqualify,ollama
Ahmad Karimi,Ahmad Mensah,Ahmad,DISP_SURNAME_CONFLICT,Surnames are entirely different names,"I am comparing the Client Name 'Ahmad Karimi' against the Candidate Hit Name 'Ahmad Mensah'. Starting with the first token, both names share the given name 'Ahmad'. Moving to the second token, the client's surname is 'Karimi', while the candidate hit's surname is 'Mensah'. These are two entirely different surnames with no phonetic similarity, no evidence of typos, and no common transliteration overlap. 'Karimi' is typically of Persian/Central Asian origin, whereas 'Mensah' is typically of West African (Ghanaian) origin. Because the surnames are irreconcilably different, these represent two distinct individuals who happen to share a common first name.",disqualify,ollama
Sergey Anatolyevich Topor-Gilka,Sergey Dev Topor-Gilka,Sergey Topor-Gilka,DISP_MIDDLE_NAME_CONFLICT,Middle names are irreconcilably different,"I am comparing the client 'Sergey Anatolyevich Topor-Gilka' against the candidate hit 'Sergey Dev Topor-Gilka'. First, I look at the first name: both are 'Sergey', which is a match. Next, I look at the surname: both share the compound surname 'Topor-Gilka', which is a match. Finally, I examine the middle names. The client has the patronymic 'Anatolyevich', which is a traditional Russian middle name. The candidate hit has the middle name 'Dev'. These two middle names are entirely different in origin, length, and sound. 'Anatolyevich' is not an abbreviation, typo, or transliteration variant of 'Dev'. Because the middle names are irreconcilably different, I conclude these are two distinct individuals who happen to share a first name and a rare surname.",disqualify,ollama
Alexander Vladimirovich Yakubovsky,Yakubovsky Alexander Vladimirovich,Alexander Vladimirovich Yakubovsky,DISP_TOKEN_ORDER_SWAP,Name tokens in different sequence,"I am comparing the Client Name 'Alexander Vladimirovich Yakubovsky' against the Candidate Hit Name 'Yakubovsky Alexander Vladimirovich'. Breaking the names down token by token: the first name 'Alexander' is present in both; the middle name/patronymic 'Vladimirovich' is present in both; and the surname 'Yakubovsky' is present in both. The only difference is the sequence of the tokens. The client record follows the Given Name-Patronymic-Surname format, while the hit record follows the Surname-Given Name-Patronymic format. This is a common occurrence in international databases where surnames are often listed first. Since all three name components match exactly, this is a clear match.",escalate to analyst,ollama
Hamid Arabnejad,Hamid Williams,Hamid,DISP_SURNAME_CONFLICT,Surnames are entirely different names,"I am comparing the Client Name 'Hamid Arabnejad' against the Candidate Hit Name 'Hamid Williams'. Breaking this down token-by-token: the first names are an exact match ('Hamid'). However, when I look at the surnames, 'Arabnejad' and 'Williams' are entirely different names. They do not share any phonetic similarities, they are not transliterations of the same name, and they do not appear to be typos of one another. 'Arabnejad' is of Persian origin, while 'Williams' is of English/Welsh origin. Because the surnames are irreconcilably different, these are clearly two distinct individuals who happen to share a common first name.",disqualify,ollama
Igor Nikolayevich Bezler,Igor Lucas Bezler,Igor Bezler,DISP_MIDDLE_NAME_CONFLICT,Middle names are irreconcilably different,"I am comparing the client name 'Igor Nikolayevich Bezler' against the candidate hit 'Igor Lucas Bezler'. Breaking these down token-by-token: The first names 'Igor' match exactly. The surnames 'Bezler' match exactly. However, I must evaluate the middle names. The client has the middle name 'Nikolayevich', which is a Russian patronymic. The candidate hit has the middle name 'Lucas', which is a distinct given name. 'Nikolayevich' and 'Lucas' are irreconcilably different; they are not abbreviations, transliterations, or typos of one another. Because the middle names represent entirely different identities, I conclude these are two distinct individuals who happen to share the same first and last name.",disqualify,ollama
Bahram Ali Shayesteh,Bahram Ali Kowalski,Bahram Ali,DISP_SURNAME_CONFLICT,Surnames are entirely different names,"I am comparing the Client Name 'Bahram Ali Shayesteh' against the Candidate Hit Name 'Bahram Ali Kowalski'. Looking at the tokens, the first name 'Bahram' and the middle name 'Ali' are an exact match across both records. However, when I evaluate the surnames, 'Shayesteh' (which is of Persian origin) and 'Kowalski' (which is of Polish origin) are entirely different names. There is no evidence of a typo, transliteration variant, or phonetic similarity between these two surnames. Because the surnames are irreconcilably different, these represent two distinct individuals who happen to share the same given and middle names.",disqualify,ollama
Katsyaryna Alyaksandrauna Fedasenka,Fedasenka Katsyaryna Alyaksandrauna,Katsyaryna Alyaksandrauna Fedasenka,DISP_TOKEN_ORDER_SWAP,Name tokens in different sequence,"I am comparing the Client Name 'Katsyaryna Alyaksandrauna Fedasenka' against the Candidate Hit Name 'Fedasenka Katsyaryna Alyaksandrauna'. Breaking them down token by token: the client's first name 'Katsyaryna' matches the hit's second token; the client's middle name/patronymic 'Alyaksandrauna' matches the hit's third token; and the client's surname 'Fedasenka' matches the hit's first token. All three name elements are identical in spelling and characters; they are simply recorded in a different sequence (Given Name Middle Name Surname vs Surname Given Name Middle Name). This is a common occurrence in international databases where naming conventions vary by jurisdiction. Because all tokens are an exact match, this is the same individual.",escalate to analyst,ollama
Oleg Vladimirovich Deripaska,Oleg Vladimirovich Balogun,Oleg Vladimirovich,DISP_SURNAME_CONFLICT,Surnames are entirely different names,"I am comparing the Client Name 'Oleg Vladimirovich Deripaska' against the Candidate Hit Name 'Oleg Vladimirovich Balogun'. Looking at the first token, both share the given name 'Oleg'. Looking at the second token, both share the patronymic 'Vladimirovich'. However, when I evaluate the surnames, 'Deripaska' and 'Balogun' are entirely different. They share no phonetic similarities, are not transliteration variants of each other, and represent two distinct family names from different linguistic origins. Because the surnames are irreconcilably different, these are two distinct individuals who happen to share a common first name and patronymic.",disqualify,ollama
Dongliang Wang,Dongliang Vang,Dongliang,DISP_SURNAME_CONFLICT,Surnames are entirely different names,"I am comparing the client 'Dongliang Wang' against the hit 'Dongliang Vang'. Looking at the first name, 'Dongliang' is an exact match. However, I am evaluating the surnames: 'Wang' versus 'Vang'. While these names differ by only one character, they are distinct, legally recognized surnames. 'Wang' is a common Chinese surname, whereas 'Vang' is a distinct surname frequently found in Hmong populations. In a compliance context, a difference in the primary surname indicates two different family lineages and therefore two distinct individuals. This is not a keyboard slip or a transliteration variant of the same name, but a conflict between two different surnames.",disqualify,ollama
Olga Vasilyevna Pilipenko,Olga Vasilyevna Watanabe,Olga Vasilyevna,DISP_SURNAME_CONFLICT,Surnames are entirely different names,"I am comparing the client 'Olga Vasilyevna Pilipenko' against the candidate hit 'Olga Vasilyevna Watanabe'. First, I look at the given name: 'Olga' matches exactly. Next, I look at the patronymic/middle name: 'Vasilyevna' matches exactly. Finally, I examine the surnames. The client's surname is 'Pilipenko', which is of Slavic origin, while the candidate's surname is 'Watanabe', which is of Japanese origin. These two surnames are entirely different in origin, spelling, and phonetics. There is no evidence of a typo or transliteration variant here; they are clearly two distinct family names. Despite the coincidental match of the first and middle names, the surname conflict is irreconcilable.",disqualify,ollama
Imad Abu Zureik,Imad Abun Zureik,Imad Abu Zureik,DISP_MINOR_TYPO,Single character typo or keyboard slip,"I am comparing the Client Name 'Imad Abu Zureik' against the Candidate Hit 'Imad Abun Zureik'. First, I look at the first name 'Imad', which is an exact match. Next, I examine the surname components. The second token in the client name is 'Abu' and in the hit name it is 'Abun'. This is a single character difference ('n') which appears to be a clerical typo or a slight variation in recording the name. Finally, the third token 'Zureik' is an exact match in both records. Given that the first and last names match perfectly and the only difference is a single letter in the middle token, this is highly likely to be the same individual.",escalate to analyst,ollama
Mohammad Agha Ahmadi,Mohammad Kumar Ahmadi,Mohammad Ahmadi,DISP_MIDDLE_NAME_CONFLICT,Middle names are irreconcilably different,"I am comparing the client name 'Mohammad Agha Ahmadi' against the candidate hit 'Mohammad Kumar Ahmadi'. First, I look at the first names: both are 'Mohammad', which is a match. Next, I examine the surnames: both are 'Ahmadi', which is also a match. Finally, I evaluate the middle names. The client has the middle name 'Agha', whereas the candidate hit has the middle name 'Kumar'. 'Agha' is a title or name common in Persian/Central Asian contexts, while 'Kumar' is a very common name/title in South Asian (Indian) contexts. These are two distinct, irreconcilable names from different cultural origins. Since the middle names are entirely different and not variations, typos, or abbreviations of one another, I conclude these are two different individuals who happen to share a common first and last name.",disqualify,ollama
Aleksei Viktorovich Bredikhin,Aleksei Viktorovich Wu,Aleksei Viktorovich,DISP_SURNAME_CONFLICT,Surnames are entirely different names,"I am comparing the Client Name 'Aleksei Viktorovich Bredikhin' against the Candidate Hit 'Aleksei Viktorovich Wu'. Breaking the names down token-by-token: the first name 'Aleksei' is an exact match. The patronymic/middle name 'Viktorovich' is also an exact match. However, when I look at the surnames, 'Bredikhin' and 'Wu' are entirely different names from different linguistic and cultural origins. There is no evidence of a typo, transliteration variant, or phonetic similarity between these two surnames. Because the surnames are irreconcilably different, these represent two distinct individuals who happen to share a common first name and patronymic.",disqualify,ollama
Ahmad Harb Al-Kurd,Ahmad Chandra Al-Kurd,Ahmad Al-Kurd,DISP_MIDDLE_NAME_CONFLICT,Middle names are irreconcilably different,"I am comparing the client 'Ahmad Harb Al-Kurd' against the hit 'Ahmad Chandra Al-Kurd'. Breaking them down token by token: the first name 'Ahmad' is an exact match in both records. The family name/surname 'Al-Kurd' is also an exact match in both records. However, looking at the middle name, the client has 'Harb' while the candidate hit has 'Chandra'. 'Harb' and 'Chandra' are entirely different names with different linguistic roots and phonetic structures; they are not typos, abbreviations, or transliteration variants of one another. Because the middle names are irreconcilably different, these represent two distinct individuals who happen to share the same first and last names.",disqualify,ollama
Cenobio Flores Pacheco,Cenobio Jean Pacheco,Cenobio Pacheco,DISP_MIDDLE_NAME_CONFLICT,Middle names are irreconcilably different,"I am comparing the Client Name 'Cenobio Flores Pacheco' against the Candidate Hit 'Cenobio Jean Pacheco'. Both names share the same first name ('Cenobio') and the same final surname ('Pacheco'). However, when looking at the middle token, the client has 'Flores' while the hit has 'Jean'. 'Flores' is a common Spanish surname/middle name, whereas 'Jean' is a distinct given name of different linguistic origin. These two middle names are irreconcilably different and do not represent a typo, abbreviation, or transliteration variant. Because the middle names conflict entirely, I am treating these as two distinct individuals who happen to share a first and last name.",disqualify,ollama
Artur Aleksandrovich Petrov,Artur Aleksandrovich Mwangi,Artur Aleksandrovich,DISP_SURNAME_CONFLICT,Surnames are entirely different names,"I am comparing the Client Name 'Artur Aleksandrovich Petrov' against the Candidate Hit 'Artur Aleksandrovich Mwangi'. Breaking these down token-by-token: the first names 'Artur' and the patronymics 'Aleksandrovich' are identical matches. However, when I look at the surnames, 'Petrov' and 'Mwangi' are entirely different. 'Petrov' is a common Slavic surname, whereas 'Mwangi' is a common Kenyan/East African surname. There is no phonetic similarity, no possibility of a typo, and no transliteration link between these two surnames. They represent two distinct individuals who happen to share the same given name and patronymic.",disqualify,ollama
Abdoulaye Hissene,Abdoulaye Gonzalez,Abdoulaye,DISP_SURNAME_CONFLICT,Surnames are entirely different names,"I am comparing the Client Name 'Abdoulaye Hissene' against the Candidate Hit 'Abdoulaye Gonzalez'. Breaking the names down token-by-token: the first names are an exact match ('Abdoulaye'). However, I then look at the surnames. The client's surname is 'Hissene', while the hit's surname is 'Gonzalez'. These are two entirely different surnames with no phonetic similarity, no common transliteration patterns, and no evidence of a typo. 'Hissene' and 'Gonzalez' represent distinct family lineages. Because the surnames are irreconcilably different, this is a case of two different individuals who happen to share a common first name.",disqualify,ollama
Jesus Angel Ruelas Avila,Jesus Michael Ruelas Avila,Jesus Ruelas Avila,DISP_MIDDLE_NAME_CONFLICT,Middle names are irreconcilably different,"I am comparing the Client Name 'Jesus Angel Ruelas Avila' against the Candidate Hit 'Jesus Michael Ruelas Avila'. Breaking them down token-by-token: The first name 'Jesus' matches exactly. The surnames 'Ruelas Avila' match exactly across both records. However, I encounter a conflict in the middle name position. The client has the middle name 'Angel', whereas the candidate hit has the middle name 'Michael'. These are two distinct, common given names and are not variations, typos, or abbreviations of one another. Because the middle names are irreconcilably different, I am treating these as two separate individuals who happen to share the same first name and compound surname.",disqualify,ollama
Aleksandr Leonidovich Burkov,Aleksandr Leonidovich Moreau,Aleksandr Leonidovich,DISP_SURNAME_CONFLICT,Surnames are entirely different names,"I am comparing the client name 'Aleksandr Leonidovich Burkov' against the candidate hit 'Aleksandr Leonidovich Moreau'. Breaking this down token by token: the first name 'Aleksandr' is an exact match. The middle name/patronymic 'Leonidovich' is also an exact match. However, when I reach the surname, the client's surname is 'Burkov' and the hit's surname is 'Moreau'. These are two entirely different surnames with no phonetic similarity, no common transliteration root, and no evidence of a typo. While the first and middle names overlap, the surnames are irreconcilably different, indicating these are two distinct individuals who happen to share a common first name and patronymic.",disqualify,ollama
Elkin Alexis Sanchez Silva,Elkin Alexis Sanchez Al-Sabah,Elkin Alexis Sanchez,DISP_SURNAME_CONFLICT,Surnames are entirely different names,"I am comparing the client 'Elkin Alexis Sanchez Silva' against the hit 'Elkin Alexis Sanchez Al-Sabah'. Breaking these down token-by-token: the first name 'Elkin', the middle name 'Alexis', and the first surname 'Sanchez' are identical in both records. However, I must evaluate the final surname. The client has the surname 'Silva', which is a common Portuguese/Spanish name. The candidate hit has the surname 'Al-Sabah', which is a distinct Arabic name. These two surnames are irreconcilably different in origin, meaning, and spelling. Despite the overlap of the first three names, the conflict in the primary family name indicates these are two distinct individuals from different cultural backgrounds.",disqualify,ollama
Nasiruddin Haqqani,Nasiruddin Kamau,Nasiruddin,DISP_SURNAME_CONFLICT,Surnames are entirely different names,"I am comparing the Client Name 'Nasiruddin Haqqani' against the Candidate Hit 'Nasiruddin Kamau'. Looking at the first name, both records share the exact token 'Nasiruddin'. However, when I move to the surname, I see 'Haqqani' versus 'Kamau'. These are two entirely different surnames with no phonetic similarity, no common transliteration roots, and no evidence of a typo or clerical error. They represent distinct family lineages. Because the surnames are irreconcilably different, I am treating these as two different individuals who happen to share a common given name.",disqualify,ollama
Muslim Barisovich Tatriev,Muslim Barisovich Brown,Muslim Barisovich,DISP_SURNAME_CONFLICT,Surnames are entirely different names,"I am comparing the client 'Muslim Barisovich Tatriev' against the hit 'Muslim Barisovich Brown'. Breaking the names down token-by-token: the first name 'Muslim' is an exact match. The patronymic/middle name 'Barisovich' is also an exact match. However, when I look at the surnames, 'Tatriev' and 'Brown' are entirely different names with no phonetic similarity, shared origin, or clerical resemblance. While the first and middle names match, the surnames are irreconcilably different, indicating that these are two distinct individuals who happen to share a common first and middle name.",disqualify,ollama
Gleb Maksimovich Khloponin,Gleb Khloponin,Gleb Khloponin,DISP_MIDDLE_NAME_OMITTED,Middle name absent from one record,"I am comparing the Client Name 'Gleb Maksimovich Khloponin' against the Candidate Hit 'Gleb Khloponin'. First, I look at the given names: 'Gleb' matches exactly in both records. Next, I look at the surnames: 'Khloponin' matches exactly in both records. I then notice that the client record contains a patronymic/middle name, 'Maksimovich', which is entirely absent from the candidate hit. In many jurisdictions and databases, middle names or patronymics are frequently omitted for brevity or due to different data entry standards. Since the first and last names are an exact match and there are no conflicting names present to suggest these are different individuals, this is a likely match where the middle name was simply not recorded in the hit record.",escalate to analyst,ollama
Savo Cvijetinovic,Savo Park,Savo,DISP_SURNAME_CONFLICT,Surnames are entirely different names,"I am comparing the Client Name 'Savo Cvijetinovic' against the Candidate Hit Name 'Savo Park'. Both names share the first name 'Savo'. However, I then look at the surnames: 'Cvijetinovic' and 'Park'. These are entirely different names from different linguistic and cultural origins. 'Cvijetinovic' is a South Slavic surname, while 'Park' is a common Korean surname. There is no evidence of a typo, transliteration variant, or phonetic similarity between these two surnames. Because the surnames are irreconcilably different, these two records refer to two distinct individuals.",disqualify,ollama
Mahdi Amiri,Mahdi Thomas Amiri,Mahdi Amiri,DISP_MIDDLE_NAME_CONFLICT,Middle names are irreconcilably different,"I am comparing the client 'Mahdi Amiri' against the hit 'Mahdi Thomas Amiri'. Both records share the first name 'Mahdi' and the surname 'Amiri'. However, the candidate hit contains a middle name, 'Thomas', which is completely absent from the client's name. In this specific screening context, 'Thomas' is a distinct Western given name that does not align with the client's profile or typical naming conventions for the client's name origin, suggesting these are two different individuals who happen to share a common first and last name. The presence of a conflicting middle name creates a clear distinction between the two identities.",disqualify,ollama
Sipho Dlamini,Sipho Hansen,Sipho,DISP_SURNAME_CONFLICT,Surnames are entirely different names,"I am comparing the client 'Sipho Dlamini' against the candidate hit 'Sipho Hansen'. I start by reviewing the first names; both records share the first name 'Sipho', which is a common match. However, I then move to the surnames. The client's surname is 'Dlamini' and the candidate's surname is 'Hansen'. These are two entirely different names from different linguistic and cultural origins. There are no typos, transliteration variants, or phonetic similarities between 'Dlamini' and 'Hansen'. Since the surnames are irreconcilably different, these represent two distinct individuals.",disqualify,ollama
Rahmatollah Askarizadeh,Rahmatollah Wu,Rahmatollah,DISP_SURNAME_CONFLICT,Surnames are entirely different names,"I am comparing the Client Name 'Rahmatollah Askarizadeh' against the Candidate Hit Name 'Rahmatollah Wu'. I start by evaluating the first names: both share the name 'Rahmatollah', which is an exact match. I then move to the surnames. The client's surname is 'Askarizadeh', which is of Persian/Central Asian origin. The candidate hit's surname is 'Wu', which is a common Chinese surname. These two surnames are entirely different in origin, spelling, and phonetic structure. There is no evidence of a typo, transliteration variant, or abbreviation that could link 'Askarizadeh' to 'Wu'. Because the surnames are irreconcilably different, these are two distinct individuals who happen to share a first name.",disqualify,ollama
Maria Viktorovna Vasilkova,Maria Viktorovna Rao,Maria Viktorovna,DISP_SURNAME_CONFLICT,Surnames are entirely different names,"I am comparing the client name 'Maria Viktorovna Vasilkova' against the candidate hit 'Maria Viktorovna Rao'. Breaking the names down token-by-token: the first name 'Maria' is an exact match. The middle name/patronymic 'Viktorovna' is also an exact match. However, when I evaluate the surnames, 'Vasilkova' and 'Rao' are entirely different. 'Vasilkova' is a Slavic surname, whereas 'Rao' is typically of South Asian origin. There is no evidence of a typo, transliteration variant, or phonetic similarity between these two surnames. Because the surnames are irreconcilably different, these represent two distinct individuals who happen to share a common first and middle name.",disqualify,ollama
Ramon Maria Isaza Arango,Ramon George Isaza Arango,Ramon Isaza Arango,DISP_MIDDLE_NAME_CONFLICT,Middle names are irreconcilably different,"I am comparing the client 'Ramon Maria Isaza Arango' against the candidate hit 'Ramon George Isaza Arango'. Breaking them down token by token: the first name 'Ramon' matches exactly. The surnames 'Isaza Arango' match exactly. However, I encounter a conflict in the middle name position. The client has the middle name 'Maria', while the candidate hit has the middle name 'George'. 'Maria' and 'George' are entirely distinct names with no phonetic similarity, transliteration overlap, or clerical relationship. Because the middle names are irreconcilably different, these represent two different individuals who happen to share the same first and last names.",disqualify,ollama
Svetlana Alekseevna Borodulina,Svetlana Alekseevna Wu,Svetlana Alekseevna,DISP_SURNAME_CONFLICT,Surnames are entirely different names,"I am comparing the client 'Svetlana Alekseevna Borodulina' against the hit 'Svetlana Alekseevna Wu'. I start by reviewing the first name, 'Svetlana', which is an exact match. I then review the patronymic/middle name, 'Alekseevna', which is also an exact match. However, when I move to the surname, the client's surname is 'Borodulina' and the hit's surname is 'Wu'. These two surnames are irreconcilably different in origin, length, and phonetics. There is no evidence of a typo, transliteration variant, or maiden name change that could link 'Borodulina' to 'Wu'. Despite the shared first and middle names, the conflict in the surname indicates these are two distinct individuals.",disqualify,ollama
Amir Katrangi,Amir Petrov,Amir,DISP_SURNAME_CONFLICT,Surnames are entirely different names,"I am comparing the client name 'Amir Katrangi' against the hit name 'Amir Petrov'. Breaking these down token-by-token: the first names are an exact match ('Amir'). However, when I evaluate the surnames, 'Katrangi' and 'Petrov' are entirely different names with no phonetic similarity, shared roots, or evidence of a typo. They represent two distinct family lineages. Because the surnames are irreconcilably different, these are two distinct individuals who happen to share a common first name.",disqualify,ollama
Cesar Elias Lopez Araujo,Cesar Elias Lopez Al-Hashimi,Cesar Elias Lopez,DISP_SURNAME_CONFLICT,Surnames are entirely different names,"I am comparing the Client Name 'Cesar Elias Lopez Araujo' against the Candidate Hit Name 'Cesar Elias Lopez Al-Hashimi'. Breaking this down token-by-token: the first three names 'Cesar', 'Elias', and 'Lopez' are identical in both records. However, I must look at the final surname. The client's second surname is 'Araujo', which is of Portuguese/Spanish origin. The hit's second surname is 'Al-Hashimi', which is of Arabic origin. These are two entirely different family names from different cultural and linguistic backgrounds. In a naming convention where multiple surnames are used, the divergence of the final surname indicates these are two distinct individuals who happen to share the same first and middle names. There is no evidence of a typo or transliteration variant here; these are irreconcilably different surnames.",disqualify,ollama
Bassem Murad,Bassem Prakash Murad,Bassem Murad,DISP_MIDDLE_NAME_CONFLICT,Middle names are irreconcilably different,"I am comparing the Client Name 'Bassem Murad' against the Candidate Hit Name 'Bassem Prakash Murad'. Both names share the same first name ('Bassem') and the same surname ('Murad'). However, the candidate hit contains a middle name, 'Prakash', which is entirely absent from the client record. In this specific context, 'Prakash' is a distinct name of a different cultural origin than 'Bassem Murad'. The presence of a specific, irreconcilable middle name in the hit record suggests these are two different individuals who happen to share a common first and last name, rather than a simple omission or abbreviation. Therefore, I am treating this as a middle name conflict.",disqualify,ollama
Reza Mozaffarinia,Reza Choi,Reza,DISP_SURNAME_CONFLICT,Surnames are entirely different names,"I am comparing the client name 'Reza Mozaffarinia' against the candidate hit 'Reza Choi'. I start by looking at the first names: both are 'Reza', which is a match. I then move to the surnames. The client's surname is 'Mozaffarinia', which is a multi-syllabic Persian name. The candidate hit's surname is 'Choi', which is a common Korean surname. These two surnames are entirely different in origin, length, and phonetic structure. There is no evidence of a typo, transliteration variant, or abbreviation that could link these two distinct family names. Because the surnames are irreconcilably different, these are two different individuals who happen to share a common first name.",disqualify,ollama
Maria Alexeyevna Lvova-Belova,Maria Alexeyevna Al-Fassi,Maria Alexeyevna,DISP_SURNAME_CONFLICT,Surnames are entirely different names,"I am comparing the client 'Maria Alexeyevna Lvova-Belova' against the hit 'Maria Alexeyevna Al-Fassi'. Breaking the names down token-by-token: the first name 'Maria' is an exact match, and the patronymic/middle name 'Alexeyevna' is also an exact match. However, I then look at the surnames. The client has a Slavic compound surname 'Lvova-Belova', while the candidate hit has an Arabic surname 'Al-Fassi'. These two surnames are entirely different in origin, structure, and spelling. There is no evidence of a typo or transliteration variant here; they are two distinct family names. Despite the shared first and middle names, the irreconcilable difference in surnames indicates these are two different individuals.",disqualify,ollama
Aziz Allouch,Aziz Allouch,Aziz Allouch,DISP_MINOR_TYPO,Single character typo or keyboard slip,"I am comparing the Client Name 'Aziz Allouch' against the Candidate Hit Name 'Aziz Allouch'. I observe that the first name 'Aziz' is identical in both records. I then observe that the surname 'Allouch' is identical in both records. Since the names are an exact character-for-character match, there is no divergence to resolve. In a real-world screening scenario, an exact match is the highest form of a True Positive. While no typo actually exists here, the system requires a disposition code for a True Positive; given the identical nature, I am treating this as a confirmed match.",escalate to analyst,ollama
Rahul Sood,Rahul Zhang,Rahul,DISP_SURNAME_CONFLICT,Surnames are entirely different names,"I am comparing the client 'Rahul Sood' against the candidate hit 'Rahul Zhang'. I started by reviewing the first names, which are an exact match ('Rahul'). However, when I move to the surnames, 'Sood' and 'Zhang' are entirely different names with no phonetic, transliterative, or clerical similarity. 'Sood' is typically of South Asian origin, while 'Zhang' is of East Asian origin. There is no evidence of a typo or a variant spelling here; these are two distinct family names. Therefore, these records refer to two different individuals who happen to share a common first name.",disqualify,ollama
Dzmitriy Uladzimiravich Balaba,Dzmitriy Prakash Balaba,Dzmitriy Balaba,DISP_MIDDLE_NAME_CONFLICT,Middle names are irreconcilably different,"I am comparing the Client Name 'Dzmitriy Uladzimiravich Balaba' against the Candidate Hit Name 'Dzmitriy Prakash Balaba'. First, I look at the first names: 'Dzmitriy' matches exactly in both records. Next, I look at the surnames: 'Balaba' matches exactly in both records. Finally, I evaluate the middle names. The client has the middle name 'Uladzimiravich', which is a Slavic patronymic. The candidate hit has the middle name 'Prakash', which is of Indian origin. These two middle names are irreconcilably different in origin, phonetics, and meaning. They do not represent a typo, abbreviation, or transliteration variant of one another. Therefore, I am looking at two different individuals who happen to share the same first and last name.",disqualify,ollama
Muhammad Abd-Al-Qadir Mutni Assaf Al-Rawi,Muhammad Abd-Al-Qadir Mutni Assaf Weber,Muhammad Abd-Al-Qadir Mutni Assaf,DISP_SURNAME_CONFLICT,Surnames are entirely different names,"I am comparing the Client Name 'Muhammad Abd-Al-Qadir Mutni Assaf Al-Rawi' against the Candidate Hit 'Muhammad Abd-Al-Qadir Mutni Assaf Weber'. Breaking them down token-by-token: the first name 'Muhammad' matches exactly. The middle components 'Abd-Al-Qadir', 'Mutni', and 'Assaf' also match exactly across both records. However, when I reach the final token (the surname), the Client is 'Al-Rawi' while the Hit is 'Weber'. These are two completely different surnames from different linguistic and cultural origins. Despite the high degree of overlap in the given and middle names, the irreconcilable difference in the family name indicates that these are two distinct individuals who happen to share a very similar set of given names.",disqualify,ollama
Andres Martin Elizondo Castaneda,Andres Martin Elizondo Zhang,Andres Martin Elizondo,DISP_SURNAME_CONFLICT,Surnames are entirely different names,"I am comparing the Client Name 'Andres Martin Elizondo Castaneda' against the Candidate Hit Name 'Andres Martin Elizondo Zhang'. Breaking them down token-by-token: the first three names ('Andres', 'Martin', and 'Elizondo') are an exact match. However, I must evaluate the final surname. The client's surname is 'Castaneda', whereas the candidate hit's surname is 'Zhang'. These are two entirely different surnames from completely different linguistic and cultural origins. There is no evidence of a typo, transliteration variant, or abbreviation here. The presence of a completely different final surname indicates that these are two distinct individuals who happen to share the same given names and first surname. Therefore, this is a false positive.",disqualify,ollama
Tatiana Aleksandrovna Navka,Tatiana Aleksandrovna Navak,Tatiana Aleksandrovna Navka,DISP_MINOR_TYPO,Single character typo or keyboard slip,"I am comparing the client name 'Tatiana Aleksandrovna Navka' against the candidate hit 'Tatiana Aleksandrovna Navak'. First, I look at the given name: 'Tatiana' matches exactly in both records. Next, I review the patronymic: 'Aleksandrovna' matches exactly in both records. Finally, I examine the surnames: 'Navka' versus 'Navak'. The only difference is the transposition of the last two letters ('ka' vs 'ak'). This appears to be a classic clerical typo or a keyboard slip during data entry, as the phonetic root and the rest of the name string are identical. Given the exact match of the first and middle names, this is highly likely the same individual.",escalate to analyst,ollama
Aleksander Aleksandrovich Mikheev,Aleksander Aleksandrovich Li,Aleksander Aleksandrovich,DISP_SURNAME_CONFLICT,Surnames are entirely different names,"I am comparing the Client Name 'Aleksander Aleksandrovich Mikheev' against the Candidate Hit Name 'Aleksander Aleksandrovich Li'. Breaking the names down token-by-token: the first name 'Aleksander' is an exact match. The patronymic/middle name 'Aleksandrovich' is also an exact match. However, when I look at the surnames, 'Mikheev' and 'Li' are entirely different names with no phonetic, transliteration, or clerical relationship. While the first and middle names overlap, the surnames are irreconcilably different, indicating that these are two distinct individuals who happen to share a common first name and patronymic. Because the surname is the primary identifier for distinguishing individuals in this context, this is a clear mismatch.",disqualify,ollama
Mohammad Yusuf Shah,Mohammad Shah,Mohammad Shah,DISP_MIDDLE_NAME_OMITTED,Middle name absent from one record,"I am comparing the Client Name 'Mohammad Yusuf Shah' against the Candidate Hit Name 'Mohammad Shah'. Breaking these down token-by-token: both names share the first name 'Mohammad' and the surname 'Shah'. The client record contains a middle name, 'Yusuf', which is entirely absent from the candidate hit record. In AML screening, it is very common for middle names to be omitted in certain databases or during registration. Since the first and last names match exactly and there are no conflicting names present to suggest these are different individuals, I am treating this as a potential match where the middle name was simply not recorded in the hit profile.",escalate to analyst,ollama
Hassan Al-Baghdadi,Hassan Hansen,Hassan,DISP_SURNAME_CONFLICT,Surnames are entirely different names,"I am comparing the Client Name 'Hassan Al-Baghdadi' against the Candidate Hit 'Hassan Hansen'. Breaking these down token-by-token: the first names are an exact match ('Hassan'). However, looking at the surnames, 'Al-Baghdadi' is a distinct Arabic surname indicating geographic origin, whereas 'Hansen' is a common Scandinavian surname. There is no evidence of a typo, transliteration variance, or phonetic similarity between 'Al-Baghdadi' and 'Hansen'. These are two entirely different family names, indicating that the shared first name is a coincidence and the individuals are distinct persons.",disqualify,ollama
Sergey Nikolayevich Ryabukhin,Sergey Nikolayevich Davis,Sergey Nikolayevich,DISP_SURNAME_CONFLICT,Surnames are entirely different names,"I am comparing the Client Name 'Sergey Nikolayevich Ryabukhin' against the Candidate Hit 'Sergey Nikolayevich Davis'. Breaking the names down token-by-token: the first names match exactly ('Sergey'), and the patronymics match exactly ('Nikolayevich'). However, when I look at the surnames, 'Ryabukhin' and 'Davis' are entirely different names from different linguistic and cultural origins. There is no evidence of a typo, transliteration variant, or phonetic similarity between these two surnames. Because the surnames are irreconcilably different, these two records represent two distinct individuals who happen to share a common first name and patronymic.",disqualify,ollama
Juan Carlos Hidalgo Pandares,Pandares Juan Carlos Hidalgo,Juan Carlos Hidalgo Pandares,DISP_TOKEN_ORDER_SWAP,Name tokens in different sequence,"I am comparing the Client Name 'Juan Carlos Hidalgo Pandares' against the Candidate Hit 'Pandares Juan Carlos Hidalgo'. Breaking these down token by token, I see that all four name elements are present in both records: 'Juan', 'Carlos', 'Hidalgo', and 'Pandares'. The only difference is the sequence in which they appear. The client record follows a standard Given Name -> Middle Name -> Surname 1 -> Surname 2 format, whereas the hit record has moved the second surname 'Pandares' to the front of the string. Since the set of names is identical and only the order has changed, this is a clear case of a token order swap, common in databases that list surnames first.",escalate to analyst,ollama
Thet Khaing Win,Thet Kbaing Win,Thet Win,DISP_MINOR_TYPO,Single character typo or keyboard slip,"I am comparing the client name 'Thet Khaing Win' against the candidate hit 'Thet Kbaing Win'. Breaking this down token-by-token: the first token 'Thet' is an exact match. The third token 'Win' is an exact match. Looking at the middle token, 'Khaing' vs 'Kbaing', I observe a single character difference where 'h' has been replaced by 'b'. Given the proximity of these characters in certain keyboard layouts or potential clerical data entry slips, this appears to be a minor typo rather than a different name entirely. Because the first and last names match perfectly and the middle name differs by only one character, this is highly likely to be the same individual.",escalate to analyst,ollama
Igor Borisovich Rakitin,Igor Borisovich Rodriguez,Igor Borisovich,DISP_SURNAME_CONFLICT,Surnames are entirely different names,"I am comparing the client name 'Igor Borisovich Rakitin' against the candidate hit 'Igor Borisovich Rodriguez'. Breaking this down token-by-token: the first name 'Igor' matches exactly. The middle name/patronymic 'Borisovich' matches exactly. However, when I reach the surname, I see 'Rakitin' versus 'Rodriguez'. These are two entirely different surnames with different linguistic origins and phonetic structures. There is no evidence of a typo, transliteration variant, or phonetic divergence that would link these two names. While the first and middle names are identical, the irreconcilable difference in the surnames indicates that these are two distinct individuals who happen to share a common first name and patronymic.",disqualify,ollama
Ali Farhan Asadi,Aly Farhan Asadi,Farhan Asadi,DISP_TRANSLITERATION_VARIANT,"Same name, different transliteration standard","I am comparing the Client Name 'Ali Farhan Asadi' against the Candidate Hit Name 'Aly Farhan Asadi'. Looking at the tokens individually: the middle name 'Farhan' and the surname 'Asadi' are identical in both records. The only difference is in the first name, where 'Ali' is spelled as 'Aly'. In the context of Arabic name transliteration into English, the swap between 'i' and 'y' at the end of a name is a very common variation and does not indicate a different person. Because the rest of the name matches exactly and the first name is a known transliteration variant, this is a potential match.",escalate to analyst,ollama
Vladimir Nikolaevich Terentiev,Terentiev Vladimir Nikolaevich,Vladimir Nikolaevich Terentiev,DISP_TOKEN_ORDER_SWAP,Name tokens in different sequence,"I am comparing the Client Name 'Vladimir Nikolaevich Terentiev' against the Candidate Hit Name 'Terentiev Vladimir Nikolaevich'. Looking at the tokens, I see that both names contain the exact same three components: the given name 'Vladimir', the patronymic 'Nikolaevich', and the surname 'Terentiev'. The only difference is the sequence in which they are presented. The client record follows the Given Name-Patronymic-Surname format, while the candidate hit follows the Surname-Given Name-Patronymic format. Since all name elements are identical and only the order has changed, this is a clear match.",escalate to analyst,ollama
Ahmad Abdulla Mohammad Abdulla Behzad,Ahamd Abdulla Mohammad Abdulla Behzad,Abdulla Mohammad Abdulla Behzad,DISP_MINOR_TYPO,Single character typo or keyboard slip,"I am comparing the Client Name 'Ahmad Abdulla Mohammad Abdulla Behzad' against the Candidate Hit Name 'Ahamd Abdulla Mohammad Abdulla Behzad'. Looking at the names token-by-token, the second, third, fourth, and fifth names ('Abdulla Mohammad Abdulla Behzad') are an exact match in both records. When examining the first name, I see 'Ahmad' versus 'Ahamd'. This is a classic keyboard slip or clerical typo where the 'm' and 'a' have been transposed. Given that the rest of the long, multi-part name is identical, this is clearly a minor typo for the same individual.",escalate to analyst,ollama
Rafael Dario Atencia Pitalua,Rafael Dario Atencia Hernandez,Rafael Dario Atencia,DISP_SURNAME_CONFLICT,Surnames are entirely different names,"I am comparing the Client Name 'Rafael Dario Atencia Pitalua' against the Candidate Hit Name 'Rafael Dario Atencia Hernandez'. Breaking the names down token-by-token: the first name 'Rafael', the middle name 'Dario', and the first surname 'Atencia' match exactly across both records. However, I must evaluate the second surname, which is critical in Hispanic naming conventions. The client's second surname is 'Pitalua', whereas the candidate hit's second surname is 'Hernandez'. These are two entirely different family names with no phonetic similarity, typos, or transliteration variants between them. Because the second surnames are irreconcilably different, I conclude that these are two distinct individuals who happen to share the same given names and first surname.",disqualify,ollama
Stojan Zupljanin,Stojan Sato,Stojan,DISP_SURNAME_CONFLICT,Surnames are entirely different names,"I am comparing the Client Name 'Stojan Zupljanin' against the Candidate Hit 'Stojan Sato'. I start by reviewing the first names; both are 'Stojan', which is a match. I then move to the surnames. The client's surname is 'Zupljanin', while the hit's surname is 'Sato'. These two surnames are entirely different in origin, length, and phonetic structure. There is no evidence of a typo, transliteration variance, or phonetic shift that would link 'Zupljanin' to 'Sato'. Because the surnames are irreconcilably different, these are clearly two distinct individuals who happen to share a common first name.",disqualify,ollama
Ahmed Ibrahim Hassan Ahmed Arafa,Ahmed Ibrahim Hassan Ahmed Tanaka,Ahmed Ibrahim Hassan Ahmed,DISP_SURNAME_CONFLICT,Surnames are entirely different names,"I am comparing the client name 'Ahmed Ibrahim Hassan Ahmed Arafa' against the candidate hit 'Ahmed Ibrahim Hassan Ahmed Tanaka'. I will evaluate these token by token. The first four tokens ('Ahmed', 'Ibrahim', 'Hassan', 'Ahmed') are an exact match across both records. However, when I reach the final token—which represents the primary surname or family name—I see a critical discrepancy. The client's surname is 'Arafa', whereas the candidate hit's surname is 'Tanaka'. 'Arafa' and 'Tanaka' are entirely different names with no phonetic similarity, no transliteration overlap, and no common origin. Despite the coincidental overlap of the given and middle names, the irreconcilably different surnames indicate that these are two distinct individuals.",disqualify,ollama
Modesta Zambada Niebla,Modesta Zambada Zhou,Modesta Zambada,DISP_SURNAME_CONFLICT,Surnames are entirely different names,"I am comparing the Client Name 'Modesta Zambada Niebla' against the Candidate Hit 'Modesta Zambada Zhou'. Breaking this down token-by-token: the first name 'Modesta' and the first surname 'Zambada' match perfectly across both records. However, I must evaluate the final surname. The client's second surname is 'Niebla', while the candidate hit's second surname is 'Zhou'. 'Niebla' and 'Zhou' are entirely different names from different linguistic and cultural origins; they are not typos, transliterations, or phonetic variations of one another. Because the surnames are irreconcilably different, these records refer to two distinct individuals who happen to share a first name and a primary surname.",disqualify,ollama
Mohammad Reza Kadkhoda'i,Mohammad Reza Perez,Mohammad Reza,DISP_SURNAME_CONFLICT,Surnames are entirely different names,"I am comparing the client name 'Mohammad Reza Kadkhoda'i' against the hit name 'Mohammad Reza Perez'. Breaking this down token-by-token: the first name 'Mohammad' and the middle name 'Reza' are identical in both records. However, when I look at the surnames, the client's surname is 'Kadkhoda'i' (of Persian origin) while the hit's surname is 'Perez' (of Spanish origin). These are two entirely different family names with no phonetic or linguistic relationship. The overlap in the given names is coincidental, and the irreconcilable difference in the surnames confirms these are two distinct individuals.",disqualify,ollama
Israa Abou Rashed,Israa Abou Osei,Israa Abou,DISP_SURNAME_CONFLICT,Surnames are entirely different names,"I am comparing the client name 'Israa Abou Rashed' against the candidate hit 'Israa Abou Osei'. Breaking these down token-by-token: the first name 'Israa' is an exact match. The second token 'Abou' (a common Arabic prefix meaning 'father of') is also an exact match. However, when I look at the final surname tokens, I see 'Rashed' versus 'Osei'. These are two entirely different surnames with no phonetic or transliteration relationship. 'Rashed' and 'Osei' are distinct family names. Since the primary identifying surname differs completely, these are two different individuals who happen to share a common first name and prefix.",disqualify,ollama
Richard Jesus Lopez Vargas,Richard Jesus Lopez Al-Fassi,Richard Jesus Lopez,DISP_SURNAME_CONFLICT,Surnames are entirely different names,"I am comparing the client name 'Richard Jesus Lopez Vargas' against the candidate hit 'Richard Jesus Lopez Al-Fassi'. Breaking the names down token-by-token, the first three elements ('Richard', 'Jesus', and 'Lopez') are identical in both records. However, I must look at the final surname components. The client has the surname 'Vargas', whereas the candidate hit has the surname 'Al-Fassi'. These are two entirely different surnames with no phonetic, transliteration, or clerical relationship. In many Spanish-naming conventions, 'Lopez' may be a paternal surname and 'Vargas' or 'Al-Fassi' the maternal surname. Because the final surnames are irreconcilably different, these represent two distinct individuals who happen to share the same first and middle names. This is a clear case of a surname conflict.",disqualify,ollama
Miryam Andrea Castillo Moreno,Miryam Andrea Castillo Jones,Miryam Andrea Castillo,DISP_SURNAME_CONFLICT,Surnames are entirely different names,"I am comparing the Client Name 'Miryam Andrea Castillo Moreno' against the Candidate Hit Name 'Miryam Andrea Castillo Jones'. Breaking these down token-by-token: the first name 'Miryam', the middle name 'Andrea', and the first surname 'Castillo' match exactly across both records. However, I look at the final surname. The client's second surname is 'Moreno', whereas the candidate hit's second surname is 'Jones'. 'Moreno' and 'Jones' are entirely different names with no phonetic similarity, transliteration link, or clerical relationship. In jurisdictions where double surnames are used, the final surname is a critical identifier. Because these two individuals have completely different family names in the final position, I conclude they are two distinct persons.",disqualify,ollama
Anna Yurievna Kuznetsova,Anna Yurievna Weber,Anna Yurievna,DISP_SURNAME_CONFLICT,Surnames are entirely different names,"I am comparing the Client Name 'Anna Yurievna Kuznetsova' against the Candidate Hit Name 'Anna Yurievna Weber'. Breaking the names down token-by-token: the first name 'Anna' is an exact match. The patronymic/middle name 'Yurievna' is also an exact match. However, when I look at the surnames, 'Kuznetsova' and 'Weber' are entirely different names from different linguistic and cultural origins. There is no evidence of a typo, transliteration variant, or phonetic similarity between these two surnames. Because the surnames are irreconcilably different, these are two distinct individuals who happen to share a common first name and patronymic.",disqualify,ollama
Abdoulaye Hissene,Abdoulaye Mwangi,Abdoulaye,DISP_SURNAME_CONFLICT,Surnames are entirely different names,"I am comparing the client name 'Abdoulaye Hissene' against the candidate hit 'Abdoulaye Mwangi'. Both names share the first name 'Abdoulaye', which is a common given name. However, when I look at the surnames, 'Hissene' and 'Mwangi' are entirely different. There are no typos, transliteration variants, or phonetic similarities between these two surnames. They represent distinct family names from different linguistic or regional origins. Since the surnames are irreconcilably different, these are two different individuals.",disqualify,ollama
Aliaksandr Leanidavich Zimousky,Aliaksandr Chidi Zimousky,Aliaksandr Zimousky,DISP_MIDDLE_NAME_CONFLICT,Middle names are irreconcilably different,"I am comparing the Client Name 'Aliaksandr Leanidavich Zimousky' against the Candidate Hit 'Aliaksandr Chidi Zimousky'. I start by looking at the first names; both are 'Aliaksandr', which is an exact match. I then look at the surnames; both are 'Zimousky', which is also an exact match. However, when I evaluate the middle names, I see 'Leanidavich' for the client and 'Chidi' for the hit. 'Leanidavich' is a traditional Slavic patronymic, whereas 'Chidi' is a distinct name of different linguistic and cultural origin. There is no evidence of a typo, abbreviation, or transliteration variant that could link these two middle names. Because the middle names are irreconcilably different, I am confident these are two distinct individuals who happen to share the same first and last names.",disqualify,ollama
Vladimir Vladimirovich Nemtsev,Vladimir Vladimirovich Suzuki,Vladimir Vladimirovich,DISP_SURNAME_CONFLICT,Surnames are entirely different names,"I am comparing the client name 'Vladimir Vladimirovich Nemtsev' against the candidate hit 'Vladimir Vladimirovich Suzuki'. Looking at the tokens individually: the first name 'Vladimir' matches exactly, and the patronymic/middle name 'Vladimirovich' matches exactly. However, when I reach the surname, the client's surname is 'Nemtsev' (of Slavic origin) and the candidate's surname is 'Suzuki' (of Japanese origin). These two surnames are entirely different in origin, spelling, and sound. There is no evidence of a typo, transliteration variant, or phonetic similarity between 'Nemtsev' and 'Suzuki'. Therefore, these are two distinct individuals who happen to share a common first name and patronymic.",disqualify,ollama
Aleksandr Valeryevich Dyukov,Aleksandr Valeryevich Verma,Aleksandr Valeryevich,DISP_SURNAME_CONFLICT,Surnames are entirely different names,"I am comparing the Client Name 'Aleksandr Valeryevich Dyukov' against the Candidate Hit 'Aleksandr Valeryevich Verma'. Breaking the names down token by token: the first name 'Aleksandr' is an exact match. The middle name/patronymic 'Valeryevich' is also an exact match. However, when I look at the surnames, 'Dyukov' and 'Verma' are entirely different names with no phonetic or orthographic relationship. They originate from different linguistic and cultural backgrounds. Since the surnames are irreconcilably different, these are two distinct individuals who happen to share the same given name and patronymic.",disqualify,ollama
Ramiz Hysa,Ramiz Yang,Ramiz,DISP_SURNAME_CONFLICT,Surnames are entirely different names,"I am comparing the client 'Ramiz Hysa' against the candidate hit 'Ramiz Yang'. Breaking the names down token-by-token: the first names are an exact match ('Ramiz'). However, when evaluating the surnames, 'Hysa' and 'Yang' are entirely different names. 'Hysa' is typically of Albanian origin, whereas 'Yang' is a common Chinese surname. There is no evidence of a typo, transliteration variant, or phonetic similarity between these two surnames. Because the surnames are irreconcilably different, these represent two distinct individuals who happen to share a common first name.",disqualify,ollama
Vladimir Vladimirovich Nemtsev,Vladimir Karim Nemtsev,Vladimir Nemtsev,DISP_MIDDLE_NAME_CONFLICT,Middle names are irreconcilably different,"I am comparing the client name 'Vladimir Vladimirovich Nemtsev' against the candidate hit 'Vladimir Karim Nemtsev'. First, I look at the given names: both are 'Vladimir', which is a match. Next, I look at the surnames: both are 'Nemtsev', which is also a match. Finally, I examine the middle names. The client has the patronymic 'Vladimirovich', which is typical for Russian naming conventions. The candidate hit has the middle name 'Karim'. 'Vladimirovich' and 'Karim' are entirely different names with different linguistic origins and meanings; they are not abbreviations, typos, or transliteration variants of one another. Because the middle names are irreconcilably different, I conclude these are two distinct individuals who happen to share a common first name and surname.",disqualify,ollama
Juan Pablo Bastidas Erenas,Juan Khalid Bastidas Erenas,Juan Bastidas Erenas,DISP_MIDDLE_NAME_CONFLICT,Middle names are irreconcilably different,"I am comparing the Client Name 'Juan Pablo Bastidas Erenas' against the Candidate Hit 'Juan Khalid Bastidas Erenas'. I start by reviewing the tokens. Both names share the first name 'Juan' and the double surnames 'Bastidas Erenas'. However, when I look at the middle names, the client has 'Pablo' (a common Spanish name) while the hit has 'Khalid' (a common Arabic name). These are two entirely different names with no phonetic, transliteration, or clerical relationship. Because the middle names are irreconcilably different, it is highly probable that these are two distinct individuals who happen to share the same first name and surnames. Therefore, this is a false positive.",disqualify,ollama
Ilya Lishenko,Ilya Ken Lishenko,Ilya Lishenko,DISP_MIDDLE_NAME_CONFLICT,Middle names are irreconcilably different,"I am comparing the Client Name 'Ilya Lishenko' against the Candidate Hit Name 'Ilya Ken Lishenko'. Both records share the same first name ('Ilya') and the same surname ('Lishenko'). However, the Candidate Hit contains a middle name, 'Ken'. In the context of this review, 'Ken' is a distinct, specific name that does not appear as an initial or a common abbreviation in the client's profile. Because the candidate hit contains a specific middle name that is entirely absent from the client's record and does not align with any known variations or initials, I am treating this as a middle name conflict indicating two distinct individuals who happen to share a common first and last name.",disqualify,ollama
Freddy Alirio Bernal Rosales,Freddy Alirio Bernal Lee,Freddy Alirio Bernal,DISP_SURNAME_CONFLICT,Surnames are entirely different names,"I am comparing the Client Name 'Freddy Alirio Bernal Rosales' against the Candidate Hit 'Freddy Alirio Bernal Lee'. I will break this down token by token. The first name 'Freddy' matches exactly. The middle name 'Alirio' matches exactly. The first surname 'Bernal' matches exactly. However, when I reach the final surname, the client has 'Rosales' while the hit has 'Lee'. These are two entirely different surnames with no phonetic similarity, transliteration overlap, or clerical relationship. In Hispanic naming customs, the second surname typically represents the maternal line; a difference here indicates these are two distinct individuals who happen to share the same first name, middle name, and paternal surname. Because the surnames are irreconcilably different, this is a false positive.",disqualify,ollama
Hyun-woo Shin,Hyun-woo Lucas Shin,Hyun-woo Shin,DISP_MIDDLE_NAME_CONFLICT,Middle names are irreconcilably different,"I am comparing the Client Name 'Hyun-woo Shin' against the Candidate Hit 'Hyun-woo Lucas Shin'. Both records share the same first name 'Hyun-woo' and the same surname 'Shin'. However, the Candidate Hit contains an additional middle name, 'Lucas'. In this specific compliance context, 'Lucas' is a distinct Western given name that is not a variant, abbreviation, or transliteration of any part of the client's name. The presence of a distinct, irreconcilable middle name indicates that these are two different individuals who happen to share a common first and last name. Therefore, the hit is disqualified based on the middle name conflict.",disqualify,ollama
Alberto Pimentel Mata,Alberto Pimentel Garcia,Alberto Pimentel,DISP_SURNAME_CONFLICT,Surnames are entirely different names,"I am comparing the Client Name 'Alberto Pimentel Mata' against the Candidate Hit 'Alberto Pimentel Garcia'. Both names share the first name 'Alberto' and the first surname 'Pimentel'. However, in Spanish naming conventions, the second surname is a critical identifier. The client's second surname is 'Mata', whereas the hit's second surname is 'Garcia'. 'Mata' and 'Garcia' are entirely different, distinct surnames with no phonetic or clerical relationship. Because the second surnames conflict irreconcilably, these represent two different individuals who happen to share a common first name and first surname.",disqualify,ollama
Tun Min Latt,Tun Min Patel,Tun Min,DISP_SURNAME_CONFLICT,Surnames are entirely different names,"I am comparing the Client Name 'Tun Min Latt' against the Candidate Hit 'Tun Min Patel'. Breaking the names down token-by-token, both individuals share the first two names, 'Tun' and 'Min'. However, I must evaluate the final token, which serves as the surname/family name. The client's surname is 'Latt', whereas the hit's surname is 'Patel'. 'Latt' and 'Patel' are entirely different names with no phonetic similarity, no common transliteration variants, and no indication of a clerical typo. These are two distinct surnames from different linguistic backgrounds. Because the surnames are irreconcilably different, these represent two different individuals.",disqualify,ollama
Natalya Alekseyevna Orlova,Natalya Tariq Orlova,Natalya Orlova,DISP_MIDDLE_NAME_CONFLICT,Middle names are irreconcilably different,"I am comparing the Client Name 'Natalya Alekseyevna Orlova' against the Candidate Hit Name 'Natalya Tariq Orlova'. First, I look at the given name: 'Natalya' matches exactly in both records. Next, I examine the surname: 'Orlova' matches exactly in both records. Finally, I evaluate the middle name/patronymic. The client has 'Alekseyevna', which is a traditional Russian patronymic. The candidate hit has 'Tariq', which is a distinct given name often used as a middle name in different cultural contexts. 'Alekseyevna' and 'Tariq' are irreconcilably different and do not share any phonetic, transliteration, or abbreviation relationship. Because the middle names are entirely different, these represent two distinct individuals who happen to share the same first and last name.",disqualify,ollama
Hector Librado Rivera Sandoval,Hector Librado Rivera Davis,Hector Librado Rivera,DISP_SURNAME_CONFLICT,Surnames are entirely different names,"I am comparing the Client Name 'Hector Librado Rivera Sandoval' against the Candidate Hit 'Hector Librado Rivera Davis'. Breaking them down token-by-token: the first three names ('Hector', 'Librado', and 'Rivera') are identical in both records. However, when I reach the final surname, the Client has 'Sandoval' while the Candidate Hit has 'Davis'. These are two entirely different surnames with no phonetic similarity, common transliteration variants, or clerical typos between them. In jurisdictions with double surnames, the final surname is a primary identifier; since 'Sandoval' and 'Davis' are irreconcilably different, these represent two distinct individuals who happen to share the same first and middle names.",disqualify,ollama
Alfredo Andrade Parra,Alfredo Andrade Mwangi,Alfredo Andrade,DISP_SURNAME_CONFLICT,Surnames are entirely different names,"I am comparing the Client Name 'Alfredo Andrade Parra' against the Candidate Hit 'Alfredo Andrade Mwangi'. Both individuals share the same first name ('Alfredo') and the same first surname/middle name ('Andrade'). However, I must evaluate the final surname. The client's surname is 'Parra', which is of Spanish origin, whereas the hit's surname is 'Mwangi', which is a common Kenyan name. These two surnames are entirely different in origin, spelling, and sound. There is no evidence of a typo or transliteration variant here; rather, these are two distinct family names. Because the surnames are irreconcilably different, I conclude these are two different individuals who happen to share a common first and middle name.",disqualify,ollama
Zakarya Essabar,Zakarya Mensah,Zakarya,DISP_SURNAME_CONFLICT,Surnames are entirely different names,"I am comparing the client name 'Zakarya Essabar' against the candidate hit 'Zakarya Mensah'. Looking at the first tokens, both share the given name 'Zakarya', which is a common match. However, when I move to the surnames, I see 'Essabar' versus 'Mensah'. These are two entirely different family names with no phonetic similarity, no common transliteration root, and no evidence of a typo or clerical error. Because the surnames are irreconcilably different, these represent two distinct individuals who happen to share a first name.",disqualify,ollama
Mohamed Lahbous,Mohamed Huang,Mohamed,DISP_SURNAME_CONFLICT,Surnames are entirely different names,"I am comparing the client name 'Mohamed Lahbous' against the candidate hit 'Mohamed Huang'. Breaking the names down token-by-token: the first names are an exact match ('Mohamed'). However, when I look at the surnames, 'Lahbous' and 'Huang' are entirely different names from different linguistic and geographic origins. There are no typos, transliteration variants, or phonetic similarities between 'Lahbous' and 'Huang' that would suggest they are the same person. The overlap is limited to a very common first name, while the surnames are irreconcilably different, indicating these are two distinct individuals.",disqualify,ollama
Fernain Rodriguez Vasquez,Fernain Edward Vasquez,Fernain Vasquez,DISP_MIDDLE_NAME_CONFLICT,Middle names are irreconcilably different,"I am comparing the client name 'Fernain Rodriguez Vasquez' against the candidate hit 'Fernain Edward Vasquez'. Both names share the same first name 'Fernain' and the same final surname 'Vasquez'. However, when looking at the middle token, the client has 'Rodriguez' (a common Spanish surname often used as a middle name/paternal name) whereas the candidate hit has 'Edward' (an English given name). These two middle names are irreconcilably different and do not represent a typo, abbreviation, or transliteration variant. Because the middle names are distinct and unrelated, I am treating these as two different individuals who happen to share a first and last name.",disqualify,ollama
Vladimir Vladimirovich Plyakin,Vladimir Vladimirovich Zhou,Vladimir Vladimirovich,DISP_SURNAME_CONFLICT,Surnames are entirely different names,"I am comparing the client name 'Vladimir Vladimirovich Plyakin' against the candidate hit 'Vladimir Vladimirovich Zhou'. I start by reviewing the given name and patronymic; both records share 'Vladimir Vladimirovich', which is a very common name combination in Russian-speaking jurisdictions. However, when I move to the surname, I see 'Plyakin' for the client and 'Zhou' for the hit. These two surnames are irreconcilably different in origin, phonetics, and spelling. 'Plyakin' is a Slavic surname, whereas 'Zhou' is a Chinese surname. There is no evidence of a typo or transliteration variant that could link these two distinct family names. Therefore, these are two different individuals who happen to share the same first and middle names.",disqualify,ollama
Boris Safarovich Ebzeev,Boris Safarovich Takahashi,Boris Safarovich,DISP_SURNAME_CONFLICT,Surnames are entirely different names,"I am comparing the client 'Boris Safarovich Ebzeev' against the candidate hit 'Boris Safarovich Takahashi'. Looking at the first name, both are 'Boris', which is a match. Looking at the middle name/patronymic, both are 'Safarovich', which is also a match. However, when I evaluate the surnames, 'Ebzeev' and 'Takahashi' are entirely different names from different linguistic and cultural origins. There is no evidence of a typo, transliteration variant, or phonetic similarity between these two surnames. Since the surnames are irreconcilably different, these represent two distinct individuals who happen to share the same given and middle names.",disqualify,ollama
Mohamad Irshad Mohamad Haris Nizar,Mohamad Irshad Mohamad Haris Rossi,Mohamad Irshad Mohamad Haris,DISP_SURNAME_CONFLICT,Surnames are entirely different names,"I am comparing the Client Name 'Mohamad Irshad Mohamad Haris Nizar' against the Candidate Hit 'Mohamad Irshad Mohamad Haris Rossi'. Breaking the names down token-by-token, the first four components are identical: 'Mohamad', 'Irshad', 'Mohamad', and 'Haris'. However, the final token—which serves as the primary identifier/surname in this context—is completely different. The client's name ends in 'Nizar', while the candidate hit ends in 'Rossi'. 'Nizar' and 'Rossi' are irreconcilably different names with no phonetic or transliteration overlap. This indicates that while the individuals share a common set of given names, they are distinct persons with different family names.",disqualify,ollama
Hossein Firouzi Arani,Hossein Firouzi Weber,Hossein Firouzi,DISP_SURNAME_CONFLICT,Surnames are entirely different names,"I am comparing the Client Name 'Hossein Firouzi Arani' against the Candidate Hit 'Hossein Firouzi Weber'. Breaking this down token by token: the first name 'Hossein' matches exactly. The second token 'Firouzi' also matches exactly. However, when I look at the final token, the client has the surname 'Arani' while the candidate hit has the surname 'Weber'. 'Arani' and 'Weber' are entirely different names with no phonetic similarity, common transliteration overlap, or clerical resemblance. Because the surnames are irreconcilably different, these represent two distinct individuals who happen to share a common first and middle name. This is a clear case of a surname conflict.",disqualify,ollama
Anatoly Zhamalovich Bifov,Anatoly Patrick Bifov,Anatoly Bifov,DISP_MIDDLE_NAME_CONFLICT,Middle names are irreconcilably different,"I am comparing the Client Name 'Anatoly Zhamalovich Bifov' against the Candidate Hit Name 'Anatoly Patrick Bifov'. First, I look at the given names: both are 'Anatoly', which is a match. Next, I look at the surnames: both are 'Bifov', which is also a match. Finally, I examine the middle names. The client has the middle name 'Zhamalovich', which is a Slavic patronymic. The candidate hit has the middle name 'Patrick', which is a Western given name. These two middle names are irreconcilably different in origin, phonetics, and structure. Since the middle names conflict entirely and cannot be explained by a typo or abbreviation, I conclude these are two distinct individuals who happen to share the same first and last name.",disqualify,ollama
Bruno Koller,Bruno Petrov,Bruno,DISP_SURNAME_CONFLICT,Surnames are entirely different names,"I am comparing the client name 'Bruno Koller' against the candidate hit 'Bruno Petrov'. Breaking this down token-by-token: the first names are an exact match ('Bruno'). However, when I look at the surnames, 'Koller' and 'Petrov' are entirely different names. They do not share any phonetic similarities, they are not transliteration variants of one another, and there is no evidence of a typo or clerical error. Since the surnames are irreconcilably different, these represent two distinct individuals who happen to share a common first name.",disqualify,ollama
Byron Aladino Mero Bermello,Byron Aladuno Mero Bermello,Byron Mero Bermello,DISP_MINOR_TYPO,Single character typo or keyboard slip,"I am comparing the Client Name 'Byron Aladino Mero Bermello' against the Candidate Hit 'Byron Aladuno Mero Bermello'. Breaking this down token-by-token: the first name 'Byron' is an exact match. The second token 'Aladino' in the client record appears as 'Aladuno' in the hit record; this is a single character difference ('i' vs 'u'), which is a classic clerical typo or keyboard slip. The subsequent tokens 'Mero' and 'Bermello' are exact matches in both records. Given that three out of four name components are identical and the only discrepancy is a single vowel swap in the middle name, this is highly likely to be the same individual.",escalate to analyst,ollama
Ahmad Haghighat Talab,Ahmad Min Talab,Ahmad Talab,DISP_MIDDLE_NAME_CONFLICT,Middle names are irreconcilably different,"I am comparing the Client Name 'Ahmad Haghighat Talab' against the Candidate Hit 'Ahmad Min Talab'. Breaking these down token-by-token: the first names are an exact match ('Ahmad'). The final names are an exact match ('Talab'). However, I must evaluate the middle tokens. The client has the middle name 'Haghighat', whereas the candidate hit has the middle name 'Min'. These two names are entirely different in length, sound, and origin; 'Haghighat' is a multi-syllable name, while 'Min' is a short, distinct token. There is no evidence of a typo, abbreviation, or transliteration variant that could link 'Haghighat' to 'Min'. Because the middle names are irreconcilably different, I am treating these as two distinct individuals who happen to share the same first and last names.",disqualify,ollama
Ta Fa Cha,Ta Fa Davis,Ta Fa,DISP_SURNAME_CONFLICT,Surnames are entirely different names,"I am comparing the Client Name 'Ta Fa Cha' against the Candidate Hit Name 'Ta Fa Davis'. Breaking the names down token by token: the first two tokens 'Ta' and 'Fa' match exactly in both records. However, when I look at the final token, which represents the surname/family name, I see 'Cha' for the client and 'Davis' for the hit. 'Cha' and 'Davis' are entirely different names with no phonetic similarity, no common transliteration patterns, and no indication of a typo. Because the surnames are irreconcilably different, these represent two distinct individuals despite sharing the same given names.",disqualify,ollama
Kamel Djermane,Kamel Lee,Kamel,DISP_SURNAME_CONFLICT,Surnames are entirely different names,"I am comparing the client name 'Kamel Djermane' against the candidate hit 'Kamel Lee'. Breaking these down token-by-token: the first name 'Kamel' is an exact match in both records. However, when I look at the surnames, 'Djermane' and 'Lee' are entirely different names with no phonetic similarity, no common transliteration roots, and no evidence of a typo. They represent two distinct family names from different linguistic origins. Because the surnames are irreconcilably different, this is a coincidental first-name match only.",disqualify,ollama
Ali Mohammed Ghulam Hussein Al Anssari,Ali Mohammed Ghulam Hussein Al Al-Hashimi,Ali Mohammed Ghulam Hussein Al,DISP_SURNAME_CONFLICT,Surnames are entirely different names,"I am reviewing the client name 'Ali Mohammed Ghulam Hussein Al Anssari' against the candidate hit 'Ali Mohammed Ghulam Hussein Al Al-Hashimi'. Starting with the first names and middle names, there is a perfect match for 'Ali Mohammed Ghulam Hussein'. However, when I reach the surname/family name portion, the client is identified as 'Al Anssari' while the candidate hit is 'Al Al-Hashimi'. These are two entirely different tribal or family names. Despite the coincidental overlap of the first four name tokens, the surnames are irreconcilably different, indicating that these are two distinct individuals from different families.",disqualify,ollama
Arin Janprapaporn,Arin Popov,Arin,DISP_SURNAME_CONFLICT,Surnames are entirely different names,"I am comparing the Client Name 'Arin Janprapaporn' against the Candidate Hit 'Arin Popov'. Looking at the first names, both are 'Arin', which is a direct match. However, moving to the surnames, 'Janprapaporn' and 'Popov' are completely different. 'Janprapaporn' appears to be of Thai origin, whereas 'Popov' is a common Slavic surname. There are no typos, transliteration similarities, or phonetic overlaps between these two surnames. Because the surnames are irreconcilably different, these represent two distinct individuals who happen to share a first name.",disqualify,ollama
John Britto Aruldhas,John Britto Martinez,John Britto,DISP_SURNAME_CONFLICT,Surnames are entirely different names,"I am comparing the client name 'John Britto Aruldhas' against the candidate hit 'John Britto Martinez'. Breaking the names down token-by-token: the first name 'John' matches exactly, and the second name 'Britto' matches exactly. However, I then look at the final token, which represents the primary surname. The client's surname is 'Aruldhas', while the candidate hit's surname is 'Martinez'. These two surnames are entirely different in origin, spelling, and phonetics. There is no evidence of a typo, transliteration variant, or abbreviation here; they are two distinct family names. Because the surnames are irreconcilably different, I conclude these are two different individuals who happen to share a common first and middle name.",disqualify,ollama
Andrey Igorevich Masalovich,Andrey Igorevich Li,Andrey Igorevich,DISP_SURNAME_CONFLICT,Surnames are entirely different names,"I am comparing the Client Name 'Andrey Igorevich Masalovich' against the Candidate Hit 'Andrey Igorevich Li'. Breaking this down token-by-token: the first names ('Andrey') and the patronymics ('Igorevich') are an exact match. However, when I look at the surnames, I see 'Masalovich' versus 'Li'. These are entirely different surnames from different linguistic and cultural origins. 'Masalovich' is a Slavic surname, while 'Li' is a common East Asian surname. There is no reasonable way to explain this difference as a typo, transliteration variant, or clerical error. Despite the coincidence of the first and middle names, the surnames are irreconcilably different, indicating these are two distinct individuals.",disqualify,ollama
Bernd Guenter Diegelmann,Bernd Guenter Kim,Bernd Guenter,DISP_SURNAME_CONFLICT,Surnames are entirely different names,"I am comparing the client name 'Bernd Guenter Diegelmann' against the hit name 'Bernd Guenter Kim'. Breaking this down token by token: the first name 'Bernd' is an exact match. The middle name 'Guenter' is also an exact match. However, when I reach the surname, the client's surname is 'Diegelmann' while the hit's surname is 'Kim'. These are two entirely different surnames with no phonetic similarity, transliteration overlap, or clerical resemblance. Despite the coincidence of sharing the same first and middle names, the irreconcilable difference in the family name indicates that these are two distinct individuals.",disqualify,ollama
Oleh Voloshyn,Oleh Rao,Oleh,DISP_SURNAME_CONFLICT,Surnames are entirely different names,"I am comparing the Client Name 'Oleh Voloshyn' against the Candidate Hit 'Oleh Rao'. Breaking them down token-by-token: the first names are an exact match ('Oleh'). However, when I look at the surnames, 'Voloshyn' and 'Rao' are entirely different names. They do not share any phonetic similarities, they are not transliteration variants of the same root, and there is no evidence of a typo or clerical error. 'Voloshyn' is characteristic of Slavic origin, while 'Rao' is characteristic of Indian origin. Because the surnames are irreconcilably different, these are two distinct individuals who happen to share a common first name.",disqualify,ollama
Ali Nihadh,Ali H. Nihadh,Ali Nihadh,DISP_MIDDLE_NAME_OMITTED,Middle name absent from one record,"I am comparing the Client Name 'Ali Nihadh' against the Candidate Hit 'Ali H. Nihadh'. First, I look at the first name: 'Ali' matches exactly in both records. Next, I look at the surname: 'Nihadh' matches exactly in both records. The only difference is the presence of a middle initial 'H.' in the Candidate Hit name, which is absent in the Client Name. In name screening, it is very common for a middle name or initial to be omitted in one database while present in another. Since the primary identifiers (first and last name) are identical and there are no conflicting name tokens, this is a likely match.",escalate to analyst,ollama
Yevgeniy Vladimirovich Silayev,Yevgeniy Vladimirovich Rodriguez,Yevgeniy Vladimirovich,DISP_SURNAME_CONFLICT,Surnames are entirely different names,"I am comparing the client name 'Yevgeniy Vladimirovich Silayev' against the candidate hit 'Yevgeniy Vladimirovich Rodriguez'. Looking at the names token-by-token: the first name 'Yevgeniy' is an exact match, and the patronymic/middle name 'Vladimirovich' is also an exact match. However, when I evaluate the surnames, 'Silayev' and 'Rodriguez' are entirely different names from different linguistic and cultural origins. There is no evidence of a typo, transliteration variance, or phonetic similarity between these two surnames. Because the surnames are irreconcilably different, these are two distinct individuals who happen to share the same given name and patronymic.",disqualify,ollama
Karim Ja'far Muhsin Al-Ghanimi,Karim Ja'far Muhsin Johnson,Karim Ja'far Muhsin,DISP_SURNAME_CONFLICT,Surnames are entirely different names,"I am comparing the Client Name 'Karim Ja'far Muhsin Al-Ghanimi' against the Candidate Hit 'Karim Ja'far Muhsin Johnson'. I start by reviewing the given names and middle names: 'Karim', 'Ja'far', and 'Muhsin' are identical across both records. However, when I reach the surname, I see a complete conflict. The client has the surname 'Al-Ghanimi', which is an Arabic familial name, whereas the candidate hit has the surname 'Johnson', which is of English origin. These two surnames are entirely different names with no phonetic or transliteration relationship. Despite the coincidental overlap of the first three name tokens, the irreconcilable difference in the surnames indicates these are two distinct individuals.",disqualify,ollama
Mohammad Barzan Ibrahim Hasan Al-Tikriti,Mohammad Barzan Ibrahim Hasan Wu,Mohammad Barzan Ibrahim Hasan,DISP_SURNAME_CONFLICT,Surnames are entirely different names,"I am comparing the Client Name 'Mohammad Barzan Ibrahim Hasan Al-Tikriti' against the Candidate Hit 'Mohammad Barzan Ibrahim Hasan Wu'. I start by reviewing the tokens from left to right. The first four tokens—'Mohammad', 'Barzan', 'Ibrahim', and 'Hasan'—are identical in both records. However, when I reach the final token, which represents the surname/family name, there is a complete conflict. The client's surname is 'Al-Tikriti', which is a specific regional/tribal identifier, whereas the candidate hit's surname is 'Wu', which is a distinct, unrelated surname. Despite the high degree of overlap in the given and middle names, the surnames are irreconcilably different and indicate two different individuals from different ethnic or familial backgrounds.",disqualify,ollama
Ruhollah Katebi,Ruhollah Mueller,Ruhollah,DISP_SURNAME_CONFLICT,Surnames are entirely different names,"I am comparing the Client Name 'Ruhollah Katebi' against the Candidate Hit 'Ruhollah Mueller'. First, I look at the given names: both records share the name 'Ruhollah', which is a match. Next, I evaluate the surnames. The client's surname is 'Katebi', while the candidate's surname is 'Mueller'. These two surnames are entirely different in origin, spelling, and phonetics. There is no evidence of a typo, transliteration variant, or phonetic shift that would link 'Katebi' to 'Mueller'. Because the surnames are irreconcilably different, these represent two distinct individuals who happen to share a first name.",disqualify,ollama
Vitaliy Konstantinovich Ganchev,Vitaliy Konstantinovich Petrov,Vitaliy Konstantinovich,DISP_SURNAME_CONFLICT,Surnames are entirely different names,"I am comparing the client 'Vitaliy Konstantinovich Ganchev' against the hit 'Vitaliy Konstantinovich Petrov'. Breaking this down token-by-token: the first name 'Vitaliy' is an exact match. The patronymic/middle name 'Konstantinovich' is also an exact match. However, when I look at the surnames, 'Ganchev' and 'Petrov' are entirely different names with no phonetic similarity, common root, or clerical overlap. In the context of Slavic naming conventions, while it is common for individuals to share a first name and patronymic, the surname is the primary identifier for the family line. Because the surnames are irreconcilably different, these are two distinct individuals.",disqualify,ollama
Wan Mat Wan Min,Wan Hiro Wan Min,Wan Wan Min,DISP_MIDDLE_NAME_CONFLICT,Middle names are irreconcilably different,"I am comparing the Client Name 'Wan Mat Wan Min' against the Candidate Hit Name 'Wan Hiro Wan Min'. Breaking these down token-by-token: both names begin with 'Wan' and end with 'Wan Min'. However, the second token in the client name is 'Mat', whereas the second token in the candidate hit is 'Hiro'. 'Mat' and 'Hiro' are entirely different names with no phonetic similarity, no common transliteration overlap, and are not abbreviations of one another. In the context of these naming conventions, the discrepancy in this specific name element indicates that these are two distinct individuals who happen to share similar prefix and suffix name components. Because the middle name tokens are irreconcilably different, this is a false positive.",disqualify,ollama
Shamsail Yunusovich Saraliyev,Shamsail Yunusovich Williams,Shamsail Yunusovich,DISP_SURNAME_CONFLICT,Surnames are entirely different names,"I am comparing the Client Name 'Shamsail Yunusovich Saraliyev' against the Candidate Hit 'Shamsail Yunusovich Williams'. Breaking this down token by token: The first name 'Shamsail' is an exact match. The patronymic/middle name 'Yunusovich' is also an exact match. However, when I look at the surnames, 'Saraliyev' and 'Williams' are entirely different names from different linguistic and cultural origins. 'Saraliyev' is a typical Central Asian/Russian style surname, whereas 'Williams' is an English/Welsh surname. There is no evidence of a typo, transliteration difference, or phonetic similarity between these two surnames. Because the surnames are irreconcilably different, these represent two distinct individuals who happen to share a first and middle name.",disqualify,ollama
Alaa Khanfurah,Alaa Gupta,Alaa,DISP_SURNAME_CONFLICT,Surnames are entirely different names,"I am comparing the client name 'Alaa Khanfurah' against the candidate hit 'Alaa Gupta'. Breaking the names down token-by-token: the first names are an exact match ('Alaa'). However, looking at the surnames, 'Khanfurah' and 'Gupta' are entirely different names with no phonetic similarity, no common transliteration roots, and no evidence of a typo. They represent distinct family lineages. Since the surnames are irreconcilably different, this is a clear case of two different individuals who happen to share a common first name.",disqualify,ollama
Vladimir Nikolayevich Blotsky,Vladimir Edward Blotsky,Vladimir Blotsky,DISP_MIDDLE_NAME_CONFLICT,Middle names are irreconcilably different,"I am comparing the client 'Vladimir Nikolayevich Blotsky' against the hit 'Vladimir Edward Blotsky'. First, I look at the given names: both are 'Vladimir', which is a match. Next, I examine the surnames: both are 'Blotsky', which is also a match. Finally, I evaluate the middle names. The client has the patronymic 'Nikolayevich' (typical of Slavic naming conventions), whereas the hit has the middle name 'Edward'. These are two entirely different names from different cultural origins and are not variations, abbreviations, or typos of one another. Because the middle names are irreconcilably different, I am confident these are two distinct individuals who happen to share a common first and last name.",disqualify,ollama
Ali Mussa Daqduq Al-Musawi,Ali Mussa Daqduq Martinez,Ali Mussa Daqduq,DISP_SURNAME_CONFLICT,Surnames are entirely different names,"I am comparing the Client Name 'Ali Mussa Daqduq Al-Musawi' against the Candidate Hit Name 'Ali Mussa Daqduq Martinez'. I observe that the first three tokens ('Ali', 'Mussa', and 'Daqduq') are identical in both records. However, when I reach the final token, which represents the primary family name/surname, there is a complete conflict. The client's surname is 'Al-Musawi', which is of Arabic origin, whereas the hit's surname is 'Martinez', which is of Spanish origin. These are two entirely different surnames from different linguistic and cultural backgrounds. Despite the coincidental overlap of the given names and middle names, the irreconcilable difference in the surnames indicates that these are two distinct individuals.",disqualify,ollama
Aleksandr Vladimirovich Konovalov,Aleksandr Vladimirovich Fischer,Aleksandr Vladimirovich,DISP_SURNAME_CONFLICT,Surnames are entirely different names,"I am comparing the client name 'Aleksandr Vladimirovich Konovalov' against the candidate hit 'Aleksandr Vladimirovich Fischer'. Breaking this down token by token: the first name 'Aleksandr' is an exact match. The patronymic/middle name 'Vladimirovich' is also an exact match. However, when I look at the surnames, 'Konovalov' and 'Fischer' are entirely different names from different linguistic origins. There is no evidence of a typo, transliteration variant, or phonetic similarity between these two surnames. Despite the shared first and middle names, the irreconcilable difference in the family name indicates these are two distinct individuals.",disqualify,ollama
Ali Abdi,Ali Chidi Abdi,Ali Abdi,DISP_MIDDLE_NAME_CONFLICT,Middle names are irreconcilably different,"I am comparing the Client Name 'Ali Abdi' against the Candidate Hit Name 'Ali Chidi Abdi'. Both names share the first name 'Ali' and the surname 'Abdi'. However, the Candidate Hit includes a middle name, 'Chidi', which is entirely absent from the Client Name. In this specific context, 'Chidi' is a distinct, culturally specific name that does not appear to be an abbreviation or a typo of any part of the client's name. The presence of a full, irreconcilable middle name in the hit record suggests that these are two different individuals who happen to share a common first and last name. Because the middle name introduces a significant point of divergence, I am treating this as a conflict.",disqualify,ollama
Amir Dianat,Amir Verma,Amir,DISP_SURNAME_CONFLICT,Surnames are entirely different names,"I am comparing the Client Name 'Amir Dianat' against the Candidate Hit 'Amir Verma'. I start by looking at the first names: both are 'Amir', which is a common given name. I then move to the surnames. The client's surname is 'Dianat' and the hit's surname is 'Verma'. These two surnames are entirely different in origin, spelling, and sound. There is no evidence of a typo, transliteration variant, or phonetic similarity that would suggest these are the same person. The overlap is limited to a common first name, while the surnames are irreconcilably different, indicating these are two distinct individuals.",disqualify,ollama
Vladimir Yurievich Vysotsky,Vladimir David Vysotsky,Vladimir Vysotsky,DISP_MIDDLE_NAME_CONFLICT,Middle names are irreconcilably different,"I am comparing the Client Name 'Vladimir Yurievich Vysotsky' against the Candidate Hit 'Vladimir David Vysotsky'. First, I look at the given names: both are 'Vladimir', which is a match. Next, I look at the surnames: both are 'Vysotsky', which is a match. Finally, I evaluate the middle names/patronymics. The client has 'Yurievich' (indicating the father's name is Yuri), whereas the candidate hit has 'David'. These are two entirely different names from different linguistic and cultural origins; 'Yurievich' is a Slavic patronymic, while 'David' is a given name. There is no evidence of a typo, abbreviation, or transliteration variant that could link 'Yurievich' to 'David'. Because the middle names are irreconcilably different, these represent two distinct individuals.",disqualify,ollama
Mohammad Vahidi,Mohammad Lindqvist,Mohammad,DISP_SURNAME_CONFLICT,Surnames are entirely different names,"I am comparing the client name 'Mohammad Vahidi' against the candidate hit 'Mohammad Lindqvist'. Breaking the names down token-by-token: the first names are an exact match ('Mohammad'). However, looking at the surnames, 'Vahidi' and 'Lindqvist' are entirely different names with no phonetic similarity, common transliteration patterns, or clerical overlap. 'Vahidi' is typical of Persian origin, whereas 'Lindqvist' is of Scandinavian origin. Since the surnames are irreconcilably different, these represent two distinct individuals who happen to share a common first name.",disqualify,ollama
Song Nam Kang,Song Nam Perez,Song Nam,DISP_SURNAME_CONFLICT,Surnames are entirely different names,"I am comparing the Client Name 'Song Nam Kang' against the Candidate Hit 'Song Nam Perez'. I began by reviewing the given names; both records share 'Song Nam', which indicates a coincidental overlap of first and middle names. However, when I evaluate the surnames, I see 'Kang' in the client record and 'Perez' in the hit record. 'Kang' is a common East Asian surname, while 'Perez' is a common Spanish/Hispanic surname. These two surnames are irreconcilably different and do not share any phonetic, transliterative, or clerical similarities. Because the family names are entirely distinct, these represent two different individuals.",disqualify,ollama
Natan Adadievich Viner,Natan Adadievich Zhang,Natan Adadievich,DISP_SURNAME_CONFLICT,Surnames are entirely different names,"I am comparing the Client Name 'Natan Adadievich Viner' against the Candidate Hit 'Natan Adadievich Zhang'. Breaking these down token-by-token: the first names ('Natan') and the patronymics/middle names ('Adadievich') are an exact match. However, when I look at the surnames, 'Viner' and 'Zhang' are completely different names from different linguistic and ethnic origins. There is no evidence of a typo, transliteration variant, or phonetic similarity between these two surnames. Because the surnames are irreconcilably different, these represent two distinct individuals who happen to share the same given and middle names.",disqualify,ollama
Nadim S. Al-Dajani,Nadim Ziad Al-Dajani,Nadim Al-Dajani,DISP_MIDDLE_NAME_CONFLICT,Middle names are irreconcilably different,"I am comparing the Client Name 'Nadim S. Al-Dajani' against the Candidate Hit Name 'Nadim Ziad Al-Dajani'. First, I look at the given names: both are 'Nadim', which is a match. Next, I examine the surnames: both are 'Al-Dajani', which is a match. Finally, I evaluate the middle names. The client has the initial 'S.', while the candidate hit has the full name 'Ziad'. 'S' and 'Ziad' are not the same letter, nor is 'S' an abbreviation for 'Ziad'. These are two distinct and irreconcilable middle names. In the context of Arabic naming conventions, where the middle name often represents the father's name, a difference between 'S' and 'Ziad' indicates these are two different individuals from different family lineages despite sharing a first name and a tribal/family surname.",disqualify,ollama
Yahya Ala'oddini,Yahya Li,Yahya,DISP_SURNAME_CONFLICT,Surnames are entirely different names,"I am comparing the Client Name 'Yahya Ala'oddini' against the Candidate Hit Name 'Yahya Li'. Looking at the first token, both names share the given name 'Yahya'. However, when I evaluate the surnames, 'Ala'oddini' and 'Li' are entirely different names from different linguistic and cultural origins. There is no evidence of a typo, transliteration variance, or phonetic similarity that would link these two surnames. Because the surnames are irreconcilably different, these represent two distinct individuals who happen to share a common first name.",disqualify,ollama
Valery Vladimirovich Semyonov,Valery Vladimirovich Zhou,Valery Vladimirovich,DISP_SURNAME_CONFLICT,Surnames are entirely different names,"I am comparing the client 'Valery Vladimirovich Semyonov' against the candidate hit 'Valery Vladimirovich Zhou'. Breaking these down token-by-token: the first name 'Valery' matches exactly, and the patronymic/middle name 'Vladimirovich' matches exactly. However, when I look at the surnames, 'Semyonov' and 'Zhou' are entirely different. 'Semyonov' is a common Slavic surname, whereas 'Zhou' is a common Chinese surname. There is no phonetic similarity, transliteration overlap, or clerical typo that could link these two names. Despite the identical first and middle names, the irreconcilable difference in the surnames indicates that these are two distinct individuals.",disqualify,ollama
Aleksei Valeryevich Troshin,Aleksei Charles Troshin,Aleksei Troshin,DISP_MIDDLE_NAME_CONFLICT,Middle names are irreconcilably different,"I am comparing the client 'Aleksei Valeryevich Troshin' against the hit 'Aleksei Charles Troshin'. First, I look at the given names: 'Aleksei' matches exactly in both records. Next, I look at the surnames: 'Troshin' matches exactly in both records. Finally, I evaluate the middle names. The client has the patronymic 'Valeryevich', which is a traditional Russian middle name derived from the father's name (Valery). The hit has the middle name 'Charles', which is an entirely different name of Western origin. There is no evidence of a typo, abbreviation, or transliteration variant that could link 'Valeryevich' to 'Charles'. These are two irreconcilably different middle names, indicating that these are two distinct individuals who happen to share the same first and last name.",disqualify,ollama
Sergei Gerasimovich Mitin,Sergei G. Mitin,Sergei G. Mitin,DISP_MIDDLE_NAME_ABBREVIATED,Middle name shortened to initial,"I am comparing the client 'Sergei Gerasimovich Mitin' against the hit 'Sergei G. Mitin'. First, I look at the first name: 'Sergei' matches 'Sergei' exactly. Next, I look at the surname: 'Mitin' matches 'Mitin' exactly. Finally, I examine the middle name/patronymic. The client has the full patronymic 'Gerasimovich', whereas the hit record uses the initial 'G.'. Since 'Gerasimovich' starts with 'G', this is a standard case of a middle name being abbreviated to an initial. There are no conflicting tokens that would suggest these are different individuals.",escalate to analyst,ollama
Jorge Enrique Rincon Ordonez,Jorge Enrique Rincon Traore,Jorge Enrique Rincon,DISP_SURNAME_CONFLICT,Surnames are entirely different names,"I am comparing the Client Name 'Jorge Enrique Rincon Ordonez' against the Candidate Hit Name 'Jorge Enrique Rincon Traore'. Breaking these down token-by-token: the first name 'Jorge', the middle name 'Enrique', and the first surname 'Rincon' are identical in both records. However, looking at the final surname, the client has 'Ordonez' while the hit has 'Traore'. These are two entirely different surnames with no phonetic similarity or evidence of a typo; 'Ordonez' is of Spanish origin, whereas 'Traore' is of West African origin. In jurisdictions where double surnames are used, the second surname is a primary identifier. Because the final surnames are irreconcilably different, these are two distinct individuals who happen to share the same first three name components.",disqualify,ollama
Vladimir Ivanovich Kashin,Vladimir Ivanovich Moreau,Vladimir Ivanovich,DISP_SURNAME_CONFLICT,Surnames are entirely different names,"I am comparing the client 'Vladimir Ivanovich Kashin' against the hit 'Vladimir Ivanovich Moreau'. Breaking the names down token-by-token: the first name 'Vladimir' is an exact match, and the patronymic/middle name 'Ivanovich' is also an exact match. However, when I evaluate the surnames, 'Kashin' and 'Moreau' are entirely different names with no phonetic, transliteration, or clerical similarity. They originate from different linguistic roots (Slavic vs. French). Because the surnames are irreconcilably different, these are two distinct individuals who happen to share a common first name and patronymic.",disqualify,ollama
Carlos Eduardo Aigster Villamizar,Carlos Khalid Aigster Villamizar,Carlos Aigster Villamizar,DISP_MIDDLE_NAME_CONFLICT,Middle names are irreconcilably different,"I am comparing the Client Name 'Carlos Eduardo Aigster Villamizar' against the Candidate Hit Name 'Carlos Khalid Aigster Villamizar'. Breaking these down token-by-token: The first name 'Carlos' is an exact match. The surnames 'Aigster Villamizar' are an exact match across both records. However, I encounter a direct conflict in the middle name position. The client has the middle name 'Eduardo', whereas the candidate hit has the middle name 'Khalid'. These are two entirely different names with different cultural origins and phonetic structures; 'Eduardo' is not a variation, typo, or abbreviation of 'Khalid'. Because the middle names are irreconcilably different, these records refer to two distinct individuals who happen to share the same first and last names.",disqualify,ollama
Ahmed Khudair Maksus Maksus,Ahmed Khudair Maksus Kuznetsov,Ahmed Khudair Maksus,DISP_SURNAME_CONFLICT,Surnames are entirely different names,"I am comparing the client name 'Ahmed Khudair Maksus Maksus' against the hit name 'Ahmed Khudair Maksus Kuznetsov'. Breaking these down token-by-token: both share the first name 'Ahmed', the second name 'Khudair', and the third name 'Maksus'. However, when I reach the final token—which represents the primary family name or surname—there is a clear conflict. The client's surname is 'Maksus', whereas the hit's surname is 'Kuznetsov'. 'Maksus' and 'Kuznetsov' are entirely different names with no phonetic or transliteration relationship. Despite the overlap of the first three tokens, the irreconcilable difference in the surname indicates that these are two distinct individuals.",disqualify,ollama
Kourosh Asiabani,Kourosh Jones,Kourosh,DISP_SURNAME_CONFLICT,Surnames are entirely different names,"I am comparing the Client Name 'Kourosh Asiabani' against the Candidate Hit Name 'Kourosh Jones'. I start by reviewing the first names: both records share the name 'Kourosh', which is a match. Next, I evaluate the surnames. The client's surname is 'Asiabani', while the candidate's surname is 'Jones'. These are two entirely different surnames with no phonetic similarity, no common transliteration patterns, and no evidence of a typo. 'Asiabani' and 'Jones' are irreconcilably different family names, indicating that these are two distinct individuals who happen to share a first name.",disqualify,ollama
Adil Abdallah Mahdi,Adil Abdallah Ferrari,Adil Abdallah,DISP_SURNAME_CONFLICT,Surnames are entirely different names,"I am comparing the Client Name 'Adil Abdallah Mahdi' against the Candidate Hit 'Adil Abdallah Ferrari'. Breaking these down token-by-token: the first name 'Adil' matches exactly, and the middle name 'Abdallah' matches exactly. However, when I reach the surname, the client's surname is 'Mahdi', whereas the hit's surname is 'Ferrari'. These are two entirely different surnames with no phonetic similarity, no common transliteration variants, and no indication of a typo. In a naming convention where the final token represents the family name, this is a clear conflict. The shared first and middle names are common and do not override the fact that these are two distinct individuals based on their surnames.",disqualify,ollama
Alireza Shafie Nasab,Alireza Shafie Kuznetsov,Alireza Shafie,DISP_SURNAME_CONFLICT,Surnames are entirely different names,"I am comparing the Client Name 'Alireza Shafie Nasab' against the Candidate Hit Name 'Alireza Shafie Kuznetsov'. Breaking the names down token-by-token: the first name 'Alireza' and the middle name 'Shafie' are identical in both records. However, I then look at the surnames. The client's surname is 'Nasab', while the hit's surname is 'Kuznetsov'. These are two entirely different surnames with no phonetic similarity, common transliteration overlap, or clerical resemblance. 'Nasab' and 'Kuznetsov' originate from different linguistic roots and indicate two distinct individuals who happen to share a common first and middle name. Because the surnames are irreconcilably different, this is a clear false positive.",disqualify,ollama
Ivan Rafael Hernandez Dala,Ivan Nour Hernandez Dala,Ivan Hernandez Dala,DISP_MIDDLE_NAME_CONFLICT,Middle names are irreconcilably different,"I am comparing the client 'Ivan Rafael Hernandez Dala' against the hit 'Ivan Nour Hernandez Dala'. Breaking the names down token-by-token: the first name 'Ivan' matches exactly. The surnames 'Hernandez Dala' match exactly. However, the middle names are 'Rafael' and 'Nour'. These are two distinct, culturally different names that are not variations, typos, or transliterations of one another. 'Rafael' is of Hebrew/Spanish origin, while 'Nour' is of Arabic origin. Because the middle names are irreconcilably different, I am treating these as two distinct individuals who happen to share a common first name and double surname.",disqualify,ollama
Ahmet Yuksel,Ahmet G. Yuksel,Ahmet Yuksel,DISP_MIDDLE_NAME_OMITTED,Middle name absent from one record,"I am comparing the Client Name 'Ahmet Yuksel' against the Candidate Hit Name 'Ahmet G. Yuksel'. First, I look at the given name: both records share 'Ahmet'. Next, I look at the surname: both records share 'Yuksel'. The only difference is the presence of a middle initial 'G.' in the candidate hit name, which is missing from the client record. In compliance screening, it is common for clients to omit their middle names or initials during onboarding. Since the first and last names are an exact match and there are no conflicting name tokens, this is a likely match where the middle name was simply omitted from the client profile.",escalate to analyst,ollama
Marwan Ibrahim Hussayn Tah Al-Azawi,Marwan Kumar Hussayn Tah Al-Azawi,Marwan Hussayn Tah Al-Azawi,DISP_MIDDLE_NAME_CONFLICT,Middle names are irreconcilably different,"I am comparing the client name 'Marwan Ibrahim Hussayn Tah Al-Azawi' against the hit name 'Marwan Kumar Hussayn Tah Al-Azawi'. Looking at the names token-by-token: the first name 'Marwan' matches; the subsequent middle names 'Hussayn', 'Tah', and the family name 'Al-Azawi' also match perfectly. However, there is a critical discrepancy in the second token. The client has the middle name 'Ibrahim', whereas the candidate hit has the middle name 'Kumar'. 'Ibrahim' is an Arabic name, while 'Kumar' is a name of Indian origin. These are two entirely different names from different cultural and linguistic backgrounds and cannot be attributed to a typo, transliteration difference, or abbreviation. Because the middle names are irreconcilably different, these represent two distinct individuals.",disqualify,ollama
Thida Oo,Oo Thida,Thida Oo,DISP_TOKEN_ORDER_SWAP,Name tokens in different sequence,"I am comparing the Client Name 'Thida Oo' against the Candidate Hit 'Oo Thida'. I see that both names contain the exact same two tokens: 'Thida' and 'Oo'. The only difference is the sequence in which they appear. In the client record, 'Thida' is first and 'Oo' is second, whereas in the hit record, 'Oo' is first and 'Thida' is second. This is a classic token order swap, which frequently occurs in AML screening due to different regional naming conventions (Given Name/Surname vs Surname/Given Name). Since all name elements are identical and only the order differs, this is a high-probability match.",escalate to analyst,ollama
Vladimir Krylov,Vladimir Gonzalez,Vladimir,DISP_SURNAME_CONFLICT,Surnames are entirely different names,"I am comparing the client 'Vladimir Krylov' against the candidate hit 'Vladimir Gonzalez'. I start by looking at the first name; both share the name 'Vladimir', which is a common given name. Moving to the surname, I compare 'Krylov' with 'Gonzalez'. These are two entirely different surnames from different linguistic and cultural origins (Slavic vs. Hispanic). There is no evidence of a typo, transliteration variant, or phonetic similarity between the two surnames. Because the surnames are irreconcilably different, these represent two distinct individuals who happen to share a common first name.",disqualify,ollama
Salah Habib,Salah Kuznetsov,Salah,DISP_SURNAME_CONFLICT,Surnames are entirely different names,"I am comparing the client name 'Salah Habib' against the candidate hit 'Salah Kuznetsov'. I start by looking at the first name: both records share the name 'Salah', which is a common given name. I then move to the surnames. The client's surname is 'Habib', while the candidate hit's surname is 'Kuznetsov'. These two surnames are entirely different in origin, spelling, and phonetic structure. There is no evidence of a typo, transliteration variant, or phonetic divergence that would link 'Habib' to 'Kuznetsov'. Because the surnames are irreconcilably different, these represent two distinct individuals who happen to share a common first name.",disqualify,ollama
Francesco Bidognetti,Francesco Huang,Francesco,DISP_SURNAME_CONFLICT,Surnames are entirely different names,"I am comparing the client 'Francesco Bidognetti' against the candidate hit 'Francesco Huang'. I start by looking at the first names; both are 'Francesco', which is a common given name. I then move to the surnames. The client's surname is 'Bidognetti', which is of Italian origin. The candidate hit's surname is 'Huang', which is of Chinese origin. These two surnames are entirely different in origin, spelling, and phonetics. There is no evidence of a typo, transliteration variant, or maiden name change. Because the surnames are irreconcilably different, these are clearly two distinct individuals who happen to share a common first name.",disqualify,ollama
Francesco Schiavone,Schiavone Francesco,Francesco Schiavone,DISP_TOKEN_ORDER_SWAP,Name tokens in different sequence,"I am comparing the Client Name 'Francesco Schiavone' against the Candidate Hit Name 'Schiavone Francesco'. Looking at the tokens, both names contain the exact same two words: 'Francesco' and 'Schiavone'. The only difference is the sequence in which they appear. The client record follows the Given Name-Surname format, while the hit record follows the Surname-Given Name format. Since all name elements are identical and only the order is reversed, this is a clear case of a token order swap.",escalate to analyst,ollama
Subhi Tufayli,Subhi Choi,Subhi,DISP_SURNAME_CONFLICT,Surnames are entirely different names,"I am comparing the Client Name 'Subhi Tufayli' against the Candidate Hit Name 'Subhi Choi'. Looking at the first tokens, both names share the given name 'Subhi', which is a common match. However, when I examine the surnames, 'Tufayli' and 'Choi' are entirely different. 'Tufayli' appears to be of Arabic origin, whereas 'Choi' is a distinct Korean surname. There are no phonetic similarities, transliteration variants, or clerical typos that could link these two surnames. Because the surnames are irreconcilably different, these represent two distinct individuals who happen to share the same first name.",disqualify,ollama
Alexander Anatolevich Skachkov,Alexander Anatolevich Martinez,Alexander Anatolevich,DISP_SURNAME_CONFLICT,Surnames are entirely different names,"I am comparing the client name 'Alexander Anatolevich Skachkov' against the candidate hit 'Alexander Anatolevich Martinez'. Breaking this down token-by-token: The first name 'Alexander' is an exact match. The middle name/patronymic 'Anatolevich' is also an exact match. However, when I look at the surnames, 'Skachkov' and 'Martinez' are entirely different. 'Skachkov' is a Slavic surname, while 'Martinez' is a Spanish surname. There is no phonetic similarity, transliteration overlap, or typo that could link these two names. Despite the coincidental match of the first and middle names, the surnames are irreconcilably different, indicating these are two distinct individuals.",disqualify,ollama
Yong Chol Jo,Yong Ali Jo,Yong Jo,DISP_MIDDLE_NAME_CONFLICT,Middle names are irreconcilably different,"I am comparing the Client Name 'Yong Chol Jo' against the Candidate Hit Name 'Yong Ali Jo'. Breaking the names down token by token: the first name 'Yong' matches exactly, and the surname 'Jo' matches exactly. However, I am looking at the middle names: the client has 'Chol' while the candidate hit has 'Ali'. 'Chol' and 'Ali' are completely different names with no phonetic similarity, no transliteration overlap, and no evidence of being abbreviations of one another. Because the middle names are irreconcilably different, these represent two distinct individuals who happen to share a common first and last name.",disqualify,ollama
Gulnara Suleymanovna Kerimova,Kerimova Gulnara Suleymanovna,Gulnara Suleymanovna Kerimova,DISP_TOKEN_ORDER_SWAP,Name tokens in different sequence,"I am comparing the Client Name 'Gulnara Suleymanovna Kerimova' against the Candidate Hit Name 'Kerimova Gulnara Suleymanovna'. I observe that all three name components are identical in both records: the given name 'Gulnara', the patronymic 'Suleymanovna', and the surname 'Kerimova'. The only difference is the sequence in which they are listed. The client record follows the Given Name -> Patronymic -> Surname format, whereas the hit record follows the Surname -> Given Name -> Patronymic format, which is a common recording variation in Eastern European and Central Asian jurisdictions. Since the tokens are an exact match and only the order differs, this is a clear match.",escalate to analyst,ollama
Yahya Mahmoodzadeh,Yahya V. Mahmoodzadeh,Yahya Mahmoodzadeh,DISP_MIDDLE_NAME_OMITTED,Middle name absent from one record,"I am comparing the Client Name 'Yahya Mahmoodzadeh' against the Candidate Hit 'Yahya V. Mahmoodzadeh'. First, I look at the given name: 'Yahya' matches exactly in both records. Next, I look at the surname: 'Mahmoodzadeh' matches exactly in both records. The only difference is the presence of a middle initial 'V.' in the Candidate Hit name, which is completely absent from the Client Name record. In AML screening, it is very common for one database to omit a middle name or initial while another includes it. Since the first and last names are identical and there is no conflicting middle name present to suggest these are two different people, I treat this as a match where the middle name was simply omitted from the client record.",escalate to analyst,ollama
Kwang-Il Kim,Kwang-Il Hussein Kim,Kwang-Il Kim,DISP_MIDDLE_NAME_CONFLICT,Middle names are irreconcilably different,"I am comparing the Client Name 'Kwang-Il Kim' against the Candidate Hit 'Kwang-Il Hussein Kim'. Both names share the given name 'Kwang-Il' and the surname 'Kim'. However, the candidate hit contains an additional middle name, 'Hussein'. Given the cultural origins of the names, 'Kwang-Il' and 'Kim' are typically Korean, whereas 'Hussein' is an Arabic name. The presence of 'Hussein' as a middle name creates a significant and irreconcilable conflict, as it suggests the candidate hit is a different individual with a distinct multi-ethnic or different cultural naming background compared to the client. This is not a case of a missing middle name or an abbreviation, but the presence of a specific, conflicting name token that distinguishes these two people.",disqualify,ollama
Vadim Yevgenyevich Dengin,Vadim Yevgenyevich Patel,Vadim Yevgenyevich,DISP_SURNAME_CONFLICT,Surnames are entirely different names,"I am comparing the client name 'Vadim Yevgenyevich Dengin' against the candidate hit 'Vadim Yevgenyevich Patel'. I started by reviewing the first names, which are an exact match ('Vadim'). I then looked at the patronymics/middle names, which are also an exact match ('Yevgenyevich'). Finally, I compared the surnames. The client's surname is 'Dengin', whereas the candidate hit's surname is 'Patel'. These are two entirely different surnames from different linguistic and ethnic origins. There is no evidence of a typo, transliteration variant, or phonetic similarity between 'Dengin' and 'Patel'. Because the surnames are irreconcilably different, these are clearly two distinct individuals who happen to share a common first name and patronymic.",disqualify,ollama
Aping Juntarapraporn,Aping Takahashi,Aping,DISP_SURNAME_CONFLICT,Surnames are entirely different names,"I am comparing the client name 'Aping Juntarapraporn' against the candidate hit 'Aping Takahashi'. Both individuals share the first name 'Aping'. However, I am looking at the surnames: 'Juntarapraporn' and 'Takahashi'. These are entirely different surnames from different linguistic origins; 'Juntarapraporn' is characteristic of Thai naming conventions, while 'Takahashi' is a common Japanese surname. There is no evidence of a typo, transliteration variant, or phonetic similarity between these two family names. Because the surnames are irreconcilably different, these are two distinct individuals who happen to share a first name.",disqualify,ollama
Alexander Aleksandrovich Kokorev,Alexander Aleksadnrovich Kokorev,Alexander Kokorev,DISP_MINOR_TYPO,Single character typo or keyboard slip,"I am comparing the Client Name 'Alexander Aleksandrovich Kokorev' against the Candidate Hit 'Alexander Aleksadnrovich Kokorev'. First, the given name 'Alexander' matches exactly. Second, the surname 'Kokorev' matches exactly. Looking at the patronymic, the client record shows 'Aleksandrovich' while the hit record shows 'Aleksadnrovich'. I can see that the 'n' and 'd' have been swapped (transposed) in the hit record. This is a classic clerical keyboard slip/typo. Since the first and last names are identical and the middle name is a clear transposition error, I believe these refer to the same individual.",escalate to analyst,ollama
Babak Morteza Zanjani,Babak Morteza Al-Sabah,Babak Morteza,DISP_SURNAME_CONFLICT,Surnames are entirely different names,"I am comparing the Client Name 'Babak Morteza Zanjani' against the Candidate Hit Name 'Babak Morteza Al-Sabah'. Breaking this down token by token: the first name 'Babak' matches exactly, and the middle name 'Morteza' matches exactly. However, when I look at the surnames, 'Zanjani' and 'Al-Sabah' are entirely different names with no phonetic or orthographic similarity. 'Zanjani' is a distinct Persian surname, whereas 'Al-Sabah' is a distinct Arabic dynastic name. Because the surnames are irreconcilably different, these represent two distinct individuals who happen to share the same given and middle names.",disqualify,ollama
Khalid Jameel Abed Albakhatra,Kalid Jameel Abed Albakhatra,Jameel Abed Albakhatra,DISP_TRANSLITERATION_VARIANT,"Same name, different transliteration standard","I am comparing the Client Name 'Khalid Jameel Abed Albakhatra' against the Candidate Hit 'Kalid Jameel Abed Albakhatra'. Breaking this down token by token: the second, third, and fourth names ('Jameel', 'Abed', and 'Albakhatra') are identical matches. Looking at the first name, the client is listed as 'Khalid' (with an 'h') and the hit is 'Kalid' (without an 'h'). In Arabic-to-English transliteration, the 'kh' sound (represented by the letter Kha) is frequently rendered as either 'Kh' or simply 'K' depending on the transcription standard used. Because the rest of the multi-part name is an exact match, this is a clear transliteration variant of the same individual.",escalate to analyst,ollama
Aleksey Valentinovich Muratov,Aleksey Valentinovich Liu,Aleksey Valentinovich,DISP_SURNAME_CONFLICT,Surnames are entirely different names,"I am comparing the Client Name 'Aleksey Valentinovich Muratov' against the Candidate Hit Name 'Aleksey Valentinovich Liu'. Breaking this down token-by-token: the first name 'Aleksey' is an exact match. The middle name/patronymic 'Valentinovich' is also an exact match. However, when I look at the surnames, 'Muratov' and 'Liu' are entirely different names from different linguistic and cultural origins. There is no evidence of a typo, transliteration variant, or phonetic similarity between these two surnames. Since the surnames are irreconcilably different, these are two distinct individuals who happen to share a common first and middle name.",disqualify,ollama
Erick Manuel Ochoa Villagran,Erick M. Ochoa Villagran,Erick M. Ochoa Villagran,DISP_MIDDLE_NAME_ABBREVIATED,Middle name shortened to initial,"I am comparing the Client Name 'Erick Manuel Ochoa Villagran' against the Candidate Hit 'Erick M. Ochoa Villagran'. Looking at the tokens: the first name 'Erick' is an exact match. The middle name 'Manuel' in the client record is represented by the initial 'M.' in the hit record, which is a common recording practice. The surnames 'Ochoa Villagran' match exactly in both sequence and spelling. Since the only difference is the abbreviation of the middle name to an initial, this is a clear match for the same individual.",escalate to analyst,ollama
Ananya Singh,Ananya Sing,Ananya,DISP_PHONETIC_SURNAME_DIVERGENCE,Surnames phonetically shifted but distinct,"I am comparing the client 'Ananya Singh' against the candidate hit 'Ananya Sing'. The first names are an exact match ('Ananya'). Moving to the surnames, the client's surname is 'Singh', a very common Indian surname. The candidate's surname is 'Sing'. While these look similar at a glance, 'Sing' is a distinct surname and not a recognized common misspelling or transliteration variant of 'Singh' in this specific compliance context. In name screening, the addition or omission of the 'h' in this specific surname can differentiate two legally distinct families or individuals. Because the surnames are phonetically similar but legally distinct, I am treating this as a divergence rather than a clerical typo.",disqualify,ollama
Benjamin Alberto Arellano Felix,Benjamin Alberto Arellano Ito,Benjamin Alberto Arellano,DISP_SURNAME_CONFLICT,Surnames are entirely different names,"I am reviewing the Client Name 'Benjamin Alberto Arellano Felix' against the Candidate Hit Name 'Benjamin Alberto Arellano Ito'. Comparing the names token-by-token: the first name 'Benjamin', the middle name 'Alberto', and the first surname 'Arellano' are identical in both records. However, I must evaluate the final surname. The client's second surname is 'Felix', while the candidate hit's second surname is 'Ito'. These are two entirely different names with no phonetic similarity, transliteration overlap, or clerical resemblance. In many Spanish-naming jurisdictions, the second surname (maternal) is a critical identifier. Because 'Felix' and 'Ito' are irreconcilably different, these represent two distinct individuals who happen to share the same first three name components.",disqualify,ollama
Mokhtar Belmokhtar,Mokhtar Nielsen,Mokhtar,DISP_SURNAME_CONFLICT,Surnames are entirely different names,"I am comparing the Client Name 'Mokhtar Belmokhtar' against the Candidate Hit Name 'Mokhtar Nielsen'. Breaking these down token by token: the first names are an exact match ('Mokhtar'). However, when I evaluate the surnames, 'Belmokhtar' and 'Nielsen' are entirely different names with no phonetic, transliteration, or clerical relationship. 'Belmokhtar' appears to be of Arabic origin, whereas 'Nielsen' is a common Scandinavian surname. There is no evidence of a typo or a name swap here; these are two distinct individuals who happen to share a common first name. Because the surnames are irreconcilably different, this is a false positive.",disqualify,ollama
Abdul Samad Achekzai,Abdul S. Achekzai,Abdul S. Achekzai,DISP_MIDDLE_NAME_ABBREVIATED,Middle name shortened to initial,"I am comparing the client name 'Abdul Samad Achekzai' against the candidate hit 'Abdul S. Achekzai'. First, I look at the first name: 'Abdul' matches exactly in both records. Next, I look at the surname: 'Achekzai' matches exactly in both records. Finally, I evaluate the middle name. The client record provides the full middle name 'Samad', whereas the candidate hit provides only the initial 'S.'. As a human reviewer, I recognize that 'S.' is a standard abbreviation for 'Samad'. Since the first and last names are identical and the middle name is simply abbreviated to an initial, these records likely refer to the same individual.",escalate to analyst,ollama
Antonio Agustin Figal Arranz,Antonio Agustin Figal Wang,Antonio Agustin Figal,DISP_SURNAME_CONFLICT,Surnames are entirely different names,"I am comparing the client name 'Antonio Agustin Figal Arranz' against the hit name 'Antonio Agustin Figal Wang'. Breaking the names down token by token: the first name 'Antonio', the middle name 'Agustin', and the first surname 'Figal' are identical in both records. However, I must look at the final surname. The client has the surname 'Arranz', while the hit has the surname 'Wang'. 'Arranz' is a name of Spanish origin, whereas 'Wang' is a common Chinese surname. These are two entirely different family names with no phonetic, transliteration, or clerical relationship. Because the final surnames are irreconcilably different, I am confident these are two distinct individuals who happen to share the same given names and first surname.",disqualify,ollama
Sayyed Hosein Majid Musavi Eftekhari,Sayyed Wei Majid Musavi Eftekhari,Sayyed Majid Musavi Eftekhari,DISP_MIDDLE_NAME_CONFLICT,Middle names are irreconcilably different,"I am comparing the client name 'Sayyed Hosein Majid Musavi Eftekhari' against the hit name 'Sayyed Wei Majid Musavi Eftekhari'. Breaking these down token by token: both names share the prefix 'Sayyed', the middle/surname sequence 'Majid Musavi Eftekhari', and the general structure. However, there is a critical conflict in the second token. The client has the name 'Hosein', which is a common Persian/Arabic given name. The hit has the name 'Wei', which is a common Chinese given name. 'Hosein' and 'Wei' are irreconcilably different in terms of origin, phonetics, and spelling; they cannot be attributed to a typo, transliteration variant, or abbreviation. Because these two distinct given names appear in the same position within otherwise similar name strings, it indicates these are two different individuals who happen to share a common religious prefix and family name sequence.",disqualify,ollama
Alfonso Echegaray Achirica,Alfonso Echegaray Ivanov,Alfonso Echegaray,DISP_SURNAME_CONFLICT,Surnames are entirely different names,"I am comparing the Client Name 'Alfonso Echegaray Achirica' against the Candidate Hit Name 'Alfonso Echegaray Ivanov'. Breaking the names down token-by-token: the first name 'Alfonso' matches exactly. The second token 'Echegaray' matches exactly. However, I must evaluate the final name tokens. The client has the surname 'Achirica', whereas the hit has the surname 'Ivanov'. 'Achirica' and 'Ivanov' are entirely different names with no phonetic similarity, no common transliteration overlap, and no evidence of being a typo of one another. They represent two distinct family lineages (one likely Hispanic and one Slavic). Because the surnames are irreconcilably different, these are two distinct individuals who happen to share a first and middle/primary surname.",disqualify,ollama
Konstantin Viktorovich Kilimnik,Konstantin Kilimnik,Konstantin Kilimnik,DISP_MIDDLE_NAME_OMITTED,Middle name absent from one record,"I am comparing the client name 'Konstantin Viktorovich Kilimnik' against the candidate hit 'Konstantin Kilimnik'. First, I look at the given name: 'Konstantin' matches exactly in both records. Next, I look at the surname: 'Kilimnik' matches exactly in both records. I then observe that the client record contains a middle name/patronymic, 'Viktorovich', which is completely absent from the candidate hit record. In AML screening, it is very common for databases to omit the patronymic or middle name while maintaining the core identity of the individual. Since the first and last names are identical and there are no conflicting middle names present to suggest these are different people, this is a potential match.",escalate to analyst,ollama
Skender Habibi,Skender Schneider,Skender,DISP_SURNAME_CONFLICT,Surnames are entirely different names,"I am comparing the Client Name 'Skender Habibi' against the Candidate Hit 'Skender Schneider'. Looking at the first token, both names share the given name 'Skender', which is a match. However, when I evaluate the surnames, 'Habibi' and 'Schneider' are entirely different names with no phonetic, linguistic, or clerical relationship. 'Habibi' is of Arabic origin, whereas 'Schneider' is of Germanic origin. There is no evidence of a typo, transliteration variant, or alias here; these are two distinct surnames belonging to two different individuals. Because the surnames are irreconcilably different, this is a false positive.",disqualify,ollama
Reza Talaei Nik,Reza Talaei Perez,Reza Talaei,DISP_SURNAME_CONFLICT,Surnames are entirely different names,"I am comparing the client 'Reza Talaei Nik' against the candidate hit 'Reza Talaei Perez'. Breaking the names down token by token: the first name 'Reza' matches exactly. The second token 'Talaei' also matches exactly. However, I must evaluate the final surname token. The client's surname is 'Nik', whereas the candidate's surname is 'Perez'. These two names are entirely different in origin, phonetics, and structure. 'Nik' is common in Persian/Central Asian contexts, while 'Perez' is of Spanish origin. There is no evidence of a typo, transliteration variant, or abbreviation here; these are two distinct surnames. Because the final identifying surname differs completely, I conclude these are two different individuals who happen to share a first and middle name.",disqualify,ollama
Chol Song Jo,Chol S. Jo,Chol Jo,DISP_MIDDLE_NAME_ABBREVIATED,Middle name shortened to initial,"I am comparing 'Chol Song Jo' against 'Chol S. Jo'. Looking at the first token, 'Chol' is an exact match in both records. Looking at the last token, 'Jo' is an exact match in both records. The middle token in the client name is 'Song', whereas the hit name contains the initial 'S.'. It is highly probable that 'S.' is simply an abbreviation of 'Song'. Because the first and last names match exactly and the middle initial aligns with the first letter of the client's middle name, this is a likely match.",escalate to analyst,ollama
Mohammad Reza Ansari,Mohammad Reza Yang,Mohammad Reza,DISP_SURNAME_CONFLICT,Surnames are entirely different names,"I am comparing the Client Name 'Mohammad Reza Ansari' against the Candidate Hit Name 'Mohammad Reza Yang'. Breaking these down token-by-token: the first name 'Mohammad' matches exactly, and the middle name 'Reza' matches exactly. However, when I look at the surnames, the client's surname is 'Ansari' and the candidate's surname is 'Yang'. These are two entirely different surnames from different linguistic and cultural origins. There is no evidence of a typo, transliteration variant, or phonetic similarity between 'Ansari' and 'Yang'. Because the surnames are irreconcilably different, these are clearly two distinct individuals who happen to share a common first and middle name combination.",disqualify,ollama
Miodrag Davidovic,Miodrag Pierre Davidovic,Miodrag Davidovic,DISP_MIDDLE_NAME_CONFLICT,Middle names are irreconcilably different,"I am comparing the Client Name 'Miodrag Davidovic' against the Candidate Hit 'Miodrag Pierre Davidovic'. First, I look at the given name: 'Miodrag' matches exactly in both records. Next, I look at the surname: 'Davidovic' matches exactly in both records. However, the Candidate Hit contains a middle name, 'Pierre', which is entirely absent from the Client's name. In this specific context, 'Pierre' is a distinct French given name that does not appear to be a middle name abbreviation or a transliteration variant of any part of the client's name. The presence of a specific, irreconcilable middle name suggests these are two different individuals who happen to share a common first and last name. Because the middle name 'Pierre' creates a clear distinction between the two profiles, I am treating this as a conflict.",disqualify,ollama
Jian Yang,Jan Yang,Jan Yang,DISP_MINOR_TYPO,Single character typo or keyboard slip,"I am comparing the Client Name 'Jian Yang' against the Candidate Hit 'Jan Yang'. Looking at the surname, 'Yang' is an exact match in both records. Looking at the first name, 'Jian' and 'Jan' are nearly identical, differing by only a single character ('i'). In a manual review, this appears to be a common clerical typo or a slight misspelling during data entry. Because the surname matches exactly and the first name is a one-character variation, I consider this a potential match that requires further investigation.",escalate to analyst,ollama
'Adnan Al-Hamidawi,'Adnan Smith,Adnan,DISP_SURNAME_CONFLICT,Surnames are entirely different names,"I am comparing the client name 'Adnan Al-Hamidawi' against the candidate hit 'Adnan Smith'. Looking at the first token, both names share the given name 'Adnan'. However, when I evaluate the surnames, 'Al-Hamidawi' and 'Smith' are entirely different names with no phonetic, transliteration, or clerical relationship. 'Al-Hamidawi' is an Arabic-origin surname, whereas 'Smith' is an English-origin surname. There is no evidence to suggest these are variations of the same name. The overlap is limited to a common first name, which is insufficient to establish a match.",disqualify,ollama
Hassan Pelarak,Hassan Jean Pelarak,Hassan Pelarak,DISP_MIDDLE_NAME_CONFLICT,Middle names are irreconcilably different,"I am comparing the Client Name 'Hassan Pelarak' against the Candidate Hit 'Hassan Jean Pelarak'. Both records share the first name 'Hassan' and the surname 'Pelarak'. However, the Candidate Hit contains a middle name, 'Jean', which is entirely absent from the Client's name. In this specific screening context, 'Jean' is a distinct given name that creates a conflict rather than a simple omission or abbreviation. The presence of a specific, irreconcilable middle name in the hit suggests that these are two different individuals who happen to share a first and last name. Therefore, the middle name 'Jean' serves as a disqualifying factor.",disqualify,ollama
Lumberto Ignacio Campbell Hooker,Lumberto Ignacio Campbell Martinez,Lumberto Ignacio Campbell,DISP_SURNAME_CONFLICT,Surnames are entirely different names,"I am comparing the client name 'Lumberto Ignacio Campbell Hooker' against the candidate hit 'Lumberto Ignacio Campbell Martinez'. I start by reviewing the given names: 'Lumberto' and 'Ignacio' match exactly in both records. I then look at the subsequent tokens. Both names share the token 'Campbell'. However, the final surname in the client's name is 'Hooker', whereas the final surname in the candidate hit is 'Martinez'. In many naming conventions, particularly Hispanic ones, these represent distinct paternal or maternal surnames. 'Hooker' and 'Martinez' are entirely different names with no phonetic similarity, transliteration relationship, or typo connection. Because the primary identifying surnames are irreconcilably different, these are two distinct individuals who happen to share a first name, middle name, and one surname.",disqualify,ollama
Tahir Nasuf,Tahir Moreau,Tahir,DISP_SURNAME_CONFLICT,Surnames are entirely different names,"I am comparing the Client Name 'Tahir Nasuf' against the Candidate Hit Name 'Tahir Moreau'. I begin by looking at the first names; both share the given name 'Tahir', which is a common match. However, when I move to the surnames, I see 'Nasuf' and 'Moreau'. These two surnames are entirely different in origin, spelling, and sound. There is no evidence of a typo, transliteration variant, or phonetic shift that would link 'Nasuf' to 'Moreau'. Because the surnames are irreconcilably different, these are two distinct individuals who happen to share a first name.",disqualify,ollama
Hasan Ahmad Hasan Muhammad Al-Kuhlani,Hasan Ahmad Hasan Muhammad Rao,Hasan Ahmad Hasan Muhammad,DISP_SURNAME_CONFLICT,Surnames are entirely different names,"I am comparing the Client Name 'Hasan Ahmad Hasan Muhammad Al-Kuhlani' against the Candidate Hit Name 'Hasan Ahmad Hasan Muhammad Rao'. I will evaluate these token by token. Both names share an identical sequence of four names: 'Hasan', 'Ahmad', 'Hasan', and 'Muhammad'. However, when I reach the final token—which represents the family name or surname—there is a complete conflict. The client's surname is 'Al-Kuhlani', whereas the hit's surname is 'Rao'. These are two entirely different surnames from different linguistic and cultural origins. Despite the coincidental overlap of the given and middle names, the distinct surnames indicate that these are two separate individuals.",disqualify,ollama
Fereidoun Abbasi-Davani,Fereidoun Huang,Fereidoun,DISP_SURNAME_CONFLICT,Surnames are entirely different names,"I am comparing the Client Name 'Fereidoun Abbasi-Davani' against the Candidate Hit 'Fereidoun Huang'. I start by reviewing the first names: both share the name 'Fereidoun', which is a match. I then move to the surnames. The client has a compound Persian surname 'Abbasi-Davani', whereas the candidate hit has the surname 'Huang'. These two surnames are completely different in origin, phonetics, and structure. There is no evidence of a typo, transliteration variant, or abbreviation that could link 'Abbasi-Davani' to 'Huang'. Because the surnames are irreconcilably different, these are two distinct individuals who happen to share a first name.",disqualify,ollama
Ashraf Seed Ahmed Al-Cardinal,Ashraf Seed Ahmed Davis,Ashraf Seed Ahmed,DISP_SURNAME_CONFLICT,Surnames are entirely different names,"I began by comparing the names token-by-token from left to right. The first three tokens ('Ashraf', 'Seed', and 'Ahmed') are identical in both the client name and the candidate hit name. However, when I reached the final token, which represents the surname/family name, I found a complete conflict. The client's surname is 'Al-Cardinal', whereas the candidate hit's surname is 'Davis'. 'Al-Cardinal' and 'Davis' are entirely different names with no phonetic similarity, no common transliteration roots, and no evidence of being aliases for one another. Because the surnames are irreconcilably different, these represent two distinct individuals who happen to share the same given and middle names.",disqualify,ollama
Cho'ng-Ch'o'l Mun,Cho'ng-Ch'o'l Pratap Mun,Cho'ng-Ch'o'l Mun,DISP_MIDDLE_NAME_CONFLICT,Middle names are irreconcilably different,"I am comparing the Client Name 'Cho'ng-Ch'o'l Mun' against the Candidate Hit 'Cho'ng-Ch'o'l Pratap Mun'. Breaking these down token by token: the first name 'Cho'ng-Ch'o'l' matches exactly in both records, and the surname 'Mun' matches exactly. However, the candidate hit contains an additional name element, 'Pratap', which is positioned as a middle name. 'Pratap' is a distinct, culturally specific name that does not appear in the client's record, nor is it an abbreviation or a transliteration of any part of the client's name. The presence of an entirely different middle name suggests these are two distinct individuals who happen to share the same given name and surname.",disqualify,ollama
Kagiso Rabada,Kagiso Takahashi,Kagiso,DISP_SURNAME_CONFLICT,Surnames are entirely different names,"I am comparing the client name 'Kagiso Rabada' against the candidate hit 'Kagiso Takahashi'. Looking at the first token, both names share the given name 'Kagiso'. However, when I move to the surnames, 'Rabada' and 'Takahashi' are entirely different names with no phonetic similarity, common transliteration overlap, or clerical resemblance. 'Rabada' is typically of Southern African origin, whereas 'Takahashi' is a common Japanese surname. Because the surnames are irreconcilably different, these represent two distinct individuals who happen to share a first name.",disqualify,ollama
Safet Durguti,Safet Davis,Safet,DISP_SURNAME_CONFLICT,Surnames are entirely different names,"I am comparing the Client Name 'Safet Durguti' against the Candidate Hit 'Safet Davis'. Looking at the first token, both names share the given name 'Safet'. However, when I move to the surnames, I see 'Durguti' versus 'Davis'. These are two entirely different surnames with no phonetic similarity, no common transliteration roots, and no evidence of a clerical typo. 'Durguti' appears to be of Balkan/Albanian origin, whereas 'Davis' is a common English/Welsh surname. Because the surnames are irreconcilably different, these represent two distinct individuals who happen to share a first name.",disqualify,ollama
Gregory Vasili Dimitry,Gregory Vasili Dimitrey,Gregory Vasili,DISP_PHONETIC_SURNAME_DIVERGENCE,Surnames phonetically shifted but distinct,"I am comparing the client 'Gregory Vasili Dimitry' against the candidate hit 'Gregory Vasili Dimitrey'. The first name 'Gregory' and middle name 'Vasili' are identical in both records. I am now focusing on the surnames. The client's surname is 'Dimitry' and the candidate's surname is 'Dimitrey'. While these look very similar, in the context of legal name screening, the addition of the 'e' creates a distinct phonetic and orthographic variation. Given the instruction that this is a False Positive where the individuals are distinct despite the overlap, I am treating 'Dimitry' and 'Dimitrey' as legally distinct surnames rather than a simple typo. Because the surnames are phonetically shifted but represent different legal identities in this specific context, they are irreconcilable.",disqualify,ollama
Ahmad Fathi,Ahmad Ftahi,Ahmad Fathi,DISP_MINOR_TYPO,Single character typo or keyboard slip,"I am comparing the Client Name 'Ahmad Fathi' against the Candidate Hit 'Ahmad Ftahi'. The first names are an exact match ('Ahmad'). When reviewing the surnames, 'Fathi' and 'Ftahi', I notice that all the same letters are present, but the 'a' and 't' have been swapped. This is a classic keyboard slip or clerical transposition error where two adjacent letters were entered in the wrong order. Given that the first names match perfectly and the surnames are identical except for this minor character swap, I believe this is the same individual.",escalate to analyst,ollama
Amer Kamal Sharif Alshawa,Amer Kamal Sharif Sharma,Amer Kamal Sharif,DISP_SURNAME_CONFLICT,Surnames are entirely different names,"I am comparing the Client Name 'Amer Kamal Sharif Alshawa' against the Candidate Hit Name 'Amer Kamal Sharif Sharma'. I will break these down token by token. The first three names—'Amer', 'Kamal', and 'Sharif'—are identical in both records. However, I must now evaluate the final token, which represents the surname. The client's surname is 'Alshawa', while the hit's surname is 'Sharma'. These are two entirely different surnames with different linguistic and cultural origins; 'Alshawa' is characteristic of Arabic naming conventions, whereas 'Sharma' is a common Indian/South Asian surname. There is no evidence of a typo, transliteration variant, or phonetic slip that would link these two distinct family names. Because the surnames are irreconcilably different, these records refer to two different individuals who happen to share the same given and middle names.",disqualify,ollama
Freddy Alfred Nazaret Nanez Contreras,Freddy Anthony Nazaret Nanez Contreras,Freddy Nazaret Nanez Contreras,DISP_MIDDLE_NAME_CONFLICT,Middle names are irreconcilably different,"I am comparing the Client Name 'Freddy Alfred Nazaret Nanez Contreras' against the Candidate Hit Name 'Freddy Anthony Nazaret Nanez Contreras'. Breaking these down token-by-token: the first names 'Freddy' match exactly. The surnames 'Nazaret Nanez Contreras' match exactly across both records. However, I encounter a conflict in the middle name sequence. The client has the middle name 'Alfred', whereas the candidate hit has the middle name 'Anthony'. 'Alfred' and 'Anthony' are two distinct, established first/middle names with different origins and phonetic structures; they are not typos, abbreviations, or transliteration variants of one another. Because these middle names are irreconcilably different, I am treating these as two distinct individuals who happen to share a common first name and a complex set of surnames.",disqualify,ollama
Gloria Amparo Duran Porras,Gloria Amparo Duran Yang,Gloria Amparo Duran,DISP_SURNAME_CONFLICT,Surnames are entirely different names,"I am reviewing the Client Name 'Gloria Amparo Duran Porras' against the Candidate Hit 'Gloria Amparo Duran Yang'. Breaking the names down token by token: the first name 'Gloria', the middle name 'Amparo', and the first surname 'Duran' are identical in both records. However, I must look at the final surname. The client's second surname is 'Porras', whereas the candidate hit's second surname is 'Yang'. These are two entirely different surnames with no phonetic similarity, transliteration relationship, or clerical overlap. In Hispanic naming customs, the second surname is typically the paternal or maternal line; having different second surnames indicates these are two distinct individuals who happen to share a common first and middle name combination. Because the surnames are irreconcilably different, this is a false positive.",disqualify,ollama
Lucia Gomez,Lucia Hernandez,Lucia,DISP_SURNAME_CONFLICT,Surnames are entirely different names,"I am comparing the Client Name 'Lucia Gomez' against the Candidate Hit Name 'Lucia Hernandez'. I start by reviewing the first names: both are 'Lucia', which is a perfect match. Next, I evaluate the surnames. The client's surname is 'Gomez' and the candidate's surname is 'Hernandez'. These are two distinct, common Spanish surnames with no phonetic similarity, no evidence of a typo, and no indication that one is a variation of the other. Because the surnames are irreconcilably different, these represent two different individuals who happen to share a common first name.",disqualify,ollama
Alexander Aleksandrovich Malkevich,Alexander Aleksandrovich Kumar,Alexander Aleksandrovich,DISP_SURNAME_CONFLICT,Surnames are entirely different names,"I am comparing the client name 'Alexander Aleksandrovich Malkevich' against the hit name 'Alexander Aleksandrovich Kumar'. Breaking these down token by token: the first name 'Alexander' is an exact match. The patronymic/middle name 'Aleksandrovich' is also an exact match. However, when I look at the surnames, 'Malkevich' and 'Kumar' are entirely different names from different linguistic and cultural origins. 'Malkevich' is a Slavic surname, while 'Kumar' is of South Asian origin. There is no evidence of a typo, transliteration variant, or phonetic similarity between these two surnames. Because the surnames are irreconcilably different, these are two distinct individuals who happen to share a common first name and patronymic.",disqualify,ollama
Mohammad Reza Ale Ali,Mohammad Nour Ale Ali,Mohammad Ale Ali,DISP_MIDDLE_NAME_CONFLICT,Middle names are irreconcilably different,"I am comparing the client 'Mohammad Reza Ale Ali' against the candidate hit 'Mohammad Nour Ale Ali'. Breaking the names down token-by-token: both share the first name 'Mohammad' and the family name/suffix 'Ale Ali'. However, the middle names are 'Reza' for the client and 'Nour' for the hit. These are two distinct, common given names and are not variations, abbreviations, or typos of one another. Because the middle names are irreconcilably different, I am treating these as two different individuals who happen to share a first and last name.",disqualify,ollama
Jose Antonio Yepez Ortiz,Jose Antonio Yepez Balogun,Jose Antonio Yepez,DISP_SURNAME_CONFLICT,Surnames are entirely different names,"I am comparing the Client Name 'Jose Antonio Yepez Ortiz' against the Candidate Hit Name 'Jose Antonio Yepez Balogun'. Breaking the names down token-by-token: the first name 'Jose', the second name 'Antonio', and the first surname 'Yepez' are identical in both records. However, I must evaluate the final surname. The client's second surname is 'Ortiz', whereas the candidate hit's second surname is 'Balogun'. These two names are entirely different in origin, phonetics, and spelling. In many Spanish-naming conventions, the second surname is the paternal or maternal line; 'Ortiz' and 'Balogun' are irreconcilable and indicate two distinct individuals who happen to share the same first three name components. Because the surnames conflict entirely, this is a false positive.",disqualify,ollama
Qari Muhammad Yaqoob H,H Qari Muhammad Yaqoob,Qari Muhammad Yaqoob H,DISP_TOKEN_ORDER_SWAP,Name tokens in different sequence,"I am comparing the Client Name 'Qari Muhammad Yaqoob H' against the Candidate Hit Name 'H Qari Muhammad Yaqoob'. Breaking the names down token by token, I see that both records contain the exact same set of name elements: 'Qari', 'Muhammad', 'Yaqoob', and the initial 'H'. The only difference is the placement of the initial 'H', which appears at the end of the client string and at the beginning of the hit string. This is a common occurrence in global databases where initials may be recorded as a prefix or suffix depending on the data entry standard of the jurisdiction. Since all tokens are identical and only the sequence has changed, this is a clear token order swap.",escalate to analyst,ollama
Mohamed Ben Ahmed Mahri,Mohamed Ben Ahmed Liu,Mohamed Ben Ahmed,DISP_SURNAME_CONFLICT,Surnames are entirely different names,"I am comparing the client name 'Mohamed Ben Ahmed Mahri' against the candidate hit 'Mohamed Ben Ahmed Liu'. Breaking the names down token-by-token: the first three tokens ('Mohamed', 'Ben', 'Ahmed') are an exact match across both records. However, when I reach the final token—which represents the surname—I see 'Mahri' for the client and 'Liu' for the candidate. These are two entirely different surnames from different linguistic and geographic origins. Despite the coincidental overlap of the given names and patronymics, the irreconcilable difference in the surnames indicates that these are two distinct individuals.",disqualify,ollama
Yun Zhou,Yun Diallo,Yun,DISP_SURNAME_CONFLICT,Surnames are entirely different names,"I am comparing the client name 'Yun Zhou' against the candidate hit 'Yun Diallo'. Looking at the first token, both share the given name 'Yun'. However, when I examine the surnames, 'Zhou' and 'Diallo' are entirely different. 'Zhou' is a common Chinese surname, whereas 'Diallo' is a common West African surname. There is no evidence of a typo, transliteration variant, or phonetic similarity between these two surnames. They are irreconcilably different, indicating that these are two distinct individuals who happen to share a common first name.",disqualify,ollama
Sergey Anatolyevich Topor-Gilka,Sergey Anatolyevich Yang,Sergey Anatolyevich,DISP_SURNAME_CONFLICT,Surnames are entirely different names,"I began by comparing the first names; both are 'Sergey', which is a match. I then looked at the patronymics; both are 'Anatolyevich', which is also a match. Finally, I compared the surnames. The client's surname is 'Topor-Gilka', a compound name, while the candidate hit's surname is 'Yang'. These are entirely different surnames with no phonetic similarity, no transliteration overlap, and no common origin. Because the surnames are irreconcilably different, these records refer to two distinct individuals who happen to share a common first name and patronymic.",disqualify,ollama
Zhavit Hasani,Zhavit Hsani,Zhavit Hasani / Zhavit Hsani,DISP_MINOR_TYPO,Single character typo or keyboard slip,"I am comparing the client name 'Zhavit Hasani' against the hit name 'Zhavit Hsani'. First, I look at the first name: 'Zhavit' is an exact match in both records. Next, I examine the surname. The client record shows 'Hasani', while the hit record shows 'Hsani'. Comparing these two tokens, I can see that the only difference is a single missing 'a' in the hit record. This appears to be a classic clerical typo or a keyboard slip where a vowel was omitted during data entry. Given that the first name is identical and the surname is only one character apart, this is highly likely to be the same individual.",escalate to analyst,ollama
Vladimir Krylov,Vladimir Lawrence Krylov,Vladimir Krylov,DISP_MIDDLE_NAME_CONFLICT,Middle names are irreconcilably different,"I am comparing the Client Name 'Vladimir Krylov' against the Candidate Hit 'Vladimir Lawrence Krylov'. Both records share the same first name 'Vladimir' and the same surname 'Krylov'. However, the candidate hit includes a middle name, 'Lawrence'. In the context of Slavic names, 'Vladimir' is typically followed by a patronymic (e.g., Viktorovich). 'Lawrence' is an English/Western given name and does not function as a patronymic for a Russian-origin name like Krylov. The presence of a distinct, Western middle name in the hit record suggests this is a different individual from the client, as 'Lawrence' is an irreconcilable middle name addition rather than a simple omission or abbreviation. Therefore, I am treating this as a conflict of identity.",disqualify,ollama
Majid Dolatkhah,Mqjid Dolatkhah,Dolatkhah,DISP_MINOR_TYPO,Single character typo or keyboard slip,"I am comparing the Client Name 'Majid Dolatkhah' against the Candidate Hit Name 'Mqjid Dolatkhah'. First, I look at the surnames: both are identical ('Dolatkhah'). Next, I examine the first names. The client has 'Majid' and the hit has 'Mqjid'. I observe that the only difference is the second letter ('a' vs 'q'). On a standard QWERTY keyboard, the 'a' and 'q' keys are vertically adjacent, making this a classic keyboard slip or clerical typo. Given the identical surname and the single-character proximity error in the first name, I conclude these represent the same individual.",escalate to analyst,ollama
Muhammad Omar Zadran,Muhammad Pratap Zadran,Muhammad Zadran,DISP_MIDDLE_NAME_CONFLICT,Middle names are irreconcilably different,"I am comparing the Client Name 'Muhammad Omar Zadran' against the Candidate Hit 'Muhammad Pratap Zadran'. Breaking them down token-by-token: the first names are an exact match ('Muhammad') and the surnames are an exact match ('Zadran'). However, I am looking at the middle names: 'Omar' versus 'Pratap'. These are two distinct, established names from different linguistic/cultural origins and are not variations, typos, or abbreviations of one another. Because the middle names are irreconcilably different, I am treating these as two distinct individuals who happen to share a common first name and surname.",disqualify,ollama
Elena Chirkinyan,Elena Williams,Elena,DISP_SURNAME_CONFLICT,Surnames are entirely different names,"I am comparing the client name 'Elena Chirkinyan' against the candidate hit 'Elena Williams'. Looking at the first token, both names share the given name 'Elena'. However, moving to the surnames, 'Chirkinyan' and 'Williams' are entirely different names with no phonetic, linguistic, or clerical similarity. 'Chirkinyan' is an Armenian surname, whereas 'Williams' is of Welsh/English origin. There is no evidence of a typo, transliteration variant, or marriage-related name change that would link these two distinct surnames. Therefore, these are two different individuals who happen to share a common first name.",disqualify,ollama
Komeil Baradaran Salmani,Komeil Salmani,Komeil Salmani,DISP_MIDDLE_NAME_OMITTED,Middle name absent from one record,"I am comparing the Client Name 'Komeil Baradaran Salmani' against the Candidate Hit 'Komeil Salmani'. First, I look at the given name: 'Komeil' matches exactly in both records. Next, I look at the surname: 'Salmani' matches exactly in both records. The Client Name contains an additional token, 'Baradaran', positioned between the given name and the surname. In many jurisdictions, individuals may have multiple surnames or a middle/patronymic name that is frequently omitted in shorter records or simplified databases. Since the primary given name and the primary surname match perfectly, the absence of 'Baradaran' in the candidate hit is a common recording variation rather than a conflict. This is a likely match.",escalate to analyst,ollama
Sor Teresa Gomez Alvarez,Sor Teresa Gomez Al-Mansoor,Sor Teresa Gomez,DISP_SURNAME_CONFLICT,Surnames are entirely different names,"I am comparing the Client Name 'Sor Teresa Gomez Alvarez' against the Candidate Hit 'Sor Teresa Gomez Al-Mansoor'. Breaking this down token by token: the title 'Sor', the first name 'Teresa', and the first surname 'Gomez' are identical in both records. However, I must evaluate the second surname. The client's second surname is 'Alvarez', while the candidate hit's second surname is 'Al-Mansoor'. These are two entirely different family names from different linguistic and cultural origins. While they both happen to start with 'Al-', 'Alvarez' and 'Al-Mansoor' are irreconcilably different surnames. This indicates that the two records refer to two distinct individuals who happen to share the same first name and first surname.",disqualify,ollama
Jose Adelino Ornelas Ferreira,Jose Adelino Ornelas Okafor,Jose Adelino Ornelas,DISP_SURNAME_CONFLICT,Surnames are entirely different names,"I am comparing the client name 'Jose Adelino Ornelas Ferreira' against the candidate hit 'Jose Adelino Ornelas Okafor'. Breaking these down token-by-token: the first name 'Jose', the middle name 'Adelino', and the secondary name 'Ornelas' are identical in both records. However, I must look at the final surname. The client's surname is 'Ferreira', which is of Portuguese/Spanish origin. The candidate hit's surname is 'Okafor', which is of Igbo/West African origin. These two surnames are irreconcilably different and do not share any phonetic, transliterative, or clerical similarities. Despite the overlap of the first three names, the conflict in the primary family name indicates that these are two distinct individuals.",disqualify,ollama
Hasan Al-Shaban,Hasan Verma,Hasan,DISP_SURNAME_CONFLICT,Surnames are entirely different names,"I am comparing the Client Name 'Hasan Al-Shaban' against the Candidate Hit Name 'Hasan Verma'. First, I look at the given names: both share the first name 'Hasan', which is a common name. Next, I evaluate the surnames. The client's surname is 'Al-Shaban', which is of Arabic origin. The candidate hit's surname is 'Verma', which is of Indian origin. These two surnames are entirely different in origin, phonetics, and spelling. There is no evidence of a typo, transliteration variant, or clerical error that could link 'Al-Shaban' to 'Verma'. Because the surnames are irreconcilably different, these represent two distinct individuals who happen to share a common first name.",disqualify,ollama
Ruben Laredo Donjuan,Ruben Laredo Petrov,Ruben Laredo,DISP_SURNAME_CONFLICT,Surnames are entirely different names,"I am comparing the client 'Ruben Laredo Donjuan' against the candidate hit 'Ruben Laredo Petrov'. I start by reviewing the tokens from left to right. The first name 'Ruben' and the middle name 'Laredo' are an exact match in both records. However, when I reach the final token—the surname—I see 'Donjuan' for the client and 'Petrov' for the hit. These are two entirely different surnames with no phonetic similarity, no common transliteration root, and no evidence of a typo. Because the surnames are irreconcilably different, these records refer to two distinct individuals who happen to share a first and middle name.",disqualify,ollama
Mansour Eslami,Mansour Hiro Eslami,Mansour Eslami,DISP_MIDDLE_NAME_CONFLICT,Middle names are irreconcilably different,"I am comparing the client 'Mansour Eslami' against the hit 'Mansour Hiro Eslami'. Both records share the same first name 'Mansour' and the same surname 'Eslami'. However, the candidate hit contains an additional middle name, 'Hiro'. In a compliance context, 'Hiro' is a distinct name of a different linguistic origin (typically Japanese) that does not appear to be an abbreviation, a typo, or a transliteration of a middle name for the client. The presence of a specific, irreconcilably different middle name indicates that these are two distinct individuals who happen to share a common first and last name. Because the middle name introduces a conflict rather than a simple omission or abbreviation, I am treating this as a distinct person.",disqualify,ollama
Jasmeet Hakimzada,Jasmeet Francis Hakimzada,Jasmeet Hakimzada,DISP_MIDDLE_NAME_CONFLICT,Middle names are irreconcilably different,"I am comparing the Client Name 'Jasmeet Hakimzada' against the Candidate Hit 'Jasmeet Francis Hakimzada'. Breaking this down token by token: the first name 'Jasmeet' is an exact match in both records, and the surname 'Hakimzada' is also an exact match. However, the Candidate Hit contains a middle name, 'Francis', which is completely absent from the Client Name. In this specific screening context, the presence of a distinct, irreconcilable middle name like 'Francis' suggests that these are two different individuals who happen to share the same first and last name. Because the middle name creates a clear identity conflict rather than a simple omission or abbreviation, I am treating this as a distinct person.",disqualify,ollama
Musa Daud Muhammad Akari,Musa Daud Muhammad Traore,Musa Daud Muhammad,DISP_SURNAME_CONFLICT,Surnames are entirely different names,"I am comparing the Client Name 'Musa Daud Muhammad Akari' against the Candidate Hit 'Musa Daud Muhammad Traore'. I will evaluate this token-by-token. The first three tokens—'Musa', 'Daud', and 'Muhammad'—are identical in both records. However, when I reach the final token, which represents the surname, there is a clear conflict. The client's surname is 'Akari', while the hit's surname is 'Traore'. These are two entirely different family names with no phonetic similarity, transliteration overlap, or clerical resemblance. Despite the commonality of the given names, the distinct surnames indicate that these are two different individuals.",disqualify,ollama
Ziyad Sabsabi,Ziyad Traore,Ziyad,DISP_SURNAME_CONFLICT,Surnames are entirely different names,"I am comparing the Client Name 'Ziyad Sabsabi' against the Candidate Hit Name 'Ziyad Traore'. Breaking the names down token by token: the first names are an exact match ('Ziyad'). However, when I look at the surnames, 'Sabsabi' and 'Traore' are entirely different names with no phonetic similarities, shared roots, or evidence of clerical errors. They represent two distinct family names from different linguistic origins. Because the surnames are irreconcilably different, this is a case of two different individuals who happen to share a common first name.",disqualify,ollama
Mohamad Hasan Wehbe,Mohamad Hasan Weber,Mohamad Hasan,DISP_SURNAME_CONFLICT,Surnames are entirely different names,"I am comparing the client 'Mohamad Hasan Wehbe' against the candidate 'Mohamad Hasan Weber'. Breaking the names down token-by-token: the first name 'Mohamad' and the middle name 'Hasan' are identical in both records. However, I must now evaluate the surnames. The client's surname is 'Wehbe', which is a distinct Arabic surname. The candidate's surname is 'Weber', which is a common Germanic surname. While the two names share the first few letters ('We'), they are etymologically and legally distinct family names from different cultural origins. A difference in the final characters of a surname usually indicates two different individuals rather than a clerical typo or transliteration variant. Because the surnames are irreconcilably different, this is a false positive.",disqualify,ollama
Adham Husayn Tabaja,Adham Husayn Brown,Adham Husayn,DISP_SURNAME_CONFLICT,Surnames are entirely different names,"I am comparing the Client Name 'Adham Husayn Tabaja' against the Candidate Hit Name 'Adham Husayn Brown'. Looking at the tokens individually: the first name 'Adham' is an exact match. The middle name 'Husayn' is also an exact match. However, when I evaluate the surnames, I see 'Tabaja' for the client and 'Brown' for the hit. These are two entirely different surnames with no phonetic similarity, no common transliteration root, and no indication of a typo. Because the surnames are irreconcilably different, I am confident these are two distinct individuals who happen to share a common first and middle name.",disqualify,ollama
Tarek William Saab Halabi,Tarek James Saab Halabi,Tarek Saab Halabi,DISP_MIDDLE_NAME_CONFLICT,Middle names are irreconcilably different,"I am comparing the Client Name 'Tarek William Saab Halabi' against the Candidate Hit Name 'Tarek James Saab Halabi'. Breaking the names down token by token: the first name 'Tarek' matches exactly. The second token, which serves as a middle name, is 'William' for the client and 'James' for the candidate hit. These are two distinct, common English names with no phonetic similarity, transliteration overlap, or typo relationship. The final two tokens, 'Saab Halabi', match exactly. Because the middle names 'William' and 'James' are irreconcilably different, it indicates that these are two different individuals who happen to share the same first and last names. The conflict in the middle name is the deciding factor for disqualification.",disqualify,ollama
Ronaldo Galindo Lopez Escobar,Ronaldo Galindo Lopez Jones,Ronaldo Galindo Lopez,DISP_SURNAME_CONFLICT,Surnames are entirely different names,"I am comparing the client 'Ronaldo Galindo Lopez Escobar' against the candidate hit 'Ronaldo Galindo Lopez Jones'. Breaking the names down token-by-token: the first name 'Ronaldo' matches exactly. The subsequent names 'Galindo' and 'Lopez' also match exactly. However, when I reach the final surname, the client has 'Escobar' while the candidate hit has 'Jones'. In Hispanic naming conventions, the final surname is the paternal line and is a primary identifier. 'Escobar' and 'Jones' are entirely different surnames with no phonetic or orthographic similarity, indicating that these are two distinct individuals who happen to share the same given names and first surname. Because the primary surnames conflict irreconcilably, this is a false positive.",disqualify,ollama
Aleksandr Aleksandrovich Volosovik,Aleksandr Aleksandrovich Kowalski,Aleksandr Aleksandrovich,DISP_SURNAME_CONFLICT,Surnames are entirely different names,"I am comparing the client 'Aleksandr Aleksandrovich Volosovik' against the hit 'Aleksandr Aleksandrovich Kowalski'. I first look at the given name and patronymic; both records share 'Aleksandr Aleksandrovich', which is a very common name combination in Russian-speaking regions. However, I then evaluate the surnames. The client's surname is 'Volosovik' and the hit's surname is 'Kowalski'. These are two entirely different surnames with no phonetic similarity, no common root, and no evidence of a typo or transliteration difference. Since the surnames are irreconcilably different, these represent two distinct individuals who happen to share the same first and middle names.",disqualify,ollama
Maria Antonieta Fregoso Amezquita,María Antonieta Fregoso Amezquita,Maria Antonieta Fregoso Amezquita,DISP_DIACRITIC_STRIPPED,Diacritics removed from name characters,"I am comparing the Client Name 'Maria Antonieta Fregoso Amezquita' against the Candidate Hit Name 'María Antonieta Fregoso Amezquita'. Looking at the first token, the client name uses 'Maria' while the hit name uses 'María' with an acute accent on the 'i'. The remaining tokens—'Antonieta', 'Fregoso', and 'Amezquita'—are identical in spelling, sequence, and capitalization across both records. The only difference is the removal of the diacritic mark in the client's record, which is a common occurrence in database entry or when names are stripped of special characters for system compatibility. Because the names are otherwise identical, I conclude this is the same individual.",escalate to analyst,ollama
Hussein Ould Hammada,Hussein Ouod Hammada,Hussein Hammada,DISP_MINOR_TYPO,Single character typo or keyboard slip,"I am comparing the Client Name 'Hussein Ould Hammada' against the Candidate Hit Name 'Hussein Ouod Hammada'. Breaking this down token by token: the first name 'Hussein' is an exact match. The surname 'Hammada' is an exact match. Looking at the middle token, the client has 'Ould' and the hit has 'Ouod'. The only difference is a single character change ('l' to 'o'). Given that 'Ould' is a very common patronymic marker in certain regions, 'Ouod' appears to be a simple clerical typo or keyboard slip during data entry. Because the first and last names match perfectly and the middle token is only one character off, this is highly likely to be the same individual.",escalate to analyst,ollama
Pavel Vladimirovich Krasheninnikov,Pavel Dev Krasheninnikov,Pavel Krasheninnikov,DISP_MIDDLE_NAME_CONFLICT,Middle names are irreconcilably different,"I am comparing the client 'Pavel Vladimirovich Krasheninnikov' against the candidate hit 'Pavel Dev Krasheninnikov'. First, I look at the given names: both are 'Pavel', which is a match. Next, I look at the surnames: both are 'Krasheninnikov', which is an exact match. Finally, I examine the middle names. The client has the patronymic 'Vladimirovich', while the candidate hit has the name 'Dev'. 'Vladimirovich' is a standard Russian patronymic derived from Vladimir, whereas 'Dev' is a distinct name (often of Indian origin) and does not bear any phonetic, transliterative, or abbreviated relationship to 'Vladimirovich'. Because the middle names are irreconcilably different and do not represent a typo or abbreviation, I conclude these are two different individuals who happen to share the same first and last name.",disqualify,ollama
Fabjon Hysa,Fabjon Raymond Hysa,Fabjon Hysa,DISP_MIDDLE_NAME_CONFLICT,Middle names are irreconcilably different,"I am comparing the client 'Fabjon Hysa' against the candidate hit 'Fabjon Raymond Hysa'. Both names share the first name 'Fabjon' and the surname 'Hysa'. However, the candidate hit contains a middle name, 'Raymond', which is entirely absent from the client's profile. In the context of this specific review, the addition of a distinct middle name like 'Raymond' indicates that these are two different individuals who happen to share a common first and last name. Because the middle name is a specific, irreconcilable identifier that distinguishes the candidate from the client, I am treating this as a conflict rather than a simple omission.",disqualify,ollama
Esther Godoy Arellano,Esther Ali Arellano,Esther Arellano,DISP_MIDDLE_NAME_CONFLICT,Middle names are irreconcilably different,"I am comparing the Client Name 'Esther Godoy Arellano' against the Candidate Hit Name 'Esther Ali Arellano'. Breaking them down token-by-token: the first name 'Esther' matches exactly. The third name/surname 'Arellano' also matches exactly. However, I am looking at the middle name position. The client has the name 'Godoy', whereas the candidate hit has the name 'Ali'. These are two entirely different names with no phonetic similarity, no common transliteration patterns, and no evidence of being abbreviations of one another. In a three-part name structure, a conflict in the middle name indicates these are two distinct individuals who happen to share a common first and last name. Therefore, this is a false positive.",disqualify,ollama
Yung Yuan Tsang,Yung Nour Tsang,Yung Tsang,DISP_MIDDLE_NAME_CONFLICT,Middle names are irreconcilably different,"I am comparing the client name 'Yung Yuan Tsang' against the candidate hit 'Yung Nour Tsang'. Breaking this down token-by-token: the first name 'Yung' matches exactly, and the surname 'Tsang' matches exactly. However, I must evaluate the middle name. The client has the middle name 'Yuan', while the hit has the middle name 'Nour'. 'Yuan' and 'Nour' are not transliteration variants of the same name, nor are they typos of one another; they are phonetically and linguistically distinct names from different origins. Because the middle names are irreconcilably different, these represent two distinct individuals who happen to share the same first and last name.",disqualify,ollama
Daniella Desiree Cabello Contreras,Daniella D. Cabello Contreras,Daniella D. Cabello Contreras,DISP_MIDDLE_NAME_ABBREVIATED,Middle name shortened to initial,"I am comparing the client name 'Daniella Desiree Cabello Contreras' against the hit name 'Daniella D. Cabello Contreras'. First, I look at the first name: 'Daniella' matches exactly in both. Next, I look at the middle name: the client has 'Desiree', while the hit has the initial 'D.'. This is a common recording practice where a middle name is abbreviated to its first letter. Finally, I review the surnames: 'Cabello Contreras' matches exactly across both records. Because the first name and the compound surnames are identical, and the only difference is the abbreviation of the middle name 'Desiree' to 'D.', I conclude these represent the same individual.",escalate to analyst,ollama
Roberto Perez Verduzco,Roberto Perez Gupta,Roberto Perez,DISP_SURNAME_CONFLICT,Surnames are entirely different names,"I am comparing the client 'Roberto Perez Verduzco' against the hit 'Roberto Perez Gupta'. Both share the given name 'Roberto' and a first surname 'Perez'. However, the final surnames are completely different: 'Verduzco' versus 'Gupta'. In many Spanish-naming conventions, the second surname is the paternal or maternal lineage name; here, 'Verduzco' and 'Gupta' are irreconcilably different names from different linguistic and ethnic origins. There is no evidence of a typo, transliteration variant, or abbreviation that would link these two distinct surnames. Therefore, these represent two different individuals who happen to share a common first and middle name.",disqualify,ollama
Andrey Valeriyevich Kartapolov,Andrey Valeriyevich Mansour,Andrey Valeriyevich,DISP_SURNAME_CONFLICT,Surnames are entirely different names,"I am comparing the Client Name 'Andrey Valeriyevich Kartapolov' against the Candidate Hit 'Andrey Valeriyevich Mansour'. Breaking these down token by token: the first name 'Andrey' is an exact match. The patronymic/middle name 'Valeriyevich' is also an exact match. However, when I look at the surnames, 'Kartapolov' and 'Mansour' are entirely different. 'Kartapolov' is a typical Slavic surname, whereas 'Mansour' is of Arabic origin. There are no typos, transliteration differences, or phonetic similarities between these two surnames that would suggest they are the same name. Because the surnames are irreconcilably different, these are two distinct individuals who happen to share the same first name and patronymic.",disqualify,ollama
Alexey Borisovich Veller,Alexey Boriovich Veller,Alexey Boriovich Veller,DISP_MINOR_TYPO,Single character typo or keyboard slip,"I am comparing the Client Name 'Alexey Borisovich Veller' against the Candidate Hit Name 'Alexey Boriovich Veller'. First, I look at the first name: 'Alexey' matches exactly in both records. Next, I examine the surname: 'Veller' matches exactly in both records. Finally, I review the middle name/patronymic. The client record shows 'Borisovich', while the hit record shows 'Boriovich'. Upon close inspection, the only difference is the omission of the letter 's' in the hit record. This appears to be a simple clerical typo or a transcription error where a single character was missed during data entry. Given that the first name and surname are identical and the middle name is nearly identical save for one character, this is highly likely to be the same individual.",escalate to analyst,ollama
Patricia Rivera Garcia,Patricia Rivera Zhang,Patricia Rivera,DISP_SURNAME_CONFLICT,Surnames are entirely different names,"I am comparing the Client Name 'Patricia Rivera Garcia' against the Candidate Hit 'Patricia Rivera Zhang'. Breaking this down token-by-token: the first names match exactly ('Patricia'), and the second tokens match exactly ('Rivera'). However, the final surnames are 'Garcia' and 'Zhang'. 'Garcia' is a common Spanish surname, while 'Zhang' is a common Chinese surname. These are irreconcilably different names from entirely different linguistic and cultural origins. There is no evidence of a typo, transliteration variant, or clerical error here; rather, these are two distinct individuals who happen to share a first and middle/secondary name. Because the primary surnames conflict completely, this is a clear false positive.",disqualify,ollama
Kasim Oztas,Kasim Anthony Oztas,Kasim Oztas,DISP_MIDDLE_NAME_CONFLICT,Middle names are irreconcilably different,"I am comparing the Client Name 'Kasim Oztas' against the Candidate Hit 'Kasim Anthony Oztas'. Both records share the same first name 'Kasim' and the same surname 'Oztas'. However, the Candidate Hit contains a middle name, 'Anthony', which is completely absent from the Client record. In the context of this specific alert, the presence of a distinct, full middle name like 'Anthony'—which is not a common variation or abbreviation of any part of the client's name—indicates that these are two different individuals who happen to share a first and last name. Because the middle name introduces a conflict that distinguishes the two personas, I am treating this as a distinct individual.",disqualify,ollama
Alexander Vlademirovich Dvoinykh,Alexander Ziad Dvoinykh,Alexander Dvoinykh,DISP_MIDDLE_NAME_CONFLICT,Middle names are irreconcilably different,"I am comparing the Client Name 'Alexander Vlademirovich Dvoinykh' against the Candidate Hit 'Alexander Ziad Dvoinykh'. First, I look at the given names: both are 'Alexander', which is a match. Next, I look at the surnames: both are 'Dvoinykh', which is a match. Finally, I evaluate the middle names. The client has the patronymic 'Vlademirovich', which is a traditional Slavic middle name. The candidate hit has the middle name 'Ziad', which is of Arabic origin. These two middle names are irreconcilably different and do not represent a typo, abbreviation, or transliteration variant of one another. Because the middle names are distinct and belong to different linguistic/cultural naming conventions, I conclude these are two different individuals who happen to share a first and last name.",disqualify,ollama
Izair Samiu,Izair Petrov,Izair,DISP_SURNAME_CONFLICT,Surnames are entirely different names,"I am comparing the Client Name 'Izair Samiu' against the Candidate Hit Name 'Izair Petrov'. Looking at the first token, both names share the given name 'Izair', which is a match. However, when I evaluate the surnames, I see 'Samiu' and 'Petrov'. These are two entirely different surnames with no phonetic similarity, no common transliteration roots, and no evidence of a typo or clerical error. 'Samiu' and 'Petrov' are irreconcilably different, indicating that these are two distinct individuals who happen to share the same first name.",disqualify,ollama
Andrei Andreevich Anisimov,Andrei Andreevich Al-Hashimi,Andrei Andreevich,DISP_SURNAME_CONFLICT,Surnames are entirely different names,"I am comparing the Client Name 'Andrei Andreevich Anisimov' against the Candidate Hit Name 'Andrei Andreevich Al-Hashimi'. Looking at the first token, both share the given name 'Andrei'. Looking at the second token, both share the patronymic 'Andreevich'. However, when I evaluate the surnames, 'Anisimov' is a Slavic surname, whereas 'Al-Hashimi' is an Arabic surname. These two surnames are irreconcilably different in origin, structure, and phonetics. Despite the coincidental match of the first and middle names, the surnames indicate two entirely different individuals from different cultural backgrounds. There is no evidence of a typo or transliteration variant that could link these two surnames.",disqualify,ollama
Leontiy Andreyevich Kondrakhin,Leontiy Andreyevich Volkov,Leontiy Andreyevich,DISP_SURNAME_CONFLICT,Surnames are entirely different names,"I am comparing the Client Name 'Leontiy Andreyevich Kondrakhin' against the Candidate Hit Name 'Leontiy Andreyevich Volkov'. Breaking this down token-by-token: The first name 'Leontiy' is an exact match. The patronymic/middle name 'Andreyevich' is also an exact match. However, when I look at the surnames, 'Kondrakhin' and 'Volkov' are entirely different names. They do not share phonetic similarities, they are not transliteration variants of one another, and they are not typos. Because the surnames are irreconcilably different, these are two distinct individuals who happen to share a common first name and patronymic. This is a clear False Positive.",disqualify,ollama
Sebastiano Panaro,Sebastiano W. Panaro,Sebastiano Panaro,DISP_MIDDLE_NAME_OMITTED,Middle name absent from one record,"I am comparing the Client Name 'Sebastiano Panaro' against the Candidate Hit 'Sebastiano W. Panaro'. First, I look at the first names: both are 'Sebastiano', which is an exact match. Next, I look at the surnames: both are 'Panaro', which is also an exact match. The only difference is that the Candidate Hit contains a middle initial 'W.' which is completely absent from the Client Name. In a compliance context, it is very common for middle names or initials to be omitted during client onboarding or omitted in certain databases. Since the first and last names are identical and there is no conflicting middle name (only an omission), this is a likely match.",escalate to analyst,ollama
Miroslav Bralo,Miroslav Rossi,Miroslav,DISP_SURNAME_CONFLICT,Surnames are entirely different names,"I am comparing the client name 'Miroslav Bralo' against the candidate hit 'Miroslav Rossi'. Breaking the names down token-by-token: the first names are an exact match ('Miroslav'). However, when I look at the surnames, 'Bralo' and 'Rossi' are entirely different names. They do not share phonetic similarities, they are not transliterations of one another, and there is no evidence of a typo or clerical error. Because the surnames are irreconcilably different, these represent two distinct individuals who happen to share a common first name.",disqualify,ollama
Sergei Gennadyevich Novikov,Sergei Gennadyevich Schneider,Sergei Gennadyevich,DISP_SURNAME_CONFLICT,Surnames are entirely different names,"I am comparing the Client Name 'Sergei Gennadyevich Novikov' against the Candidate Hit Name 'Sergei Gennadyevich Schneider'. Breaking this down token-by-token: The first name 'Sergei' is an exact match. The patronymic/middle name 'Gennadyevich' is also an exact match. However, when I look at the surnames, I see 'Novikov' versus 'Schneider'. These are two entirely different surnames with no phonetic similarity, no common transliteration root, and no evidence of a typo. While the first and middle names overlap, the distinct difference in the family names indicates that these are two different individuals who happen to share the same given name and patronymic.",disqualify,ollama
Manoochehr Zandian,Manoochehr Russo,Manoochehr,DISP_SURNAME_CONFLICT,Surnames are entirely different names,"I am comparing the Client Name 'Manoochehr Zandian' against the Candidate Hit 'Manoochehr Russo'. First, I look at the given names; both records share the first name 'Manoochehr', which is a match. Next, I examine the surnames. The client's surname is 'Zandian', while the hit's surname is 'Russo'. These two surnames are entirely different in origin, phonetics, and spelling. There is no evidence of a typo, transliteration variant, or phonetic shift that would link 'Zandian' to 'Russo'. Because the surnames are irreconcilably different, these represent two distinct individuals who happen to share a first name.",disqualify,ollama
Imed Ben Mekki Ben Al-Akhdar Zarkaoui,Imed Ben Mekki Ben Al-Akhdar Al-Sabah,Imed Ben Mekki Ben Al-Akhdar,DISP_SURNAME_CONFLICT,Surnames are entirely different names,"I am comparing the Client Name 'Imed Ben Mekki Ben Al-Akhdar Zarkaoui' against the Candidate Hit 'Imed Ben Mekki Ben Al-Akhdar Al-Sabah'. Breaking these down token-by-token: the first name 'Imed' matches exactly. The patronymic/lineage sequence 'Ben Mekki Ben Al-Akhdar' is identical in both records. However, when I reach the final token (the surname), the client is 'Zarkaoui' and the candidate is 'Al-Sabah'. These are two entirely different family names with no phonetic or clerical similarity. Despite the high degree of overlap in the given and ancestral names, the conflict in the surname indicates that these are two distinct individuals who happen to share the same lineage/patronymic string.",disqualify,ollama
Eleazar Medina Rojas,Eleazar Medina Roajs,Eleazar Medina,DISP_MINOR_TYPO,Single character typo or keyboard slip,"I am comparing the Client Name 'Eleazar Medina Rojas' against the Candidate Hit Name 'Eleazar Medina Roajs'. First, I look at the given name: 'Eleazar' matches exactly in both records. Second, I look at the first surname: 'Medina' matches exactly in both records. Finally, I examine the second surname. The client has 'Rojas' while the hit has 'Roajs'. Looking closely at the characters, 'Roajs' appears to be a simple keyboard slip or transposition of the 'a' and 'j' characters from 'Rojas'. This is a classic clerical typo where the letters are the same but the sequence is slightly off. Because the first two name tokens are identical and the third is a clear typo of the same name, I believe these refer to the same individual.",escalate to analyst,ollama
Almpertos Tsoris,Almpertos Raymond Tsoris,Almpertos Tsoris,DISP_MIDDLE_NAME_CONFLICT,Middle names are irreconcilably different,"I am comparing the Client Name 'Almpertos Tsoris' against the Candidate Hit Name 'Almpertos Raymond Tsoris'. Both names share the first name 'Almpertos' and the surname 'Tsoris'. However, the candidate hit contains a middle name, 'Raymond', which is entirely absent from the client record. While a missing middle name can sometimes be an omission, in this specific screening context, the presence of a distinct, full middle name like 'Raymond' suggests these are two different individuals who happen to share a rare first and last name combination. Because the middle name 'Raymond' creates a distinct identity profile not reflected in the client's data, I am treating this as a middle name conflict.",disqualify,ollama
Ibrahim Fadel Ghaddar,Ibrahim Joseph Ghaddar,Ibrahim Ghaddar,DISP_MIDDLE_NAME_CONFLICT,Middle names are irreconcilably different,"I am comparing the Client Name 'Ibrahim Fadel Ghaddar' against the Candidate Hit 'Ibrahim Joseph Ghaddar'. Breaking this down token-by-token: The first names are an exact match ('Ibrahim'). The surnames are an exact match ('Ghaddar'). However, I must evaluate the middle names. The client has the middle name 'Fadel', whereas the candidate hit has the middle name 'Joseph'. These are two distinct, common names with no phonetic or transliteration relationship. In many jurisdictions, the middle name represents the father's name; therefore, 'Fadel' and 'Joseph' indicate that these two individuals have different fathers and are distinct persons. Because the middle names are irreconcilably different, this is a clear case of name overlap between two different individuals.",disqualify,ollama
Seyyid Cemal Gunduz,Seyyid Gunduz,Seyyid Gunduz,DISP_MIDDLE_NAME_OMITTED,Middle name absent from one record,"I am comparing the Client Name 'Seyyid Cemal Gunduz' against the Candidate Hit 'Seyyid Gunduz'. Breaking this down token-by-token: the first name 'Seyyid' is an exact match in both records, and the surname 'Gunduz' is an exact match in both records. The only difference is the presence of the name 'Cemal' in the client record, which is absent in the hit record. In many jurisdictions, middle names are frequently omitted in database entries or during registration. Since the first and last names match perfectly and there are no conflicting names present, this is a high-probability match where the middle name was simply left out of the hit record.",escalate to analyst,ollama
Qari Rahmat,Qari Al-Fassi,Qari,DISP_SURNAME_CONFLICT,Surnames are entirely different names,"I am comparing the client 'Qari Rahmat' against the hit 'Qari Al-Fassi'. First, I look at the first token: 'Qari'. This matches in both records. However, 'Qari' is often used as a title (meaning reciter of the Quran) rather than a unique given name. Moving to the surnames, I compare 'Rahmat' with 'Al-Fassi'. These are two entirely different family names with no phonetic similarity, no shared root, and no evidence of being transliteration variants of one another. Since the surnames are irreconcilably different, these represent two distinct individuals who happen to share the same title or first name.",disqualify,ollama
Nassim Ben Mohamed Al-Cherif Ben Mohamed Saleh Al-Saadi,Nassim Ben Mohamed Al-Cherif Ben Mohamed Saleh Davis,Nassim Ben Mohamed Al-Cherif Ben Mohamed Saleh,DISP_SURNAME_CONFLICT,Surnames are entirely different names,"I am comparing the Client Name against the Candidate Hit Name token-by-token. Both names share a long, identical sequence of given and patronymic names: 'Nassim Ben Mohamed Al-Cherif Ben Mohamed Saleh'. However, when I reach the final token (the surname), there is a complete divergence. The client's surname is 'Al-Saadi', whereas the hit's surname is 'Davis'. These are two entirely different surnames from different linguistic and cultural origins. Despite the high overlap in the preceding names, the conflict in the primary family name indicates that these are two distinct individuals who happen to share a common ancestral naming chain. Because the surnames are irreconcilably different, this is a false positive.",disqualify,ollama
Mousa Mohammed Abu Marzook,Mousa Mohammed Abu Okafor,Mousa Mohammed Abu,DISP_SURNAME_CONFLICT,Surnames are entirely different names,"I am comparing the client name 'Mousa Mohammed Abu Marzook' against the hit name 'Mousa Mohammed Abu Okafor'. Breaking these down token-by-token: the first name 'Mousa' matches exactly; the middle name 'Mohammed' matches exactly; and the prefix 'Abu' matches exactly. However, when I reach the final surname token, I see 'Marzook' for the client and 'Okafor' for the hit. 'Marzook' is a name of Arabic origin, whereas 'Okafor' is a name of Igbo/West African origin. These are two entirely different surnames with no phonetic or linguistic connection. Despite the overlap of the common given names, the irreconcilable difference in the surnames indicates that these are two distinct individuals.",disqualify,ollama
Roman Igorevich Teryushkov,Rokan Igorevich Teryushkov,Igorevich Teryushkov,DISP_MINOR_TYPO,Single character typo or keyboard slip,"I am comparing the client name 'Roman Igorevich Teryushkov' against the hit 'Rokan Igorevich Teryushkov'. First, I look at the surnames: 'Teryushkov' matches exactly in both records. Next, I look at the patronymic/middle name: 'Igorevich' matches exactly in both records. Finally, I examine the given names: 'Roman' vs 'Rokan'. The only difference is a single character ('m' vs 'k'). Given that 'm' and 'k' are both consonants and the rest of the full name—including the specific patronymic and surname—is an identical match, this is clearly a clerical typo or a data entry error. The high degree of overlap in the rest of the name makes it highly probable that these refer to the same individual.",escalate to analyst,ollama
Milos Stankovic,Milos Stqnkovic,Milos Stnkovic,DISP_MINOR_TYPO,Single character typo or keyboard slip,"I am comparing the client name 'Milos Stankovic' against the candidate hit 'Milos Stqnkovic'. First, I look at the first name: 'Milos' is an exact match in both records. Next, I examine the surname. The client's surname is 'Stankovic' and the hit is 'Stqnkovic'. I notice that the only difference is the second letter of the surname, where an 'a' has been replaced by a 'q'. Looking at a standard QWERTY keyboard, the 'a' and 'q' keys are vertically adjacent, making this a classic keyboard slip or clerical typo. Because the first names match exactly and the surnames are identical except for one highly probable typing error, I conclude these refer to the same individual.",escalate to analyst,ollama
Timur Dugazaev,Timur Pierre Dugazaev,Timur Dugazaev,DISP_MIDDLE_NAME_CONFLICT,Middle names are irreconcilably different,"I am comparing the Client Name 'Timur Dugazaev' against the Candidate Hit Name 'Timur Pierre Dugazaev'. Both names share the first name 'Timur' and the surname 'Dugazaev'. However, the Candidate Hit includes a middle name, 'Pierre'. In a compliance context, when a middle name is present in one record but entirely absent in the other, I must determine if it is a simple omission or a conflict. Given the instruction that this is a False Positive and the individuals are distinct, the presence of 'Pierre'—a specific Western given name—acts as a distinguishing identifier. The lack of any corresponding middle name or initial for the client suggests these are two different individuals who happen to share a first and last name, rather than a case of a middle name being omitted for brevity. Therefore, I treat 'Pierre' as a conflicting middle name that differentiates the two persons.",disqualify,ollama
Mahin Falsafi,Mahin George Falsafi,Mahin Falsafi,DISP_MIDDLE_NAME_CONFLICT,Middle names are irreconcilably different,"I am comparing the Client Name 'Mahin Falsafi' against the Candidate Hit 'Mahin George Falsafi'. The first name 'Mahin' and the surname 'Falsafi' are identical in both records. However, the Candidate Hit contains a middle name, 'George', which is entirely absent from the Client's name. In this specific screening context, the presence of 'George'—a distinct, non-abbreviated Western middle name—indicates that these are two different individuals who happen to share a first and last name. The addition of a specific middle name creates an irreconcilable conflict rather than a simple omission or abbreviation, suggesting the hit is a distinct person.",disqualify,ollama
Ayman Al Zawahiri,Ayman Ming Zawahiri,Ayman Zawahiri,DISP_MIDDLE_NAME_CONFLICT,Middle names are irreconcilably different,"I am comparing 'Ayman Al Zawahiri' against 'Ayman Ming Zawahiri'. Both names share the first name 'Ayman' and the surname 'Zawahiri'. However, the middle tokens are entirely different. The client has the Arabic definite article 'Al', which is a standard component of many Arabic surnames. The candidate hit contains the name 'Ming', which is a distinct East Asian given name or surname. 'Al' and 'Ming' are not transliterations, typos, or abbreviations of one another; they are irreconcilably different names from different linguistic origins. This indicates that the two records refer to two distinct individuals who happen to share a first and last name.",disqualify,ollama
Pavel Vladimirovich Tarakanov,Pavel Tarakanov,Pavel Tarakanov,DISP_MIDDLE_NAME_OMITTED,Middle name absent from one record,"I am comparing the Client Name 'Pavel Vladimirovich Tarakanov' against the Candidate Hit 'Pavel Tarakanov'. First, I look at the given name: 'Pavel' matches exactly in both records. Next, I look at the surname: 'Tarakanov' matches exactly in both records. I then observe that the client record includes a patronymic/middle name 'Vladimirovich', which is completely absent from the candidate hit record. In many jurisdictions and databases, middle names or patronymics are frequently omitted during data entry or simplified for reporting. Since the first and last names are an exact match and there is no conflicting middle name present to suggest these are different individuals, this is a likely match where the middle name was simply not recorded in the hit profile.",escalate to analyst,ollama
P'il-Hun Kang,P'il-Hun Davis,P'il-Hun,DISP_SURNAME_CONFLICT,Surnames are entirely different names,"I am comparing the Client Name 'P'il-Hun Kang' against the Candidate Hit Name 'P'il-Hun Davis'. Looking at the first and middle name tokens, 'P'il-Hun' is an exact match in both records. However, when I move to the surname, the client has the surname 'Kang' while the candidate hit has the surname 'Davis'. 'Kang' and 'Davis' are entirely different names with no phonetic similarity, common transliteration overlap, or clerical resemblance. Because the surnames are irreconcilably different, these represent two distinct individuals who happen to share the same given name.",disqualify,ollama
Adam Khamirzaev,Adam Bianchi,Adam,DISP_SURNAME_CONFLICT,Surnames are entirely different names,"I am comparing the client name 'Adam Khamirzaev' against the candidate hit 'Adam Bianchi'. Both individuals share the common first name 'Adam'. However, looking at the surnames, 'Khamirzaev' and 'Bianchi' are entirely different in origin, structure, and sound. 'Khamirzaev' appears to be of Central Asian or Russian origin, while 'Bianchi' is a common Italian surname. There is no evidence of a typo, transliteration difference, or phonetic similarity between these two surnames. Because the surnames are irreconcilably different, these are two distinct individuals.",disqualify,ollama
Malik Ali Habib,Malik Ali Miller,Malik Ali,DISP_SURNAME_CONFLICT,Surnames are entirely different names,"I am comparing the client 'Malik Ali Habib' against the candidate hit 'Malik Ali Miller'. Breaking the names down token-by-token: the first name 'Malik' and the middle name 'Ali' match exactly in both records. However, I then look at the surnames. The client's surname is 'Habib', while the candidate hit's surname is 'Miller'. 'Habib' and 'Miller' are entirely different names with no phonetic similarity, no common transliteration patterns, and no evidence of being typos of one another. Because the surnames are irreconcilably different, these represent two distinct individuals who happen to share common first and middle names.",disqualify,ollama
Yasin Ahmad Dahi,Yasin Ahmad Garcia,Yasin Ahmad,DISP_SURNAME_CONFLICT,Surnames are entirely different names,"I am comparing the Client Name 'Yasin Ahmad Dahi' against the Candidate Hit Name 'Yasin Ahmad Garcia'. Breaking these down token-by-token: the first name 'Yasin' matches exactly, and the middle name 'Ahmad' matches exactly. However, when I look at the surnames, I see 'Dahi' for the client and 'Garcia' for the hit. These are two entirely different surnames from different linguistic and cultural origins. There is no evidence of a typo, transliteration variant, or phonetic similarity between 'Dahi' and 'Garcia'. Because the surnames are irreconcilably different, these represent two distinct individuals who happen to share common given names.",disqualify,ollama
Sergey Valeriyevich Petrov,Sergey Robert Petrov,Sergey Petrov,DISP_MIDDLE_NAME_CONFLICT,Middle names are irreconcilably different,"I am comparing the Client Name 'Sergey Valeriyevich Petrov' against the Candidate Hit 'Sergey Robert Petrov'. First, I look at the given name: both are 'Sergey', which is a match. Next, I look at the surname: both are 'Petrov', which is also a match. Finally, I examine the middle names. The client has the patronymic 'Valeriyevich', which is typical for Russian naming conventions. The candidate hit has the middle name 'Robert'. These two middle names are completely different in origin, sound, and meaning; 'Robert' is not an abbreviation, typo, or transliteration variant of 'Valeriyevich'. Because the middle names are irreconcilably different, I am confident these are two distinct individuals who happen to share a common first and last name.",disqualify,ollama
Hui Li,Hui Dubois,Hui,DISP_SURNAME_CONFLICT,Surnames are entirely different names,"I am comparing the client name 'Hui Li' against the candidate hit 'Hui Dubois'. Breaking the names down token-by-token: the first name 'Hui' matches exactly in both records. However, when I look at the surnames, 'Li' and 'Dubois' are entirely different. 'Li' is a common Chinese surname, whereas 'Dubois' is a common French surname. There is no evidence of a typo, transliteration variant, or phonetic similarity between these two surnames. They represent two completely different family lineages and linguistic origins. Therefore, the match on the first name is coincidental, and these are two distinct individuals.",disqualify,ollama
Abd Al Nur Shalan,Abd Al Nur Lee,Abd Al Nur,DISP_SURNAME_CONFLICT,Surnames are entirely different names,"I am comparing the Client Name 'Abd Al Nur Shalan' against the Candidate Hit Name 'Abd Al Nur Lee'. Breaking these down token by token: both names share the identical first/middle name sequence 'Abd Al Nur'. However, when I reach the final token, which represents the surname, I see 'Shalan' for the client and 'Lee' for the candidate. 'Shalan' and 'Lee' are entirely different names with no phonetic similarity, no common transliteration variants, and no evidence of being typos of one another. Because the surnames are irreconcilably different, these represent two distinct individuals who happen to share a common given name.",disqualify,ollama
Luis Alfredo Motta Dominguez,Luis Amara Motta Dominguez,Luis Motta Dominguez,DISP_MIDDLE_NAME_CONFLICT,Middle names are irreconcilably different,"I am comparing the client 'Luis Alfredo Motta Dominguez' against the hit 'Luis Amara Motta Dominguez'. Breaking these down token-by-token: the first name 'Luis' matches exactly. The surnames 'Motta Dominguez' match exactly across both records. However, I encounter a conflict in the second given name (middle name). The client has 'Alfredo', while the hit has 'Amara'. These are two distinct, common names that are not typos, abbreviations, or transliteration variants of one another. Because the middle names are irreconcilably different, I am treating these as two separate individuals who happen to share the same first name and compound surnames.",disqualify,ollama
Ramzan Akhmatovich Kadyrov,Ramzan Akhmatovich Jones,Ramzan Akhmatovich,DISP_SURNAME_CONFLICT,Surnames are entirely different names,"I am comparing the Client Name 'Ramzan Akhmatovich Kadyrov' against the Candidate Hit 'Ramzan Akhmatovich Jones'. Starting with the first name, 'Ramzan' matches exactly. Moving to the middle name/patronymic, 'Akhmatovich' matches exactly. However, when comparing the surnames, I find 'Kadyrov' versus 'Jones'. These two surnames are entirely different in origin, phonetic structure, and spelling. There is no evidence of a typo or transliteration variant here; these are two distinct family names. Despite the identical first and middle names, the conflict in the surname indicates that these are two different individuals.",disqualify,ollama
Jose Gregorio Vielma Mora,Jose Gregorio Vielma Zhou,Jose Gregorio Vielma,DISP_SURNAME_CONFLICT,Surnames are entirely different names,"I am comparing the client 'Jose Gregorio Vielma Mora' against the hit 'Jose Gregorio Vielma Zhou'. Breaking the names down token by token: the first name 'Jose', the middle name 'Gregorio', and the first surname 'Vielma' match exactly across both records. However, I am looking at the final surname. The client has the surname 'Mora', while the candidate hit has the surname 'Zhou'. 'Mora' and 'Zhou' are entirely different names from different linguistic and cultural origins; there is no evidence of a typo, transliteration variant, or phonetic similarity between them. Because the final surnames are irreconcilably different, these are two distinct individuals who happen to share a common first and middle name combination.",disqualify,ollama
Maria Icela Chavez Martinez,Maria Icela Chavez Weber,Maria Icela Chavez,DISP_SURNAME_CONFLICT,Surnames are entirely different names,"I am comparing the Client Name 'Maria Icela Chavez Martinez' against the Candidate Hit Name 'Maria Icela Chavez Weber'. Looking at the names token-by-token, the first three tokens ('Maria', 'Icela', and 'Chavez') are an exact match. However, I am evaluating the final surname token. The client's second surname is 'Martinez', whereas the candidate's second surname is 'Weber'. These are two entirely different surnames with no phonetic or clerical similarity. In Hispanic naming conventions, where two surnames are common, a difference in the second surname typically indicates two distinct individuals from different paternal or maternal lineages. Because 'Martinez' and 'Weber' are irreconcilably different, this is a clear surname conflict.",disqualify,ollama
Abdurrahman Ado Musa,Abdurrahman Ado Sharma,Abdurrahman Ado,DISP_SURNAME_CONFLICT,Surnames are entirely different names,"I am comparing the Client Name 'Abdurrahman Ado Musa' against the Candidate Hit Name 'Abdurrahman Ado Sharma'. Breaking these down token-by-token: the first name 'Abdurrahman' and the middle name 'Ado' are identical in both records. However, when I reach the final token, the surname of the client is 'Musa', while the surname of the hit is 'Sharma'. These are two entirely different surnames from different linguistic/cultural origins and cannot be attributed to a typo, transliteration variant, or phonetic shift. Because the surnames are irreconcilably different, these represent two distinct individuals who happen to share a first and middle name.",disqualify,ollama
Said Arif,Said Ken Arif,Said Arif,DISP_MIDDLE_NAME_CONFLICT,Middle names are irreconcilably different,"I am comparing the client 'Said Arif' against the candidate hit 'Said Ken Arif'. Both names share the first name 'Said' and the surname 'Arif'. However, the candidate hit contains a middle name, 'Ken', which is entirely absent from the client's name. In this specific screening context, the presence of a distinct middle name 'Ken' indicates that these are two different individuals who happen to share a common first and last name. Since 'Ken' is a specific, distinct name and not a variation or abbreviation of any part of the client's name, I identify this as a middle name conflict.",disqualify,ollama
Santos Bueno Garcia,Santos Bueno Brown,Santos Bueno,DISP_SURNAME_CONFLICT,Surnames are entirely different names,"I am comparing the client 'Santos Bueno Garcia' against the candidate hit 'Santos Bueno Brown'. Breaking these down token-by-token: the first name 'Santos' matches exactly, and the second name 'Bueno' matches exactly. However, when I look at the final token, which represents the primary surname in this context, I see 'Garcia' for the client and 'Brown' for the hit. 'Garcia' and 'Brown' are entirely different surnames from different linguistic origins (Spanish vs. English) and cannot be reconciled as typos, transliterations, or variations of the same name. Because the surnames are irreconcilably different, these are two distinct individuals who happen to share the same given names.",disqualify,ollama
Abbas Hussein Harb,Abbas Hussein Ivanov,Abbas Hussein,DISP_SURNAME_CONFLICT,Surnames are entirely different names,"I am comparing the Client Name 'Abbas Hussein Harb' against the Candidate Hit Name 'Abbas Hussein Ivanov'. Breaking them down token-by-token: the first name 'Abbas' is an exact match, and the middle name 'Hussein' is an exact match. However, when I evaluate the surnames, 'Harb' and 'Ivanov' are entirely different names with no phonetic or clerical relationship. 'Harb' is typically of Arabic origin, while 'Ivanov' is a common Slavic surname. Because the surnames are irreconcilably different, these represent two distinct individuals who happen to share a common given name and middle name.",disqualify,ollama
Andrey Shein,Andrey Moreau,Andrey,DISP_SURNAME_CONFLICT,Surnames are entirely different names,"I am comparing the client name 'Andrey Shein' against the candidate hit 'Andrey Moreau'. First, I look at the given names: both share the name 'Andrey', which is a common first name. Next, I evaluate the surnames. The client's surname is 'Shein', while the candidate's surname is 'Moreau'. These two surnames are entirely different in origin, spelling, and sound. There is no evidence of a typo, transliteration variant, or phonetic similarity that would suggest these are the same person. Because the surnames are irreconcilably different, this is a clear case of two distinct individuals who happen to share a common first name.",disqualify,ollama
Igor Nikolayevich Rudensky,Igor Nikolayevich Rudenskey,Igor Nikolayevich Rudens,DISP_PHONETIC_SURNAME_DIVERGENCE,Surnames phonetically shifted but distinct,"I am comparing the client name 'Igor Nikolayevich Rudensky' against the candidate hit 'Igor Nikolayevich Rudenskey'. The first name 'Igor' and the patronymic 'Nikolayevich' are identical across both records. I am now focusing on the surnames: 'Rudensky' versus 'Rudenskey'. While these look very similar, the addition of the 'e' in the hit name creates a distinct phonetic and legal spelling variant. Per the screening context provided, this specific variation is treated as a phonetically divergent but legally distinct surname, indicating that these are two different individuals who happen to share a very similar name structure. Because the surnames are not identical and are flagged as distinct in this context, I am treating this as a false positive.",disqualify,ollama
Antonio Marcelo Barragan,Antonio Marcelo Barrgaan,Antonio Marcelo Barraga,DISP_MINOR_TYPO,Single character typo or keyboard slip,"I am comparing the Client Name 'Antonio Marcelo Barragan' against the Candidate Hit 'Antonio Marcelo Barrgaan'. First, I look at the first name 'Antonio' and the middle name 'Marcelo'; both are identical across both records. Next, I examine the surname. The client's surname is 'Barragan', while the hit's surname is 'Barrgaan'. I notice that the only difference is the addition of an extra 'a' in the hit name. This appears to be a simple clerical typo or a keyboard slip during data entry. Given that the first and middle names match perfectly and the surname is nearly identical save for one character, I believe these refer to the same individual.",escalate to analyst,ollama
Olga Aleksandrovna Beglova,Olga Aleksandrovna Mensah,Olga Aleksandrovna,DISP_SURNAME_CONFLICT,Surnames are entirely different names,"I am comparing the client 'Olga Aleksandrovna Beglova' against the hit 'Olga Aleksandrovna Mensah'. Breaking this down token-by-token: the first name 'Olga' is an exact match. The patronymic/middle name 'Aleksandrovna' is also an exact match. However, when I look at the surnames, 'Beglova' and 'Mensah' are entirely different. 'Beglova' is a Slavic surname, whereas 'Mensah' is of West African origin. There are no typos, transliteration variants, or phonetic similarities that would suggest these are the same person. The overlap in the first and middle names is coincidental, but the surnames are irreconcilably different, indicating two distinct individuals.",disqualify,ollama
Nizar Mohammed Awadallah,Awadallah Nizar Mohammed,"Nizar, Mohammed, Awadallah",DISP_TOKEN_ORDER_SWAP,Name tokens in different sequence,"I am comparing the Client Name 'Nizar Mohammed Awadallah' against the Candidate Hit Name 'Awadallah Nizar Mohammed'. I can see that all three name tokens are present in both records: 'Nizar', 'Mohammed', and 'Awadallah'. The only difference is the sequence in which they appear. The client record follows a Given Name-Middle Name-Surname format, whereas the hit record follows a Surname-Given Name-Middle Name format. This is a common occurrence in international screening where different jurisdictions record names in different orders. Since the tokens are identical and only the order differs, this is a match.",escalate to analyst,ollama
Gulmurod Khalimov,Gulmurod Hamza Khalimov,Gulmurod Khalimov,DISP_MIDDLE_NAME_CONFLICT,Middle names are irreconcilably different,"I am comparing the client name 'Gulmurod Khalimov' against the candidate hit 'Gulmurod Hamza Khalimov'. Both names share the same first name ('Gulmurod') and the same surname ('Khalimov'). However, the candidate hit includes a middle name, 'Hamza', which is completely absent from the client's record. In the context of this specific alert, the presence of 'Hamza' as a distinct middle name indicates that these are two different individuals who happen to share a common first and last name. There is no evidence that 'Hamza' is an abbreviation or a typo; it is a full, distinct name. Therefore, this is a middle name conflict indicating two separate persons.",disqualify,ollama
Yevgeniy Olegovich Chernet,Yevgeniy Wei Chernet,Yevgeniy Chernet,DISP_MIDDLE_NAME_CONFLICT,Middle names are irreconcilably different,"I am comparing the Client Name 'Yevgeniy Olegovich Chernet' against the Candidate Hit 'Yevgeniy Wei Chernet'. First, I look at the first name: 'Yevgeniy' matches exactly in both records. Next, I look at the surname: 'Chernet' matches exactly in both records. Finally, I evaluate the middle names. The client has the patronymic 'Olegovich', which is typical for Russian/Eastern European naming conventions. The candidate hit has the middle name 'Wei', which is a common Chinese name. These two middle names are irreconcilably different in origin, phonetics, and cultural context. They do not represent a typo, abbreviation, or transliteration variant of one another. Because the middle names conflict so fundamentally, I conclude these are two distinct individuals who happen to share the same first and last name.",disqualify,ollama
Anna Yurievna Todorova,Todorova Anna Yurievna,Anna Yurievna Todorova,DISP_TOKEN_ORDER_SWAP,Name tokens in different sequence,"I am comparing the Client Name 'Anna Yurievna Todorova' against the Candidate Hit Name 'Todorova Anna Yurievna'. First, I look at the individual tokens. Both names contain the exact same three tokens: 'Anna' (Given Name), 'Yurievna' (Patronymic), and 'Todorova' (Surname). The only difference is the sequence in which they are recorded. The client record follows the Given Name -> Patronymic -> Surname format, while the hit record follows the Surname -> Given Name -> Patronymic format. This is a common occurrence in international databases where some jurisdictions list the family name first. Since all name elements are identical and only the order differs, this is a clear match.",escalate to analyst,ollama
Pu Ung Yu,Pu Amara Yu,Pu Yu,DISP_MIDDLE_NAME_CONFLICT,Middle names are irreconcilably different,"I am comparing the Client Name 'Pu Ung Yu' against the Candidate Hit Name 'Pu Amara Yu'. Breaking the names down token-by-token: the first token 'Pu' matches exactly in both records. The last token 'Yu' also matches exactly in both records. However, I am looking at the middle names: 'Ung' versus 'Amara'. 'Ung' is a short, single-syllable name, whereas 'Amara' is a multi-syllable name with a completely different phonetic structure and origin. There is no evidence of a typo, abbreviation, or transliteration variant that would link 'Ung' to 'Amara'. Because the middle names are irreconcilably different, I conclude these are two distinct individuals who happen to share the same first and last names.",disqualify,ollama
Omar Josue Rincon Castillo,Omar Zayn Rincon Castillo,Omar Rincon Castillo,DISP_MIDDLE_NAME_CONFLICT,Middle names are irreconcilably different,"I am comparing the client 'Omar Josue Rincon Castillo' against the hit 'Omar Zayn Rincon Castillo'. Breaking the names down token-by-token: the first name 'Omar' matches exactly. The surnames 'Rincon Castillo' match exactly in both sequence and spelling. However, I encounter a significant conflict in the middle name. The client's middle name is 'Josue', whereas the hit's middle name is 'Zayn'. These are two distinct, unrelated names with different linguistic origins and phonetic structures. There is no evidence of a typo, abbreviation, or transliteration variant that would link 'Josue' to 'Zayn'. Because the middle names are irreconcilably different, I conclude these are two distinct individuals who happen to share the same first and last names.",disqualify,ollama
Anton Thulin,Anton Huang,Anton,DISP_SURNAME_CONFLICT,Surnames are entirely different names,"I am comparing the client name 'Anton Thulin' against the hit name 'Anton Huang'. Looking at the first tokens, both names share the given name 'Anton'. However, when I evaluate the surnames, 'Thulin' and 'Huang' are entirely different names with no phonetic similarity, common transliteration patterns, or clerical overlap. 'Thulin' appears to be of Scandinavian origin, whereas 'Huang' is of Chinese origin. Because the surnames are irreconcilably different, these are clearly two distinct individuals who happen to share a common first name.",disqualify,ollama
Ahmed Abdullah Saleh Al-Khazmari Al-Zahrani,Ahmed Abdullah Saleh Al-Khazmari Moreau,Ahmed Abdullah Saleh Al-Khazmari,DISP_SURNAME_CONFLICT,Surnames are entirely different names,"I am comparing the Client Name 'Ahmed Abdullah Saleh Al-Khazmari Al-Zahrani' against the Candidate Hit 'Ahmed Abdullah Saleh Al-Khazmari Moreau'. I started by reviewing the given names and middle names: 'Ahmed', 'Abdullah', 'Saleh', and 'Al-Khazmari' are identical in both records. However, when I reach the final surname token, there is a complete conflict. The client's surname is 'Al-Zahrani', which is a common Arabic tribal name, whereas the candidate hit's surname is 'Moreau', which is of French origin. These are two entirely different surnames from different linguistic and cultural backgrounds. Despite the high overlap in the preceding names, the presence of two irreconcilably different final surnames indicates that these are two distinct individuals.",disqualify,ollama
Andrey Vladimirovich Burov,Andrey Vladimirovich Mueller,Andrey Vladimirovich,DISP_SURNAME_CONFLICT,Surnames are entirely different names,"I am comparing the client name 'Andrey Vladimirovich Burov' against the candidate hit 'Andrey Vladimirovich Mueller'. I start by looking at the first name, 'Andrey', which is an exact match. I then look at the patronymic/middle name, 'Vladimirovich', which is also an exact match. Finally, I examine the surnames. The client's surname is 'Burov', while the hit's surname is 'Mueller'. These are two entirely different surnames with no phonetic similarity, no transliteration overlap, and no indication of a typo. While the first and middle names are identical, the irreconcilable difference in the surnames indicates that these are two distinct individuals who happen to share a common given name and patronymic.",disqualify,ollama
Mohamed Ali Badaas,Mohamed A. Badaas,Mohamed A. Badaas,DISP_MIDDLE_NAME_ABBREVIATED,Middle name shortened to initial,"I am comparing the Client Name 'Mohamed Ali Badaas' against the Candidate Hit Name 'Mohamed A. Badaas'. Looking at the first token, 'Mohamed' matches exactly in both records. Looking at the third token, the surname 'Badaas' matches exactly in both records. The only difference is the middle token: the client has the full name 'Ali', whereas the hit record uses the initial 'A.'. In a compliance context, it is standard for middle names to be abbreviated to a single initial. Since the first and last names are identical and the initial 'A' is the first letter of 'Ali', these are logically the same person.",escalate to analyst,ollama
Amir Rashid Muhammad Al-Ubaidi,Amir Rashid Muhammad Al-Ubwidi,Amir Rashid Muhammad Al-Ubaidi,DISP_MINOR_TYPO,Single character typo or keyboard slip,"I am comparing the client name 'Amir Rashid Muhammad Al-Ubaidi' against the candidate hit 'Amir Rashid Muhammad Al-Ubwidi'. Breaking this down token-by-token: 'Amir' matches exactly, 'Rashid' matches exactly, and 'Muhammad' matches exactly. Looking at the final surname component, 'Al-Ubaidi' vs 'Al-Ubwidi', I observe that the only difference is the substitution of the letter 'a' with 'w'. This appears to be a simple clerical typo or a minor recording error during data entry, as the rest of the complex four-part name is identical. Given the high degree of overlap in the first three names and the single-character difference in the surname, this is highly likely to be the same individual.",escalate to analyst,ollama
Luis Angel Montenegro Espinoza,Luis Arthur Montenegro Espinoza,Luis Montenegro Espinoza,DISP_MIDDLE_NAME_CONFLICT,Middle names are irreconcilably different,"I am comparing the client 'Luis Angel Montenegro Espinoza' against the hit 'Luis Arthur Montenegro Espinoza'. I will break these down token by token. The first name 'Luis' matches exactly. The surnames 'Montenegro Espinoza' match exactly in both sequence and spelling. However, I observe a direct conflict in the middle name: the client's middle name is 'Angel', while the hit's middle name is 'Arthur'. These are two distinct, common given names that are not variations, typos, or transliterations of one another. Because the middle names are irreconcilably different, I am treating these as two distinct individuals who happen to share the same first name and double surname.",disqualify,ollama
Aleksey Budnev,Budnev Aleksey,Aleksey Budnev,DISP_TOKEN_ORDER_SWAP,Name tokens in different sequence,"I am comparing the client name 'Aleksey Budnev' against the candidate hit 'Budnev Aleksey'. I identify two tokens in both records: 'Aleksey' and 'Budnev'. The first token of the client name (Given Name) matches the second token of the hit name. The second token of the client name (Surname) matches the first token of the hit name. This is a clear case of name inversion, where one record follows the 'Given Name Surname' format and the other follows the 'Surname Given Name' format, which is common in various international databases. There are no spelling discrepancies or conflicting names present.",escalate to analyst,ollama
Lazher Ben Khalifa Ben Ahmed Rouine,Lazher Ben Khalifa Ben Ahmed Mwangi,Lazher Ben Khalifa Ben Ahmed,DISP_SURNAME_CONFLICT,Surnames are entirely different names,"I am comparing the client name 'Lazher Ben Khalifa Ben Ahmed Rouine' against the hit name 'Lazher Ben Khalifa Ben Ahmed Mwangi'. I will break these down token by token. The first four tokens ('Lazher', 'Ben', 'Khalifa', 'Ben', 'Ahmed') are an exact match across both records. However, when I reach the final token—which represents the primary family name/surname—the client is 'Rouine' while the candidate hit is 'Mwangi'. These two surnames are completely different in origin, phonetics, and spelling. There is no evidence of a typo or transliteration variant here; these are two distinct surnames. Despite the significant overlap in the preceding name strings, the conflict in the surname indicates these are two different individuals.",disqualify,ollama
Farooq Hussain,Farooq Mwangi,Farooq,DISP_SURNAME_CONFLICT,Surnames are entirely different names,"I am comparing the Client Name 'Farooq Hussain' against the Candidate Hit Name 'Farooq Mwangi'. Breaking the names down token-by-token: the first names are an exact match ('Farooq'). However, looking at the surnames, 'Hussain' and 'Mwangi' are entirely different names with no phonetic, transliteration, or clerical relationship. 'Hussain' is of Arabic origin, while 'Mwangi' is a common Kenyan name. Because the surnames are irreconcilably different, these represent two distinct individuals who happen to share a common first name.",disqualify,ollama
Duran Kalkan,Duran Singh,Duran,DISP_SURNAME_CONFLICT,Surnames are entirely different names,"I am comparing the Client Name 'Duran Kalkan' against the Candidate Hit 'Duran Singh'. Breaking this down token by token: the first name 'Duran' is an exact match in both records. However, I then look at the surnames. The client's surname is 'Kalkan', while the candidate's surname is 'Singh'. These are two entirely different surnames with no phonetic similarity, no common transliteration variants, and no evidence of a clerical typo. They represent distinct family names from different linguistic/cultural backgrounds. Because the surnames are irreconcilably different, these are two distinct individuals who happen to share a common first name.",disqualify,ollama
Husayn Ali Fa'ur,Husayn Fa'ur,Husayn Fa'ur,DISP_MIDDLE_NAME_OMITTED,Middle name absent from one record,"I am comparing the Client Name 'Husayn Ali Fa'ur' against the Candidate Hit 'Husayn Fa'ur'. Looking at the first token, 'Husayn' matches exactly in both records. Looking at the last token, 'Fa'ur' matches exactly in both records, including the apostrophe. The only difference is that the client record contains a middle name, 'Ali', which is entirely absent from the candidate hit record. In AML screening, it is very common for middle names to be omitted in certain databases or registration forms. Since the first and last names are identical and there are no conflicting names present, this is a highly probable match.",escalate to analyst,ollama
Mahir Jawad Yunis Salah,Mahir Jawad Yunis Al-Sabah,Mahir Jawad Yunis,DISP_SURNAME_CONFLICT,Surnames are entirely different names,"I am reviewing the client name 'Mahir Jawad Yunis Salah' against the hit name 'Mahir Jawad Yunis Al-Sabah'. Comparing the names token-by-token: the first three names ('Mahir', 'Jawad', and 'Yunis') are an exact match across both records. However, I must evaluate the final surname. The client's surname is 'Salah', whereas the candidate hit's surname is 'Al-Sabah'. While they share some similar consonants, 'Salah' and 'Al-Sabah' are distinct family names with different meanings and origins. In a compliance context, particularly with Arabic naming conventions, a difference in the family/tribal name (the final token) indicates two different individuals. Therefore, the surname conflict is irreconcilable.",disqualify,ollama
Hassan Asgari,Hassan Francis Asgari,Hassan Asgari,DISP_MIDDLE_NAME_CONFLICT,Middle names are irreconcilably different,"I am comparing the Client Name 'Hassan Asgari' against the Candidate Hit 'Hassan Francis Asgari'. Both records share the same first name 'Hassan' and the same surname 'Asgari'. However, the candidate hit contains a middle name, 'Francis', which is entirely absent from the client record. In this specific context, 'Francis' is a distinct Western-origin name that creates a significant profile divergence from the client. Given that the prompt specifies this is a case of distinct individuals despite the overlap, the presence of an irreconcilable middle name indicates that these are two different persons who happen to share a common first and last name.",disqualify,ollama
Jose Arnoldo Morgan Huerta,Jose Chandra Morgan Huerta,Jose Morgan Huerta,DISP_MIDDLE_NAME_CONFLICT,Middle names are irreconcilably different,"I am comparing the client name 'Jose Arnoldo Morgan Huerta' against the hit name 'Jose Chandra Morgan Huerta'. Both names share the first name 'Jose' and the double surname 'Morgan Huerta'. However, I am looking at the middle names: the client has 'Arnoldo' while the hit has 'Chandra'. These are two distinct, irreconcilable names with no phonetic similarity or transliteration link. Because the middle names are fundamentally different, I am treating these as two separate individuals who happen to share the same first name and family names.",disqualify,ollama
Samer Ismail,Samer X. Ismail,Samer Ismail,DISP_MIDDLE_NAME_OMITTED,Middle name absent from one record,"I am comparing the Client Name 'Samer Ismail' against the Candidate Hit Name 'Samer X. Ismail'. First, I look at the first name: 'Samer' matches exactly in both records. Next, I look at the surname: 'Ismail' matches exactly in both records. The only difference is the presence of a middle initial 'X.' in the candidate hit name, which is absent in the client name. In AML screening, the omission of a middle name or initial is a common occurrence and does not indicate a different person. Because the given name and surname are identical, this is a potential match.",escalate to analyst,ollama
Andrey Vladimirovich Kiyashko,Andrey Ken Kiyashko,Andrey Kiyashko,DISP_MIDDLE_NAME_CONFLICT,Middle names are irreconcilably different,"I am comparing the client 'Andrey Vladimirovich Kiyashko' against the candidate hit 'Andrey Ken Kiyashko'. First, I look at the given name: 'Andrey' matches exactly in both records. Next, I look at the surname: 'Kiyashko' matches exactly in both records. Finally, I examine the middle name/patronymic. The client has the Russian patronymic 'Vladimirovich', which indicates a father named Vladimir. The candidate hit has the middle name 'Ken'. 'Ken' is a distinct given name and does not function as a patronymic, nor is it an abbreviation or transliteration variant of 'Vladimirovich'. Because these middle names are irreconcilably different and represent distinct naming conventions (Russian patronymic vs. Western-style middle name), I conclude these are two different individuals who happen to share a first and last name.",disqualify,ollama
Habil Darvish,Habil L. Darvish,Habil Darvish,DISP_MIDDLE_NAME_OMITTED,Middle name absent from one record,"I am comparing the Client Name 'Habil Darvish' against the Candidate Hit 'Habil L. Darvish'. Looking at the tokens, the first name 'Habil' is an exact match in both records. The surname 'Darvish' is also an exact match in both records. The only difference is the presence of a middle initial 'L.' in the candidate hit, which is absent in the client record. In AML screening, it is common for a middle name or initial to be omitted during client onboarding or conversely added in official sanctions lists. Since the first and last names are identical and there are no conflicting names present, this is a highly probable match.",escalate to analyst,ollama
Onofre Junior Aguino Arboleda,Onofre Wei Aguino Arboleda,Onofre Aguino Arboleda,DISP_MIDDLE_NAME_CONFLICT,Middle names are irreconcilably different,"I am comparing the client 'Onofre Junior Aguino Arboleda' against the hit 'Onofre Wei Aguino Arboleda'. Both names share the first name 'Onofre' and the compound surnames 'Aguino Arboleda'. However, I am looking at the middle name position. The client has the name 'Junior', which is a common generational suffix/name. The candidate hit has the name 'Wei', which is a distinct given name of a different linguistic origin. 'Junior' and 'Wei' are irreconcilably different and do not represent a typo, abbreviation, or transliteration variant. Therefore, these are two distinct individuals who happen to share the same first and last names.",disqualify,ollama
Mohammed Isa Yousif Saqar Al Binali,Mohammed Isa Yousif Saqar Al Martinez,Mohammed Isa Yousif Saqar Al,DISP_SURNAME_CONFLICT,Surnames are entirely different names,"I am comparing the client name 'Mohammed Isa Yousif Saqar Al Binali' against the candidate hit 'Mohammed Isa Yousif Saqar Al Martinez'. I began by reviewing the names token-by-token from left to right. The first five tokens ('Mohammed', 'Isa', 'Yousif', 'Saqar', and 'Al') are identical in both records. However, when I reach the final token, which represents the family name/surname, there is a clear and irreconcilable difference. The client's surname is 'Binali', whereas the candidate hit's surname is 'Martinez'. These are two entirely different surnames from different linguistic and cultural origins. Despite the high degree of overlap in the given and middle names, the conflict in the primary identifier (the surname) indicates that these are two distinct individuals. This is a case of coincidental overlap of common names preceding a different family name.",disqualify,ollama
Abdallah Makki Muslih Al-Rufay'i,Abdallah Makki Muslih Suzuki,Abdallah Makki Muslih,DISP_SURNAME_CONFLICT,Surnames are entirely different names,"I am comparing the Client Name 'Abdallah Makki Muslih Al-Rufay'i' against the Candidate Hit 'Abdallah Makki Muslih Suzuki'. Breaking them down token-by-token: the first name 'Abdallah', the middle name 'Makki', and the second middle name 'Muslih' are identical in both records. However, I then look at the surnames. The client has the surname 'Al-Rufay'i', which is an Arabic family name. The candidate hit has the surname 'Suzuki', which is a distinct Japanese family name. These two surnames are irreconcilably different and do not share any phonetic, transliterative, or clerical similarities. Despite the coincidental overlap of the first and middle names, the conflict in the primary family name indicates these are two distinct individuals.",disqualify,ollama
Lourdes Benicia Suarez Anderson,Lourdes Benicia Suarez Andersen,Lourdes Benicia Suarez,DISP_SURNAME_CONFLICT,Surnames are entirely different names,"I am comparing the Client Name 'Lourdes Benicia Suarez Anderson' against the Candidate Hit 'Lourdes Benicia Suarez Andersen'. Breaking this down token-by-token: the first name 'Lourdes', the middle name 'Benicia', and the first surname 'Suarez' are identical in both records. However, I must evaluate the final surname. The client's surname is 'Anderson' (ending in -son), whereas the hit's surname is 'Andersen' (ending in -sen). While these names look similar, 'Anderson' (English/Scottish origin) and 'Andersen' (Scandinavian origin) are distinct legal surnames. In a sanctions screening context, a difference in the terminal vowel of a surname often indicates two different family lineages and therefore two distinct individuals. Because the surnames are legally distinct, this is a surname conflict rather than a clerical typo.",disqualify,ollama
Hassan El-Hajj Hassan,Hassan El-Hajj Russo,Hassan El-Hajj,DISP_SURNAME_CONFLICT,Surnames are entirely different names,"I am comparing the Client Name 'Hassan El-Hajj Hassan' against the Candidate Hit Name 'Hassan El-Hajj Russo'. Breaking these down token-by-token: the first name 'Hassan' and the middle/compound name 'El-Hajj' match exactly in both records. However, when I reach the final token (the surname), the client's surname is 'Hassan', whereas the candidate hit's surname is 'Russo'. 'Hassan' and 'Russo' are entirely different names with no phonetic, transliteration, or clerical relationship. Because the surnames are irreconcilably different, these represent two distinct individuals who happen to share the same given and middle names.",disqualify,ollama
Jorge Eliecer Ocampo Morales,Jorge James Ocampo Morales,Jorge Ocampo Morales,DISP_MIDDLE_NAME_CONFLICT,Middle names are irreconcilably different,"I am comparing the client 'Jorge Eliecer Ocampo Morales' against the hit 'Jorge James Ocampo Morales'. Breaking the names down token-by-token: The first name 'Jorge' matches perfectly. The surnames 'Ocampo Morales' match perfectly in both sequence and spelling. However, I encounter a conflict in the middle name. The client's middle name is 'Eliecer', while the candidate hit's middle name is 'James'. These are two distinct, unrelated names with no phonetic similarity, transliteration overlap, or evidence of being abbreviations of one another. Because the middle names are irreconcilably different, I conclude that these are two different individuals who happen to share the same first and last names.",disqualify,ollama
Eryk Manuel Landaeta Hernandez,Hernandez Eryk Manuel Landaeta,Eryk Manuel Landaeta Hernandez,DISP_TOKEN_ORDER_SWAP,Name tokens in different sequence,"I am comparing the Client Name 'Eryk Manuel Landaeta Hernandez' against the Candidate Hit Name 'Hernandez Eryk Manuel Landaeta'. I can see that all four name tokens are present in both records: 'Eryk', 'Manuel', 'Landaeta', and 'Hernandez'. The only difference is the sequence of the tokens. The Client Name follows a Given Name -> Middle Name -> Surname 1 -> Surname 2 structure, while the Candidate Hit Name starts with the primary surname 'Hernandez' followed by the given and middle names, and ending with 'Landaeta'. This is a common occurrence in international databases where surnames are sometimes indexed first. Since the tokens are identical and only the order differs, this is a clear match.",escalate to analyst,ollama
Gholamreza Radmard Iranagh,Gholamreza Radmard Patel,Gholamreza Radmard,DISP_SURNAME_CONFLICT,Surnames are entirely different names,"I am comparing the Client Name 'Gholamreza Radmard Iranagh' against the Candidate Hit 'Gholamreza Radmard Patel'. Breaking this down token by token: the first name 'Gholamreza' is an exact match. The middle name 'Radmard' is also an exact match. However, when I reach the final token (the surname), the client is 'Iranagh' while the hit is 'Patel'. 'Iranagh' and 'Patel' are entirely different surnames with no phonetic similarity, no transliteration overlap, and no evidence of being a typo. Since the surnames are irreconcilably different, these are two distinct individuals who happen to share a first and middle name.",disqualify,ollama
Samojko Djorda,Samojko Tendai Djorda,Samojko Djorda,DISP_MIDDLE_NAME_CONFLICT,Middle names are irreconcilably different,"I am comparing the Client Name 'Samojko Djorda' against the Candidate Hit 'Samojko Tendai Djorda'. Both records share the first name 'Samojko' and the surname 'Djorda'. However, the candidate hit contains a middle name, 'Tendai', which is entirely absent from the client record. While a missing middle name can sometimes be a simple omission, 'Tendai' is a distinct, culturally specific name. In this context, the presence of a specific and irreconcilable middle name in the hit suggests that these are two different individuals who happen to share a first and last name. Because the middle name creates a distinct identity conflict rather than a clerical error or abbreviation, I am treating this as a conflict.",disqualify,ollama
Elio Ramon Estrada Paredes,Elio Ramon Estrada Suzuki,Elio Ramon Estrada,DISP_SURNAME_CONFLICT,Surnames are entirely different names,"I am comparing the client 'Elio Ramon Estrada Paredes' against the candidate hit 'Elio Ramon Estrada Suzuki'. Breaking these down token by token: the first name 'Elio', the middle name 'Ramon', and the first surname 'Estrada' match perfectly across both records. However, looking at the final surname (the second surname in this Spanish-naming convention), the client has 'Paredes' while the hit has 'Suzuki'. These are two entirely different surnames with no phonetic or clerical similarity. In a professional compliance context, a conflict in the primary or secondary surname indicates that these are two distinct individuals who happen to share a common first and middle name combination. Because 'Paredes' and 'Suzuki' are irreconcilably different, this is a false positive.",disqualify,ollama
Massimo Falchini,Massimo Russo,Massimo,DISP_SURNAME_CONFLICT,Surnames are entirely different names,"I am comparing the Client Name 'Massimo Falchini' against the Candidate Hit 'Massimo Russo'. Breaking these down token-by-token: the first names are an exact match ('Massimo'). However, when I evaluate the surnames, 'Falchini' and 'Russo' are entirely different names. There are no typos, transliteration variants, or phonetic similarities between 'Falchini' and 'Russo' that would suggest they are the same person. Since the surnames are irreconcilably different, these represent two distinct individuals who happen to share a common first name.",disqualify,ollama
Isam Rashid Al-Huwaysh,Issm Rashid Al-Huwaysh,Rashid Al-Huwaysh,DISP_MINOR_TYPO,Single character typo or keyboard slip,"I am comparing the Client Name 'Isam Rashid Al-Huwaysh' against the Candidate Hit 'Issm Rashid Al-Huwaysh'. First, I look at the surnames and middle names: 'Rashid Al-Huwaysh' is an exact match in both records. Next, I examine the first names: 'Isam' versus 'Issm'. The only difference is the substitution of 'a' for 's'. This appears to be a simple clerical typo or a minor recording error where a single character was swapped. Given that the rest of the multi-part name matches perfectly, this is highly likely to be the same individual.",escalate to analyst,ollama
Oleg Grigorievich Kozyura,Oleg Grigorievich Rossi,Oleg Grigorievich,DISP_SURNAME_CONFLICT,Surnames are entirely different names,"I am comparing the client name 'Oleg Grigorievich Kozyura' against the hit name 'Oleg Grigorievich Rossi'. First, I look at the given name: 'Oleg' matches exactly. Next, I look at the patronymic/middle name: 'Grigorievich' matches exactly. Finally, I compare the surnames. The client's surname is 'Kozyura', while the hit's surname is 'Rossi'. These two surnames are entirely different in origin, structure, and phonetic composition. There is no evidence of a typo, transliteration variant, or phonetic divergence that would link 'Kozyura' to 'Rossi'. Since the surnames are irreconcilably different, these are two distinct individuals who happen to share a common first name and patronymic.",disqualify,ollama
Alexander Davidovich Bashkin,Alexander Davidovich Haddad,Alexander Davidovich,DISP_SURNAME_CONFLICT,Surnames are entirely different names,"I am comparing the Client Name 'Alexander Davidovich Bashkin' against the Candidate Hit 'Alexander Davidovich Haddad'. Looking at the names token-by-token: The first name 'Alexander' is an exact match. The patronymic/middle name 'Davidovich' is also an exact match. However, when I evaluate the surnames, 'Bashkin' and 'Haddad' are entirely different names with no phonetic similarity, shared roots, or common transliteration patterns. These are two distinct surnames from different linguistic origins. Despite the coincidental overlap of the first and middle names, the irreconcilable difference in the family name indicates that these are two different individuals.",disqualify,ollama
Mohammad Abdollahpour,Mohammad B. Abdollahpour,Mohammad Abdollahpour,DISP_MIDDLE_NAME_ABBREVIATED,Middle name shortened to initial,"I am comparing the Client Name 'Mohammad Abdollahpour' against the Candidate Hit 'Mohammad B. Abdollahpour'. First, I look at the first name: 'Mohammad' matches exactly in both records. Next, I look at the surname: 'Abdollahpour' matches exactly in both records. I then notice the candidate hit contains a middle initial 'B.' which is completely absent from the client record. In name screening, it is very common for a middle name to be recorded as a full name in one system and an initial in another, or omitted entirely. Since the primary identifiers (given name and surname) are an exact match, the presence of the middle initial 'B.' does not disqualify the hit; rather, it suggests the candidate hit is a more detailed version of the client's name. This is a typical recording difference.",escalate to analyst,ollama
Soniya Shrestha,Soniya Smirnov,Soniya,DISP_SURNAME_CONFLICT,Surnames are entirely different names,"I am comparing the client name 'Soniya Shrestha' against the candidate hit 'Soniya Smirnov'. Starting with the first name, both records share the name 'Soniya', which is a direct match. Moving to the surnames, I compare 'Shrestha' with 'Smirnov'. 'Shrestha' is a common surname of Nepali origin, whereas 'Smirnov' is a common Russian surname. These two surnames are entirely different in origin, phonetic structure, and spelling. There is no evidence of a typo, transliteration variant, or phonetic divergence that would link these two names. The coincidence of the first name does not override the fact that the surnames indicate two distinct individuals from different ethnic/geographic backgrounds.",disqualify,ollama
Ziad Al-Hashimi,Ziad Al-Hasimi,Ziad Al-Hashimi / Ziad Al-Hasimi,DISP_MINOR_TYPO,Single character typo or keyboard slip,"I am comparing the client name 'Ziad Al-Hashimi' against the hit name 'Ziad Al-Hasimi'. First, the given name 'Ziad' is an exact match in both records. Moving to the surname, 'Al-Hashimi' and 'Al-Hasimi' are nearly identical. The only difference is the presence of a single 'h' in the middle of the surname in the client record, which is absent in the hit record. This appears to be a simple clerical typo or a minor spelling variation of the same family name. There are no conflicting names or different surnames present. Given the high degree of overlap and the nature of the single-character difference, I believe these refer to the same individual.",escalate to analyst,ollama
Ayad Futayyih Khalifa Al-Rawi,Ayad Futayyih Khalifa Rossi,Ayad Futayyih Khalifa,DISP_SURNAME_CONFLICT,Surnames are entirely different names,"I am comparing the Client Name 'Ayad Futayyih Khalifa Al-Rawi' against the Candidate Hit Name 'Ayad Futayyih Khalifa Rossi'. Breaking this down token-by-token: the first name 'Ayad', the second name 'Futayyih', and the third name 'Khalifa' are identical in both records. However, when I reach the surname, the Client is identified as 'Al-Rawi' (an Arabic surname) while the Candidate Hit is 'Rossi' (an Italian surname). These are two entirely different family names from different linguistic and cultural origins. There is no evidence of a typo or transliteration variant that could bridge 'Al-Rawi' and 'Rossi'. Despite the coincidence of the first three names matching, the irreconcilable difference in the surnames indicates these are two distinct individuals.",disqualify,ollama
Maria Elena Gaxiola Garcia,Maria Elena Gaxiola Chen,Maria Elena Gaxiola,DISP_SURNAME_CONFLICT,Surnames are entirely different names,"I am comparing the client 'Maria Elena Gaxiola Garcia' against the hit 'Maria Elena Gaxiola Chen'. Both individuals share the same first name 'Maria', second name 'Elena', and first surname 'Gaxiola'. However, looking at the final surname, the client's surname is 'Garcia' while the hit's surname is 'Chen'. In Spanish naming conventions, the second surname typically refers to the paternal or maternal lineage; 'Garcia' and 'Chen' are entirely different names from different linguistic and cultural origins. This indicates that these are two distinct individuals who happen to share a common given name and first surname. Because the final surnames are irreconcilably different, this is a false positive.",disqualify,ollama
Boris Alekseyevich Antonov,Boris Hussein Antonov,Boris Antonov,DISP_MIDDLE_NAME_CONFLICT,Middle names are irreconcilably different,"I am comparing the client 'Boris Alekseyevich Antonov' against the hit 'Boris Hussein Antonov'. Both names share the same first name (Boris) and the same surname (Antonov). However, when evaluating the middle name, I see 'Alekseyevich' (a Slavic patronymic) versus 'Hussein' (an Arabic name). These two middle names are irreconcilably different in origin, meaning, and phonetics. They do not represent a typo, abbreviation, or transliteration variant of the same name. Because the middle names are fundamentally different, I am confident these are two distinct individuals who happen to share a common first and last name.",disqualify,ollama
Blagoje Simic,Blagoje Babatunde Simic,Blagoje Simic,DISP_MIDDLE_NAME_CONFLICT,Middle names are irreconcilably different,"I am comparing the Client Name 'Blagoje Simic' against the Candidate Hit 'Blagoje Babatunde Simic'. Both records share the same first name 'Blagoje' and the same surname 'Simic'. However, the Candidate Hit contains a middle name, 'Babatunde', which is entirely absent from the Client Name. Looking at the linguistic origins, 'Blagoje' and 'Simic' are typically South Slavic (Serbian), whereas 'Babatunde' is a distinct Yoruba name from Nigeria. The presence of a culturally divergent and irreconcilable middle name indicates that these are two different individuals who happen to share a common first and last name. This is a clear case of a middle name conflict rather than a simple omission.",disqualify,ollama
Abdelkader Mahmoud Es Sayed,Abdelkader Edward Es Sayed,Abdelkader Es Sayed,DISP_MIDDLE_NAME_CONFLICT,Middle names are irreconcilably different,"I am comparing the Client Name 'Abdelkader Mahmoud Es Sayed' against the Candidate Hit Name 'Abdelkader Edward Es Sayed'. Breaking the names down token-by-token: the first name 'Abdelkader' is an exact match in both records. The surname/family name 'Es Sayed' is also an exact match in both records. However, I encounter a significant conflict in the middle name position. The client's middle name is 'Mahmoud', whereas the candidate hit's middle name is 'Edward'. These are two distinct, unrelated names with no phonetic or transliteration similarity. In a naming convention where the middle name often represents the father's name, this difference indicates that these are two different individuals who happen to share the same given name and family name. Because the middle names are irreconcilably different, this is a false positive.",disqualify,ollama
Mas'ud Nikbakht,Mas'ud Bianchi,Mas'ud,DISP_SURNAME_CONFLICT,Surnames are entirely different names,"I am comparing the client name 'Mas'ud Nikbakht' against the candidate hit 'Mas'ud Bianchi'. Looking at the first names, both records share the exact same given name, 'Mas'ud'. However, when I evaluate the surnames, 'Nikbakht' and 'Bianchi' are entirely different names with no phonetic, linguistic, or clerical relationship. 'Nikbakht' appears to be of Persian origin, while 'Bianchi' is a common Italian surname. Because the surnames are irreconcilably different, it is clear that these are two distinct individuals who happen to share a first name.",disqualify,ollama
Xuebi Gan,Xuebi Li,Xuebi,DISP_SURNAME_CONFLICT,Surnames are entirely different names,"I am comparing the Client Name 'Xuebi Gan' against the Candidate Hit Name 'Xuebi Li'. Looking at the first token, both names share the given name 'Xuebi'. However, moving to the second token, the surnames are 'Gan' and 'Li'. These are two distinct, common Chinese surnames that are neither typos nor transliteration variants of one another. Because the surnames are irreconcilably different, these represent two different individuals who happen to share the same given name.",disqualify,ollama
Vahid Haghanian,Vahid Zayn Haghanian,Vahid Haghanian,DISP_MIDDLE_NAME_CONFLICT,Middle names are irreconcilably different,"I am comparing the Client Name 'Vahid Haghanian' against the Candidate Hit 'Vahid Zayn Haghanian'. Both names share the first name 'Vahid' and the surname 'Haghanian'. However, the candidate hit contains a middle name, 'Zayn', which is completely absent from the client record. In this specific screening context, the presence of a distinct middle name 'Zayn' serves as a differentiator, indicating that these are two different individuals who happen to share the same given name and surname. Because the middle name is a full, distinct name and not an abbreviation or a common variant, it creates an irreconcilable conflict between the two identities.",disqualify,ollama
Mohammad Gholami,Mohammad Kim,Mohammad,DISP_SURNAME_CONFLICT,Surnames are entirely different names,"I am comparing the client 'Mohammad Gholami' against the candidate hit 'Mohammad Kim'. I start by looking at the first names; both share the name 'Mohammad', which is a common given name. I then move to the surnames. The client's surname is 'Gholami' and the candidate's surname is 'Kim'. These two surnames are entirely different in origin, spelling, and sound. There is no evidence of a typo, transliteration variant, or phonetic similarity between 'Gholami' and 'Kim'. Because the surnames are irreconcilably different, these represent two distinct individuals who happen to share a common first name.",disqualify,ollama
Hamidraza Ashraq,Hamidraza Hussein Ashraq,Hamidraza Ashraq,DISP_MIDDLE_NAME_CONFLICT,Middle names are irreconcilably different,"I am comparing the client 'Hamidraza Ashraq' against the candidate 'Hamidraza Hussein Ashraq'. Both records share the same first name 'Hamidraza' and the same surname 'Ashraq'. However, the candidate hit contains a middle name, 'Hussein', which is entirely absent from the client's name. In this specific screening context, the presence of a distinct middle name like 'Hussein' indicates that the candidate is a different individual from the client. The middle name is not an abbreviation or a typo, but a full, distinct name that creates a conflict between the two identities.",disqualify,ollama
Aliakbar Rashidi-Barjini,Aliakbar Omar Rashidi-Barjini,Aliakbar Rashidi-Barjini,DISP_MIDDLE_NAME_CONFLICT,Middle names are irreconcilably different,"I am comparing the Client Name 'Aliakbar Rashidi-Barjini' against the Candidate Hit 'Aliakbar Omar Rashidi-Barjini'. Both names share the same first name ('Aliakbar') and the same compound surname ('Rashidi-Barjini'). However, the Candidate Hit contains a middle name, 'Omar', which is entirely absent from the Client's name. In this specific context, the presence of a distinct middle name 'Omar' suggests these are two different individuals who happen to share a common first name and a specific family name. Because 'Omar' is a full, distinct name and not an abbreviation or a typo, it creates a conflict in the identity profile.",disqualify,ollama
Tatyana Alekseyevna Golikova,Tatyana Kwame Golikova,Tatyana Golikova,DISP_MIDDLE_NAME_CONFLICT,Middle names are irreconcilably different,"I am comparing the Client Name 'Tatyana Alekseyevna Golikova' against the Candidate Hit Name 'Tatyana Kwame Golikova'. First, I look at the given name: 'Tatyana' matches exactly in both records. Next, I examine the surname: 'Golikova' matches exactly in both records. Finally, I evaluate the middle names. The client has the middle name 'Alekseyevna', which is a traditional Russian patronymic. The candidate hit has the middle name 'Kwame', which is a name of Akan origin (Ghana). These two middle names are irreconcilably different and do not share any phonetic, transliterative, or clerical similarities. Because the middle names indicate two entirely different cultural and familial origins, I conclude these are two distinct individuals who happen to share a first and last name.",disqualify,ollama
Mubarak Mushakhas Sanad Al-Bathali,Mubarak Mushakhas Sanad Dubois,Mubarak Mushakhas Sanad,DISP_SURNAME_CONFLICT,Surnames are entirely different names,"I am comparing the Client Name 'Mubarak Mushakhas Sanad Al-Bathali' against the Candidate Hit 'Mubarak Mushakhas Sanad Dubois'. Starting from the left, the first three tokens—'Mubarak', 'Mushakhas', and 'Sanad'—are an exact match across both records. However, when I reach the final token (the surname), there is a complete divergence. The client's surname is 'Al-Bathali', which is characteristic of Arabic naming conventions, whereas the candidate hit's surname is 'Dubois', which is a common French surname. These two surnames are irreconcilably different in origin, spelling, and phonetics. Despite the coincidental overlap of the first three names, the distinct surnames indicate that these are two different individuals.",disqualify,ollama
Boarnerges Sanchez Nolasco,Boarnerges Sanchez Park,Boarnerges Sanchez,DISP_SURNAME_CONFLICT,Surnames are entirely different names,"I am comparing the Client Name 'Boarnerges Sanchez Nolasco' against the Candidate Hit Name 'Boarnerges Sanchez Park'. Breaking these down token-by-token: The first name 'Boarnerges' is an exact match. The middle name 'Sanchez' is an exact match. However, I then look at the final surname. The client's surname is 'Nolasco', while the candidate's surname is 'Park'. These are two entirely different surnames with no phonetic similarity, transliteration overlap, or clerical resemblance. In many naming conventions, particularly Hispanic ones, the second surname is the primary paternal or maternal identifier. The difference between 'Nolasco' and 'Park' is irreconcilable, indicating that these are two distinct individuals who happen to share the same given and middle names.",disqualify,ollama
Otar Anzorovich Romanov Partskhaladze,Otar Anzorovich Romanov Brown,Otar Anzorovich Romanov,DISP_SURNAME_CONFLICT,Surnames are entirely different names,"I am comparing the client name 'Otar Anzorovich Romanov Partskhaladze' against the candidate hit 'Otar Anzorovich Romanov Brown'. I start by reviewing the first name and patronymic: 'Otar Anzorovich' matches exactly in both records. I then look at the subsequent tokens. Both records share the name 'Romanov'. However, when I reach the final surname token, the client is 'Partskhaladze' while the hit is 'Brown'. These are two entirely different surnames with no phonetic, linguistic, or clerical relationship. While there is a significant overlap in the given names and a shared middle name/surname token, the primary family name is irreconcilably different, indicating these are two distinct individuals who happen to share a common first name and patronymic combination.",disqualify,ollama
Hani 'abd-Al-Majid Muhammad As'ad,Hani Chen Muhammad As'ad,Hani Muhammad As'ad,DISP_MIDDLE_NAME_CONFLICT,Middle names are irreconcilably different,"I am comparing the Client Name 'Hani 'abd-Al-Majid Muhammad As'ad' against the Candidate Hit 'Hani Chen Muhammad As'ad'. Breaking them down token-by-token: both names share the first name 'Hani' and the concluding names 'Muhammad As'ad'. However, there is a critical conflict in the middle name section. The client has the name ''abd-Al-Majid', which is a traditional Arabic name. The candidate hit has the name 'Chen', which is a distinct East Asian surname/name. These two names are irreconcilably different and cannot be attributed to a typo, transliteration variant, or abbreviation. Because the middle names are entirely different and belong to different linguistic/cultural origins, I am treating these as two distinct individuals.",disqualify,ollama
Lizhi Liu,Lihzi Liu,Liu,DISP_MINOR_TYPO,Single character typo or keyboard slip,"I am comparing the client name 'Lizhi Liu' against the candidate hit 'Lihzi Liu'. First, I look at the surnames: both are 'Liu', which is an exact match. Next, I examine the given names: 'Lizhi' versus 'Lihzi'. Looking closely at the characters, both names contain the exact same letters (L, i, z, h, i), but the 'h' and 'z' have been swapped in the candidate hit. This is a classic character transposition typo, likely occurring during manual data entry. Given that the surname is identical and the given name is a simple character swap of the same components, I believe these refer to the same individual.",escalate to analyst,ollama
Jose Roberto Orellana,Jose Roberto Mueller,Jose Roberto,DISP_SURNAME_CONFLICT,Surnames are entirely different names,"I am comparing the Client Name 'Jose Roberto Orellana' against the Candidate Hit 'Jose Roberto Mueller'. I start by looking at the first and middle names: both records share 'Jose Roberto', which is a common name combination. However, I then look at the surnames. The client's surname is 'Orellana', while the hit's surname is 'Mueller'. These are two entirely different surnames with no phonetic similarity, no common transliteration root, and no evidence of a typo. Because the surnames are irreconcilably different, these are clearly two distinct individuals who happen to share the same given names.",disqualify,ollama
Zaid Ali Yahya Al Sharafi,Zaid Ali Yahya Al Russo,Zaid Ali Yahya Al,DISP_SURNAME_CONFLICT,Surnames are entirely different names,"I am comparing the Client Name 'Zaid Ali Yahya Al Sharafi' against the Candidate Hit 'Zaid Ali Yahya Al Russo'. Breaking the names down token-by-token: the first name 'Zaid', the second name 'Ali', and the third name 'Yahya' are identical in both records. Both names also share the prefix 'Al'. However, when I reach the final surname token, I see 'Sharafi' for the client and 'Russo' for the candidate. These are two entirely different surnames with no phonetic or linguistic overlap. While the first three names match, the conflict in the primary family name indicates that these are two distinct individuals who happen to share common given names.",disqualify,ollama
Rachid Fettar,Rachid Nour Fettar,Rachid Fettar,DISP_MIDDLE_NAME_CONFLICT,Middle names are irreconcilably different,"I am comparing the Client Name 'Rachid Fettar' against the Candidate Hit Name 'Rachid Nour Fettar'. First, I look at the given name: 'Rachid' matches exactly in both records. Next, I look at the surname: 'Fettar' matches exactly in both records. However, the Candidate Hit contains a middle name, 'Nour', which is completely absent from the Client Name. In this specific screening context, I am evaluating whether 'Nour' represents a distinct identity. Given the instruction that this is a False Positive where the individuals are distinct, the presence of a full, distinct middle name in the hit record that is not present or abbreviated in the client record indicates these are two different individuals who happen to share a common first and last name. The middle name 'Nour' creates a conflict in identity rather than a mere omission.",disqualify,ollama
Sergey Konstantinovich Nosov,Sergey Konstantinovich Kowalski,Sergey Konstantinovich,DISP_SURNAME_CONFLICT,Surnames are entirely different names,"I am comparing the client 'Sergey Konstantinovich Nosov' against the hit 'Sergey Konstantinovich Kowalski'. Breaking this down token-by-token: the first names match exactly ('Sergey') and the patronymics/middle names match exactly ('Konstantinovich'). However, when I look at the surnames, 'Nosov' and 'Kowalski' are entirely different. 'Nosov' is a common Russian surname, whereas 'Kowalski' is a distinct Polish surname. There is no evidence of a typo, transliteration difference, or phonetic similarity between these two family names. Since the surnames are irreconcilably different, these represent two distinct individuals who happen to share the same given name and patronymic.",disqualify,ollama
Rigoberto Gaxiola Medina,Rigoberto Medina,Rigoberto Medina,DISP_MIDDLE_NAME_OMITTED,Middle name absent from one record,"I am comparing the client name 'Rigoberto Gaxiola Medina' against the hit name 'Rigoberto Medina'. I start by identifying the given name 'Rigoberto', which is an exact match in both records. I then look at the surnames. The client has two surnames, 'Gaxiola' and 'Medina', which is common in Spanish-naming conventions (paternal and maternal surnames). The hit name contains 'Medina', which matches the second surname of the client. The name 'Gaxiola' is missing from the hit record. Because the first name and the primary surname match exactly, and the only difference is the absence of one of the surnames in the hit record, this is a classic case of a middle or secondary name being omitted during data entry. There are no conflicting names present to suggest these are different individuals.",escalate to analyst,ollama
Abbas Djuma,Abbas Duma,Abbas Duma,DISP_MINOR_TYPO,Single character typo or keyboard slip,"I am comparing the client name 'Abbas Djuma' against the candidate hit 'Abbas Duma'. First, I look at the first names: 'Abbas' matches 'Abbas' exactly. Next, I look at the surnames: 'Djuma' versus 'Duma'. I observe that the only difference is the presence of the letter 'j' in the client's record. In many naming conventions or data entry scenarios, this represents a minor clerical typo or a slight variation in how the name was recorded. Given that the first name is an exact match and the surname differs by only one character, this is highly likely to be the same individual.",escalate to analyst,ollama
Felicien Nsanzubukire,Felicien Russo,Felicien,DISP_SURNAME_CONFLICT,Surnames are entirely different names,"I am comparing the Client Name 'Felicien Nsanzubukire' against the Candidate Hit Name 'Felicien Russo'. First, I look at the given names: both share the first name 'Felicien', which is a common match. Next, I evaluate the surnames. The client's surname is 'Nsanzubukire', which is characteristic of Central African origin (specifically Burundi/Rwanda). The hit's surname is 'Russo', which is a common Italian surname. There is no phonetic similarity, no evidence of a typo, and no transliteration relationship between these two names. They are two entirely different surnames representing distinct ethnic and geographic origins. Because the surnames are irreconcilably different, this is a clear case of two different individuals who happen to share a first name.",disqualify,ollama
Sajjad Kashian,Sajjad Al-Hashimi,Sajjad,DISP_SURNAME_CONFLICT,Surnames are entirely different names,"I am comparing the client name 'Sajjad Kashian' against the candidate hit 'Sajjad Al-Hashimi'. First, I look at the given names: both records share the name 'Sajjad', which is a common given name. Next, I evaluate the surnames. The client's surname is 'Kashian', while the candidate hit's surname is 'Al-Hashimi'. These two surnames are entirely different in structure, origin, and sound. There are no indicators of a typo, transliteration variant, or phonetic similarity between 'Kashian' and 'Al-Hashimi'. Because the surnames are irreconcilably different, these two records refer to two distinct individuals who happen to share the same first name.",disqualify,ollama
Valeriy Stepanovich Skrug,Valeriy Stepanovich Martinez,Valeriy Stepanovich,DISP_SURNAME_CONFLICT,Surnames are entirely different names,"I am comparing the client 'Valeriy Stepanovich Skrug' against the candidate hit 'Valeriy Stepanovich Martinez'. Looking at the tokens, the first name 'Valeriy' and the patronymic/middle name 'Stepanovich' are identical in both records. However, when I evaluate the surnames, 'Skrug' and 'Martinez' are entirely different names with no phonetic similarity, common origin, or clerical relationship. The overlap in the first and middle names is coincidental, but the irreconcilable difference in the surnames indicates that these are two distinct individuals.",disqualify,ollama
Vadim Aleksandrovich Babarikin,Vadim Aleksandrovich Park,Vadim Aleksandrovich,DISP_SURNAME_CONFLICT,Surnames are entirely different names,"I am comparing the client name 'Vadim Aleksandrovich Babarikin' against the candidate hit 'Vadim Aleksandrovich Park'. Looking at the first name, 'Vadim' matches exactly. Looking at the patronymic/middle name, 'Aleksandrovich' matches exactly. However, when I evaluate the surnames, 'Babarikin' and 'Park' are entirely different names. They share no phonetic similarity, are not transliteration variants of one another, and do not appear to be typos. Despite the shared first and middle names, the surnames are irreconcilably different, indicating these are two distinct individuals.",disqualify,ollama
Gordon Debono,Gordon U. Debono,Gordon Debono,DISP_MIDDLE_NAME_OMITTED,Middle name absent from one record,"I am comparing the Client Name 'Gordon Debono' against the Candidate Hit Name 'Gordon U. Debono'. First, I look at the given name: 'Gordon' matches exactly in both records. Next, I look at the surname: 'Debono' matches exactly in both records. The only difference is the presence of a middle initial 'U.' in the candidate hit which is absent in the client record. In AML screening, it is very common for a client to provide only their first and last name while a sanctions or PEP list includes a middle initial. Because the first and last names are an exact match and there is no conflicting middle name present to suggest these are different people, I treat this as a middle name omission.",escalate to analyst,ollama
Ahmad-Reza Radan,Ahmad-Reza Raadn,Ahmad-Reza Radan,DISP_MINOR_TYPO,Single character typo or keyboard slip,"I am comparing the client name 'Ahmad-Reza Radan' against the candidate hit 'Ahmad-Reza Raadn'. First, I look at the given names; 'Ahmad-Reza' is identical in both records, including the hyphenation. Next, I examine the surname. The client's surname is 'Radan' and the candidate's surname is 'Raadn'. By looking at the characters, I can see that the only difference is the placement of the letter 'a' and 'd' (an adjacent character swap). This is a classic clerical typo where the user likely mistyped the sequence of letters. Given that the first and middle names are a perfect match and the surname is only one character transposition away, this is highly likely to be the same individual.",escalate to analyst,ollama
Khalil Jarraya,Khalil Charles Jarraya,Khalil Jarraya,DISP_MIDDLE_NAME_CONFLICT,Middle names are irreconcilably different,"I am comparing the Client Name 'Khalil Jarraya' against the Candidate Hit 'Khalil Charles Jarraya'. Both records share the same first name 'Khalil' and the same surname 'Jarraya'. However, the candidate hit includes a middle name, 'Charles'. In a professional compliance context, the presence of a specific Western middle name like 'Charles' in one record and its total absence in the other—where the client's name is a simple two-token name—suggests these are two distinct individuals who happen to share a common first and last name. Because 'Charles' is a distinct, full middle name and not an initial or a variation of a known patronymic, I treat this as a middle name conflict indicating different identities.",disqualify,ollama
Lianhe Hu,Lianhe Johnson,Lianhe,DISP_SURNAME_CONFLICT,Surnames are entirely different names,"I am comparing the client name 'Lianhe Hu' against the candidate hit 'Lianhe Johnson'. Breaking the names down token-by-token: the first names are an exact match ('Lianhe'). However, when I look at the surnames, 'Hu' and 'Johnson' are entirely different names from different linguistic and cultural origins. There is no evidence of a typo, transliteration variant, or phonetic similarity between these two surnames. Because the surnames are irreconcilably different, these represent two distinct individuals who happen to share a given name.",disqualify,ollama
Aidar Raisovich Metshin,Aidar Raisovich Patel,Aidar Raisovich,DISP_SURNAME_CONFLICT,Surnames are entirely different names,"I am comparing the Client Name 'Aidar Raisovich Metshin' against the Candidate Hit 'Aidar Raisovich Patel'. Breaking the names down token-by-token: the first name 'Aidar' matches exactly, and the patronymic/middle name 'Raisovich' matches exactly. However, when I evaluate the surnames, 'Metshin' and 'Patel' are entirely different names from different linguistic and ethnic origins. There is no evidence of a typo, transliteration variant, or phonetic similarity between 'Metshin' and 'Patel'. Because the surnames are irreconcilably different, these represent two distinct individuals who happen to share a first and middle name.",disqualify,ollama
Jose Jesus Jarquin Jarquin,Jose Jesus Jarquin Lindqvist,Jose Jesus Jarquin,DISP_SURNAME_CONFLICT,Surnames are entirely different names,"I am comparing the client name 'Jose Jesus Jarquin Jarquin' against the candidate hit 'Jose Jesus Jarquin Lindqvist'. Breaking them down token-by-token: both share the first name 'Jose' and the middle name 'Jesus'. They also share the first surname 'Jarquin'. However, in Hispanic naming conventions, the second surname is critical for identification. The client has a repeated surname 'Jarquin', whereas the candidate hit has the surname 'Lindqvist'. 'Jarquin' and 'Lindqvist' are entirely different names with different linguistic origins (Spanish vs. Scandinavian). Because the second surnames are irreconcilably different, these represent two distinct individuals who happen to share common given names and a first surname.",disqualify,ollama
Magdalena Ruiz De Briones,Magdalena Ming De Briones,Magdalena De Briones,DISP_SURNAME_CONFLICT,Surnames are entirely different names,"I am comparing the Client Name 'Magdalena Ruiz De Briones' against the Candidate Hit 'Magdalena Ming De Briones'. Breaking the names down token-by-token: the first name 'Magdalena' matches exactly. The trailing compound surname 'De Briones' also matches exactly. However, the primary identifying surname/middle name differs significantly. The client has the surname 'Ruiz', whereas the candidate hit has the name 'Ming'. 'Ruiz' (of Spanish origin) and 'Ming' (typically of Chinese origin) are irreconcilably different names and cannot be attributed to a typo, transliteration variant, or abbreviation. Because the core family names are distinct, these are two different individuals who happen to share a first name and a common compound suffix.",disqualify,ollama
Alan Gabriel Nunez Herrera,Alan Gabriel Nunez Davis,Alan Gabriel Nunez,DISP_SURNAME_CONFLICT,Surnames are entirely different names,"I am comparing the client name 'Alan Gabriel Nunez Herrera' against the candidate hit 'Alan Gabriel Nunez Davis'. Breaking the names down token-by-token: the first name 'Alan' matches exactly, the middle name 'Gabriel' matches exactly, and the first surname 'Nunez' matches exactly. However, the final surname differs significantly. The client has the surname 'Herrera', whereas the candidate hit has the surname 'Davis'. In many Spanish-naming customs, individuals carry two surnames (paternal and maternal). While they share the first three name elements, 'Herrera' and 'Davis' are entirely different family names with no phonetic or clerical relationship. This indicates that these are two distinct individuals who happen to share a common first, middle, and first surname.",disqualify,ollama
Seyyed Mahmoud Reza Sajjadi,Seyyed Mahmoud Reza Fischer,Seyyed Mahmoud Reza,DISP_SURNAME_CONFLICT,Surnames are entirely different names,"I am comparing the Client Name 'Seyyed Mahmoud Reza Sajjadi' against the Candidate Hit 'Seyyed Mahmoud Reza Fischer'. I start by reviewing the tokens from left to right. The first three tokens—'Seyyed', 'Mahmoud', and 'Reza'—are identical in both records. However, when I reach the final token, which represents the surname, there is a complete mismatch. The client's surname is 'Sajjadi', while the hit's surname is 'Fischer'. These are two entirely different names from different linguistic and cultural origins. Because the surnames are irreconcilably different, this indicates that the two records refer to two distinct individuals who happen to share a common set of given names. There is no evidence of a typo or transliteration variant here; it is a clear surname conflict.",disqualify,ollama
Yuri Viktorovich Pichugin,Yuri Viktorovich Mensah,Yuri Viktorovich,DISP_SURNAME_CONFLICT,Surnames are entirely different names,"I am comparing the client 'Yuri Viktorovich Pichugin' against the hit 'Yuri Viktorovich Mensah'. I start by looking at the first name: 'Yuri' matches 'Yuri' exactly. Next, I look at the middle name/patronymic: 'Viktorovich' matches 'Viktorovich' exactly. Finally, I compare the surnames. The client's surname is 'Pichugin', while the hit's surname is 'Mensah'. These two surnames are entirely different in origin, spelling, and sound. There is no evidence of a typo or transliteration variant here; these are two distinct family names. Because the surnames are irreconcilably different, this is a clear case of two different individuals who happen to share a common first and middle name.",disqualify,ollama
Chabaane Ben Mohamed Trabelsi,Chabaane Mohamed Trabelsi,Chabaane Mohamed Trabelsi,DISP_MIDDLE_NAME_OMITTED,Middle name absent from one record,"I am comparing the Client Name 'Chabaane Ben Mohamed Trabelsi' against the Candidate Hit 'Chabaane Mohamed Trabelsi'. First, I identify that the first name 'Chabaane' and the surname 'Trabelsi' match exactly in both records. Looking at the middle section, the client name contains 'Ben Mohamed', while the hit name contains only 'Mohamed'. In many Arabic naming conventions, 'Ben' (meaning 'son of') is a common patronymic marker that is frequently omitted in Western databases or simplified during data entry. Because 'Mohamed' is present in both and only the connector 'Ben' is missing in the hit name, I conclude this is the same individual with a slight variation in how the middle name/patronymic was recorded.",escalate to analyst,ollama
Mohamed Ahmed Qahiye,Qahiye Mohamed Ahmed,"Mohamed, Ahmed, Qahiye",DISP_TOKEN_ORDER_SWAP,Name tokens in different sequence,"I am comparing the Client Name 'Mohamed Ahmed Qahiye' against the Candidate Hit Name 'Qahiye Mohamed Ahmed'. I observe that all three name tokens are identical in both records: 'Mohamed', 'Ahmed', and 'Qahiye'. The only difference is the sequence in which they appear. In the client record, the name follows a Given Name-Middle Name-Surname structure, whereas the candidate hit presents the names in a Surname-Given Name-Middle Name structure. This is a common occurrence in international screening where different databases record names in different orders. Because all tokens are an exact match and only the order differs, this is a clear match.",escalate to analyst,ollama
Himnauth Sawh,Himnauth Martinez,Himnauth,DISP_SURNAME_CONFLICT,Surnames are entirely different names,"I am comparing the client name 'Himnauth Sawh' against the candidate hit 'Himnauth Martinez'. Breaking these down token by token: the first names are an exact match ('Himnauth'). However, looking at the surnames, 'Sawh' and 'Martinez' are entirely different names from different linguistic and cultural origins. There is no evidence of a typo, transliteration variant, or phonetic similarity between 'Sawh' and 'Martinez'. Because the surnames are irreconcilably different, these represent two distinct individuals who happen to share a less common first name.",disqualify,ollama
Hans Peter Bomatter,Hans P. Bomatter,Hans P Bomatter,DISP_MIDDLE_NAME_ABBREVIATED,Middle name shortened to initial,"I am comparing the Client Name 'Hans Peter Bomatter' against the Candidate Hit 'Hans P. Bomatter'. Breaking this down token by token: The first name 'Hans' is an exact match in both records. The surname 'Bomatter' is an exact match in both records. The only difference is the middle name; the client record provides the full name 'Peter', whereas the candidate hit uses the initial 'P.'. In a compliance context, it is standard for middle names to be abbreviated to a single initial. There are no conflicting name elements that would suggest these are two different individuals. Therefore, this is a likely match.",escalate to analyst,ollama
Maksim Gennadyevich Kavdzharadze,Maksim Gennadyevich Kavdzharade,Maksim Gennadyevich Kavdzhara,DISP_MINOR_TYPO,Single character typo or keyboard slip,"I am comparing the Client Name 'Maksim Gennadyevich Kavdzharadze' against the Candidate Hit Name 'Maksim Gennadyevich Kavdzharade'. First, I look at the given name: 'Maksim' matches 'Maksim' exactly. Second, I look at the patronymic: 'Gennadyevich' matches 'Gennadyevich' exactly. Finally, I examine the surname. The client's surname is 'Kavdzharadze' and the hit's surname is 'Kavdzharade'. Comparing them token by token, the only difference is the omission of the letter 'z' near the end of the name in the hit record. This appears to be a simple clerical typo or a data entry error where a single character was missed. Given that the first name and the complex patronymic match perfectly, this is highly likely to be the same individual.",escalate to analyst,ollama
Segundo Alberto Villota Segura,Segundo Alberto Villota Ssgura,Segundo Alberto Villota,DISP_MINOR_TYPO,Single character typo or keyboard slip,"I am comparing the Client Name 'Segundo Alberto Villota Segura' against the Candidate Hit Name 'Segundo Alberto Villota Ssgura'. Breaking them down token-by-token: The first name 'Segundo' matches exactly. The middle name 'Alberto' matches exactly. The first surname 'Villota' matches exactly. When looking at the second surname, the client has 'Segura' and the hit has 'Ssgura'. The only difference is the replacement of the 'e' with an 's'. Given that 's' and 'e' are relatively close on a QWERTY keyboard and the rest of the four-token name string is an identical match, this is clearly a clerical typo. The names refer to the same individual.",escalate to analyst,ollama
Sergey Valeriyevich Petrov,Sergey David Petrov,Sergey Petrov,DISP_MIDDLE_NAME_CONFLICT,Middle names are irreconcilably different,"I am comparing the client name 'Sergey Valeriyevich Petrov' against the candidate hit 'Sergey David Petrov'. First, I look at the given names: both are 'Sergey', which is a match. Next, I look at the surnames: both are 'Petrov', which is also a match. However, I then evaluate the middle names. The client has the patronymic 'Valeriyevich', whereas the candidate hit has the middle name 'David'. These are two entirely different names with no phonetic similarity, transliteration overlap, or abbreviation relationship. In the context of Russian naming conventions, the patronymic is a critical identifier; a person born to a father named Valery (Valeriyevich) is a distinct individual from someone with the middle name David. Because the middle names are irreconcilably different, these are two different people.",disqualify,ollama
Tom De Geetere,Tom De Gupta,Tom De,DISP_SURNAME_CONFLICT,Surnames are entirely different names,"I am comparing the client 'Tom De Geetere' against the candidate hit 'Tom De Gupta'. Both names share the first name 'Tom' and the particle 'De'. However, I must look at the primary surname. The client's surname is 'Geetere', which is typically of Flemish/Belgian origin. The candidate's surname is 'Gupta', which is a common Indian surname. These are two entirely different family names with no phonetic or linguistic connection. The shared 'Tom De' is a common name combination and does not override the clear conflict between the surnames. These are two distinct individuals.",disqualify,ollama
Hugo Adalberto Velazquez Moreno,Hugo Adalberto Velazquez Ito,Hugo Adalberto Velazquez,DISP_SURNAME_CONFLICT,Surnames are entirely different names,"I am comparing the Client Name 'Hugo Adalberto Velazquez Moreno' against the Candidate Hit Name 'Hugo Adalberto Velazquez Ito'. I see that the first name 'Hugo', the middle name 'Adalberto', and the first surname 'Velazquez' are identical in both records. However, looking at the second surname—which is critical in Hispanic naming conventions—the client has 'Moreno' while the candidate hit has 'Ito'. 'Moreno' and 'Ito' are entirely different names with no phonetic or clerical similarity. This indicates that while the individuals share a common first name and paternal surname, they are two distinct persons with different maternal surnames.",disqualify,ollama
Azam Cheema,Azam Lee,Azam,DISP_SURNAME_CONFLICT,Surnames are entirely different names,"I am comparing the Client Name 'Azam Cheema' against the Candidate Hit Name 'Azam Lee'. Breaking this down token-by-token: the first names are an exact match ('Azam'). However, looking at the surnames, 'Cheema' and 'Lee' are entirely different names with no phonetic similarity, no shared origin, and no evidence of a typo or transliteration variant. They represent two distinct family names. Because the surnames are irreconcilably different, this is a clear case of two different individuals who happen to share a common first name.",disqualify,ollama
Darya Andreyevna Khorkina,Darya Andreyevna Petrov,Darya Andreyevna,DISP_SURNAME_CONFLICT,Surnames are entirely different names,"I am comparing the Client Name 'Darya Andreyevna Khorkina' against the Candidate Hit 'Darya Andreyevna Petrov'. I start by looking at the first name: 'Darya' matches exactly. I then look at the patronymic/middle name: 'Andreyevna' matches exactly. Finally, I compare the surnames. The client's surname is 'Khorkina', while the candidate hit's surname is 'Petrov'. These are two entirely different and distinct Russian surnames with no phonetic or clerical similarity. Despite the first and middle names being identical—which is common in certain jurisdictions—the irreconcilable difference in the family name indicates these are two separate individuals.",disqualify,ollama
Fawzi Mutlaq Al-Rawi,Fawzi Mutlaq Patel,Fawzi Mutlaq,DISP_SURNAME_CONFLICT,Surnames are entirely different names,"I am comparing the client 'Fawzi Mutlaq Al-Rawi' against the hit 'Fawzi Mutlaq Patel'. Breaking this down token-by-token: the first name 'Fawzi' matches exactly, and the middle name 'Mutlaq' matches exactly. However, when I look at the surnames, the client's surname is 'Al-Rawi' (an Arabic name) while the hit's surname is 'Patel' (an Indian name). These are two entirely different surnames from different linguistic and cultural origins. There is no evidence of a typo, transliteration difference, or phonetic similarity between 'Al-Rawi' and 'Patel'. Therefore, these represent two distinct individuals who happen to share the same given and middle names.",disqualify,ollama
Husham Hashim Jaythoom,Husham Hashim Yang,Husham Hashim,DISP_SURNAME_CONFLICT,Surnames are entirely different names,"I am comparing the client name 'Husham Hashim Jaythoom' against the candidate hit 'Husham Hashim Yang'. I observe that the first name 'Husham' and the middle name 'Hashim' are identical in both records. However, when I look at the surnames, the client's surname is 'Jaythoom' while the candidate's surname is 'Yang'. These two surnames are entirely different in origin, length, and phonetic structure. There is no evidence of a typo or transliteration variant that could link 'Jaythoom' to 'Yang'. Therefore, despite the identical given and middle names, the distinct surnames indicate that these are two different individuals.",disqualify,ollama
Konstantin Yuryevich Zakharov,Konstantin Yuryevich Kowalski,Konstantin Yuryevich,DISP_SURNAME_CONFLICT,Surnames are entirely different names,"I am comparing the client 'Konstantin Yuryevich Zakharov' against the candidate hit 'Konstantin Yuryevich Kowalski'. Breaking the names down token-by-token: the first name 'Konstantin' is an exact match, and the patronymic/middle name 'Yuryevich' is also an exact match. However, when I evaluate the surnames, 'Zakharov' and 'Kowalski' are entirely different names from different linguistic origins (Russian vs. Polish). There is no evidence of a typo, transliteration variant, or phonetic similarity between these two surnames. Because the surnames are irreconcilably different, these are two distinct individuals who happen to share the same given name and patronymic.",disqualify,ollama
Alexander Vladimirovich Yakubovsky,Alexander Vladimirovich Volkov,Alexander Vladimirovich,DISP_SURNAME_CONFLICT,Surnames are entirely different names,"I am comparing the client name 'Alexander Vladimirovich Yakubovsky' against the candidate hit 'Alexander Vladimirovich Volkov'. Breaking this down token-by-token: the first name 'Alexander' is an exact match. The patronymic 'Vladimirovich' is also an exact match. However, when I look at the surnames, 'Yakubovsky' and 'Volkov' are entirely different names with no phonetic or orthographic similarity. While the first and middle names are identical, the surname is the primary identifier for distinguishing individuals in this jurisdiction. Because the surnames are irreconcilably different, these are two distinct individuals who happen to share a common first name and patronymic.",disqualify,ollama
Paul Daby Jr.,Paul Tendai Jr.,Paul Jr.,DISP_SURNAME_CONFLICT,Surnames are entirely different names,"I am comparing the Client Name 'Paul Daby Jr.' against the Candidate Hit 'Paul Tendai Jr.'. Breaking these down token-by-token: the first name 'Paul' matches exactly in both records. The suffix 'Jr.' also matches exactly. However, the surnames are 'Daby' and 'Tendai'. These are entirely different names with no phonetic similarity, no evidence of a typo, and no common transliteration variants. 'Daby' and 'Tendai' are distinct family names. Because the surnames are irreconcilably different, these represent two different individuals who happen to share a common first name and generational suffix.",disqualify,ollama
Igor Venediktovich Plotnitsky,Igor V. Plotnitsky,Igor Plotnitsky,DISP_MIDDLE_NAME_ABBREVIATED,Middle name shortened to initial,"I am comparing the Client Name 'Igor Venediktovich Plotnitsky' against the Candidate Hit 'Igor V. Plotnitsky'. First, I look at the given name: 'Igor' matches exactly in both records. Next, I examine the surname: 'Plotnitsky' matches exactly in both records. Finally, I evaluate the middle name/patronymic. The client record provides the full patronymic 'Venediktovich', whereas the candidate hit provides only the initial 'V.'. In AML screening, it is standard practice to recognize that a full middle name and its corresponding initial are representations of the same person. Since the first and last names are identical and the middle initial aligns with the first letter of the full patronymic, this is a match.",escalate to analyst,ollama
Rafael Alvarez Pineda,Rafael Alvarez Bianchi,Rafael Alvarez,DISP_SURNAME_CONFLICT,Surnames are entirely different names,"I am comparing the client 'Rafael Alvarez Pineda' against the candidate hit 'Rafael Alvarez Bianchi'. Breaking the names down token-by-token: the first name 'Rafael' matches exactly. The first surname 'Alvarez' also matches exactly. However, looking at the second surname (which is common in Spanish-naming conventions), the client has 'Pineda' while the candidate hit has 'Bianchi'. These are two entirely different surnames with no phonetic or clerical similarity. Because the final surnames are irreconcilably different, this indicates that the two records refer to two distinct individuals who happen to share a common first name and first surname.",disqualify,ollama
Firas Hasan Moukalled,Firas Hasan Kumar,Firas Hasan,DISP_SURNAME_CONFLICT,Surnames are entirely different names,"I am comparing the client name 'Firas Hasan Moukalled' against the candidate hit 'Firas Hasan Kumar'. Breaking the names down token-by-token: the first name 'Firas' matches exactly, and the middle name 'Hasan' matches exactly. However, I then look at the surnames. The client's surname is 'Moukalled', while the hit's surname is 'Kumar'. These are two entirely different surnames with no phonetic similarity, no common transliteration roots, and no evidence of a typo. 'Moukalled' is typically of Levantine origin, whereas 'Kumar' is a very common South Asian surname. Because the surnames are irreconcilably different, these represent two distinct individuals who happen to share a common given and middle name.",disqualify,ollama
Ludim Zamudio Lerma,Ludim Zamudio Schneider,Ludim Zamudio,DISP_SURNAME_CONFLICT,Surnames are entirely different names,"I am comparing the client 'Ludim Zamudio Lerma' against the hit 'Ludim Zamudio Schneider'. Breaking these down token by token: the first name 'Ludim' matches exactly. The first surname 'Zamudio' matches exactly. However, I encounter a direct conflict with the second surname. The client has the surname 'Lerma', while the hit has the surname 'Schneider'. These are two entirely different family names with no phonetic similarity, transliteration overlap, or clerical relationship. In many Spanish-speaking naming conventions, the second surname is the maternal line; since these are irreconcilably different, I am looking at two distinct individuals who happen to share a given name and a paternal surname. This is a clear case of a different person.",disqualify,ollama
Kourosh Asiabani,Kourosh Huang,Kourosh,DISP_SURNAME_CONFLICT,Surnames are entirely different names,"I am comparing the client 'Kourosh Asiabani' against the hit 'Kourosh Huang'. Breaking the names down token-by-token: the first names are an exact match ('Kourosh'). However, I then look at the surnames. The client's surname is 'Asiabani', while the hit's surname is 'Huang'. These are two entirely different names from different linguistic and cultural origins. There is no evidence of a typo, transliteration variant, or phonetic similarity between 'Asiabani' and 'Huang'. Because the surnames are irreconcilably different, these are two distinct individuals who happen to share a first name.",disqualify,ollama
Jonathan Faustino Rios Gonzalez,Jonathan Faustino Rios Gonsalez,Jonathan Faustino Rios,DISP_PHONETIC_SURNAME_DIVERGENCE,Surnames phonetically shifted but distinct,"I am comparing the client name 'Jonathan Faustino Rios Gonzalez' against the hit 'Jonathan Faustino Rios Gonsalez'. The first three name tokens ('Jonathan', 'Faustino', and 'Rios') are identical matches. However, I am focusing on the final surname. The client's surname is 'Gonzalez' (with a 'z'), whereas the hit is 'Gonsalez' (with an 's'). While these names sound nearly identical, in a strict compliance and legal context, 'Gonzalez' and 'Gonsalez' are distinct surnames. Given the instruction that this is a false positive where the hit is a distinct individual, I recognize this as a phonetic divergence where the spelling difference indicates two different legal identities rather than a clerical typo.",disqualify,ollama
Nikolai Kozitsyn,Nikolai Chen,Nikolai,DISP_SURNAME_CONFLICT,Surnames are entirely different names,"I am comparing the client name 'Nikolai Kozitsyn' against the candidate hit 'Nikolai Chen'. First, I look at the given names: both share the name 'Nikolai', which is a common first name. Next, I examine the surnames. The client's surname is 'Kozitsyn', which is of Slavic origin. The candidate's surname is 'Chen', which is of Chinese origin. These two surnames are entirely different in spelling, origin, and phonetics. There is no evidence of a typo, transliteration variant, or phonetic shift that would link 'Kozitsyn' to 'Chen'. Because the surnames are irreconcilably different, these are two distinct individuals who happen to share a common first name.",disqualify,ollama
Luis Alfonso Gomez Bustamante,Luis Jean Gomez Bustamante,Luis Gomez Bustamante,DISP_MIDDLE_NAME_CONFLICT,Middle names are irreconcilably different,"I am comparing the Client Name 'Luis Alfonso Gomez Bustamante' against the Candidate Hit 'Luis Jean Gomez Bustamante'. Breaking them down token by token: The first name 'Luis' matches exactly. The surnames 'Gomez Bustamante' match exactly. However, I encounter a conflict in the middle name position. The client has the middle name 'Alfonso', whereas the candidate hit has the middle name 'Jean'. 'Alfonso' and 'Jean' are entirely distinct names with different linguistic origins and no phonetic or clerical similarity. Because the middle names are irreconcilably different, this indicates that these are two different individuals who happen to share the same first name and double surname.",disqualify,ollama
Mansur Asgari,Mansur Osei,Mansur,DISP_SURNAME_CONFLICT,Surnames are entirely different names,"I am comparing the client name 'Mansur Asgari' against the candidate hit 'Mansur Osei'. I begin by looking at the first names: both records share the name 'Mansur', which is a common given name. Next, I examine the surnames. The client's surname is 'Asgari', while the hit's surname is 'Osei'. These two surnames are entirely different in origin, structure, and sound. There is no evidence of a typo, transliteration variance, or phonetic similarity that would suggest these are the same person. Because the surnames are irreconcilably different, this is a case of coincidental first-name overlap between two distinct individuals.",disqualify,ollama
Abubakar Swalleh,Abubakar Rodriguez,Abubakar,DISP_SURNAME_CONFLICT,Surnames are entirely different names,"I am comparing the client name 'Abubakar Swalleh' against the candidate hit 'Abubakar Rodriguez'. Both names share the first name 'Abubakar'. However, I then look at the surnames: 'Swalleh' versus 'Rodriguez'. These are two entirely different surnames with no phonetic similarity, no common transliteration root, and no indication of a clerical error. They represent distinct family lineages and cultural origins. Because the surnames are irreconcilably different, this is a case of coincidental first-name overlap between two distinct individuals.",disqualify,ollama
Vasiliy Aleksandrovich Nikitin,Vasiliy William Nikitin,Vasiliy Nikitin,DISP_MIDDLE_NAME_CONFLICT,Middle names are irreconcilably different,"I am comparing the client name 'Vasiliy Aleksandrovich Nikitin' against the candidate hit 'Vasiliy William Nikitin'. First, I look at the given names: both are 'Vasiliy', which is a match. Next, I look at the surnames: both are 'Nikitin', which is also a match. Finally, I evaluate the middle names. The client has the Russian patronymic 'Aleksandrovich', whereas the candidate hit has the English name 'William'. These two middle names are entirely different in origin, meaning, and phonetics; 'William' is not an abbreviation, typo, or transliteration of 'Aleksandrovich'. Because the middle names are irreconcilably different, I am confident these are two distinct individuals who happen to share the same first and last name.",disqualify,ollama
Abdullah Mesfer Saleh Al-Shaer,Abdullah Mesfer Saleh Tanaka,Abdullah Mesfer Saleh,DISP_SURNAME_CONFLICT,Surnames are entirely different names,"I am comparing the client 'Abdullah Mesfer Saleh Al-Shaer' against the hit 'Abdullah Mesfer Saleh Tanaka'. I started by reviewing the tokens from left to right. The first three tokens—the given name 'Abdullah' and the subsequent names 'Mesfer' and 'Saleh'—are an exact match in both records. However, when I reach the final token (the surname), I see a total conflict. The client's surname is 'Al-Shaer', which is of Arabic origin, whereas the hit's surname is 'Tanaka', which is of Japanese origin. These are two entirely different names from different linguistic and cultural backgrounds. Despite the coincidence of the first three names matching, the irreconcilable difference in the surnames indicates these are two distinct individuals.",disqualify,ollama
Marco Marino Diodato Del Gallo,Marco Marino Diodato Del Al-Mansoor,Marco Marino Diodato Del,DISP_SURNAME_CONFLICT,Surnames are entirely different names,"I am comparing the client 'Marco Marino Diodato Del Gallo' against the hit 'Marco Marino Diodato Del Al-Mansoor'. Starting with the first names, 'Marco' and 'Marino' match exactly. The third name 'Diodato' also matches. The particle 'Del' is present in both. However, when I reach the primary surname, the client is 'Gallo' while the hit is 'Al-Mansoor'. These are two completely different surnames from different linguistic and cultural origins. Despite the coincidental overlap of three given names and a particle, the fundamental identity marker (the surname) is irreconcilably different. This indicates two distinct individuals.",disqualify,ollama
Gilberto Ruelas Torres,Gilberto Ruelas Mansour,Gilberto Ruelas,DISP_SURNAME_CONFLICT,Surnames are entirely different names,"I am comparing the client 'Gilberto Ruelas Torres' against the candidate hit 'Gilberto Ruelas Mansour'. Breaking the names down token-by-token: the first name 'Gilberto' is an exact match. The first surname 'Ruelas' is also an exact match. However, when looking at the final surname, the client has 'Torres' while the candidate hit has 'Mansour'. These are two entirely different surnames with no phonetic similarity, common transliteration variants, or clerical overlap. In many Spanish-naming conventions, the second surname is the paternal or maternal line; having completely different second surnames indicates these are two distinct individuals who happen to share a first name and a first surname.",disqualify,ollama
Abdallah Asad Tahini,Abdallah Asad Nakamura,Abdallah Asad,DISP_SURNAME_CONFLICT,Surnames are entirely different names,"I am comparing the client 'Abdallah Asad Tahini' against the hit 'Abdallah Asad Nakamura'. Breaking the names down token by token: the first name 'Abdallah' matches exactly, and the middle name 'Asad' matches exactly. However, when I look at the surnames, 'Tahini' and 'Nakamura' are entirely different. 'Tahini' is of Arabic origin, whereas 'Nakamura' is of Japanese origin. There is no evidence of a typo, transliteration variant, or phonetic similarity between these two surnames. They represent two completely different family lineages. Because the surnames are irreconcilably different, I conclude these are two distinct individuals who happen to share the same given and middle names.",disqualify,ollama
Alexander Nikolaevich Ganov,Alexander Nikolaevich Dubois,Alexander Nikolaevich,DISP_SURNAME_CONFLICT,Surnames are entirely different names,"I am comparing the client 'Alexander Nikolaevich Ganov' against the hit 'Alexander Nikolaevich Dubois'. Breaking the names down token-by-token: the first name 'Alexander' is an exact match, and the patronymic/middle name 'Nikolaevich' is also an exact match. However, when I look at the surnames, 'Ganov' and 'Dubois' are entirely different names with no phonetic similarity, common transliteration variants, or clerical overlap. Since the surname is the primary identifier for distinguishing individuals with common first and middle names, this represents a clear conflict. These are two distinct individuals who happen to share a common first name and patronymic.",disqualify,ollama
Jesus Angel Ruelas Avila,Avila Jesus Angel Ruelas,Jesus Angel Ruelas Avila,DISP_TOKEN_ORDER_SWAP,Name tokens in different sequence,"I am comparing the Client Name 'Jesus Angel Ruelas Avila' against the Candidate Hit Name 'Avila Jesus Angel Ruelas'. I see that both names contain the exact same four tokens: 'Jesus', 'Angel', 'Ruelas', and 'Avila'. The only difference is the sequence in which they appear. The Client Name follows a Given Name -> Middle Name -> Surname 1 -> Surname 2 pattern, whereas the Candidate Hit Name has moved the second surname 'Avila' to the front of the string. This is a common occurrence in name recording where the primary family name is listed first. Since all name elements are identical and only the order differs, this is a clear match.",escalate to analyst,ollama
Wendy Marbelys Rios Gomez,Gomez Wendy Marbelys Rios,Wendy Marbelys Rios Gomez,DISP_TOKEN_ORDER_SWAP,Name tokens in different sequence,"I am comparing the Client Name 'Wendy Marbelys Rios Gomez' against the Candidate Hit Name 'Gomez Wendy Marbelys Rios'. Looking at the tokens, I see that every single name element is present in both strings: 'Wendy', 'Marbelys', 'Rios', and 'Gomez'. The only difference is the sequence. The client record follows a Given Name -> Middle Name -> Surname format, whereas the hit record has moved the surname 'Gomez' to the front of the string. This is a common occurrence in international databases where surnames are indexed first. Since all name components are identical and only the order has changed, this is a clear match.",escalate to analyst,ollama
Boris Yakovlevich Rapoport,Boris Y. Rapoport,Boris Y. Rapoport,DISP_MIDDLE_NAME_ABBREVIATED,Middle name shortened to initial,"I am comparing the Client Name 'Boris Yakovlevich Rapoport' against the Candidate Hit 'Boris Y. Rapoport'. First, I look at the given name: 'Boris' matches exactly in both records. Next, I examine the surname: 'Rapoport' matches exactly in both records. Finally, I evaluate the middle name/patronymic. The client record provides the full patronymic 'Yakovlevich', while the candidate hit provides the initial 'Y.'. In human name screening, it is standard practice to recognize that a full middle name is frequently abbreviated to a single initial in different databases. Because the first and last names are identical and the initial 'Y' aligns perfectly with the first letter of 'Yakovlevich', these two records refer to the same individual.",escalate to analyst,ollama
Rokas Karpavicius,Rokas Thomas Karpavicius,Rokas Karpavicius,DISP_MIDDLE_NAME_CONFLICT,Middle names are irreconcilably different,"I am comparing the Client Name 'Rokas Karpavicius' against the Candidate Hit Name 'Rokas Thomas Karpavicius'. Both records share the same first name ('Rokas') and the same surname ('Karpavicius'). However, the Candidate Hit contains a middle name, 'Thomas', which is entirely absent from the Client Name. In this specific screening context, the presence of a distinct middle name ('Thomas') indicates that these are two different individuals who happen to share a common first and last name. Because the middle name is a conflicting identifier rather than a simple omission or abbreviation, I am treating this as a distinct person.",disqualify,ollama
Jorge Portilla Barraza,Jorge Portilla Garcia,Jorge Portilla,DISP_SURNAME_CONFLICT,Surnames are entirely different names,"I am comparing the client 'Jorge Portilla Barraza' against the hit 'Jorge Portilla Garcia'. Looking at the tokens, the first name 'Jorge' is an exact match. The first surname 'Portilla' is also an exact match. However, in Spanish naming conventions, the second surname typically represents the paternal or maternal lineage. The client's second surname is 'Barraza', whereas the hit's second surname is 'Garcia'. 'Barraza' and 'Garcia' are entirely different surnames with no phonetic or clerical similarity. Because the second surnames are irreconcilably different, these represent two distinct individuals who happen to share a common first name and first surname.",disqualify,ollama
Kaveh Merat,Kaveh Gonzalez,Kaveh,DISP_SURNAME_CONFLICT,Surnames are entirely different names,"I am comparing the Client Name 'Kaveh Merat' against the Candidate Hit Name 'Kaveh Gonzalez'. Starting with the first name, both names share the token 'Kaveh', which is an exact match. Moving to the surname, I compare 'Merat' with 'Gonzalez'. These two surnames are entirely different in origin, spelling, and sound. There are no indications of typos, transliteration differences, or phonetic similarities between 'Merat' and 'Gonzalez'. Because the surnames are irreconcilably different, these two records refer to two distinct individuals who happen to share a common first name.",disqualify,ollama
Diego Acosta Ovalle,Diego Acosta Perez,Diego Acosta,DISP_SURNAME_CONFLICT,Surnames are entirely different names,"I am comparing the client 'Diego Acosta Ovalle' against the candidate hit 'Diego Acosta Perez'. Breaking the names down token by token: the first name 'Diego' matches exactly. The first surname 'Acosta' also matches exactly. However, when I look at the second surname—which is critical in Spanish naming conventions—the client has 'Ovalle' while the hit has 'Perez'. These are two entirely different, distinct surnames with no phonetic or clerical relationship. Because the second surnames are irreconcilably different, I am confident these are two distinct individuals who happen to share a common first name and first surname.",disqualify,ollama
Alvaro Sanchez Esteban,Alvaro Sanchez Kang,Alvaro Sanchez,DISP_SURNAME_CONFLICT,Surnames are entirely different names,"I am comparing the client 'Alvaro Sanchez Esteban' against the hit 'Alvaro Sanchez Kang'. Starting with the first token, 'Alvaro' matches exactly. The second token, 'Sanchez', also matches exactly. However, when I reach the final token, I see 'Esteban' for the client and 'Kang' for the candidate hit. These are two entirely different surnames with no phonetic or linguistic relationship. In many Spanish-naming conventions, 'Sanchez' could be a paternal surname and 'Esteban' a maternal surname; however, 'Kang' is a distinct surname of a completely different origin. Because the final surnames are irreconcilably different, I am confident these are two distinct individuals who happen to share a common first and middle/paternal name.",disqualify,ollama
Leanid Mikalaevich Churo,Leanid Mikalaevich Kumar,Leanid Mikalaevich,DISP_SURNAME_CONFLICT,Surnames are entirely different names,"I am comparing the Client Name 'Leanid Mikalaevich Churo' against the Candidate Hit 'Leanid Mikalaevich Kumar'. Breaking this down token-by-token: The first name 'Leanid' matches exactly. The middle name/patronymic 'Mikalaevich' matches exactly. However, when I look at the surnames, 'Churo' and 'Kumar' are entirely different names with no phonetic or orthographic relationship. They originate from different linguistic roots and are irreconcilably distinct. Despite the coincidence of the first and middle names matching, the conflict in the family name indicates these are two different individuals.",disqualify,ollama
Mikhail Borisovich Terentyev,Mikhail Borisovich Popov,Mikhail Borisovich,DISP_SURNAME_CONFLICT,Surnames are entirely different names,"I am comparing the client name 'Mikhail Borisovich Terentyev' against the candidate hit 'Mikhail Borisovich Popov'. First, I look at the given name: both are 'Mikhail', which is a match. Second, I look at the patronymic: both are 'Borisovich', which is also a match. Finally, I evaluate the surnames. The client's surname is 'Terentyev' and the hit's surname is 'Popov'. These are two entirely different Russian surnames with no phonetic or clerical similarity. Because the surnames are irreconcilably different, these represent two distinct individuals who happen to share a common first name and patronymic.",disqualify,ollama
Zarko Nikolic,Zarko Wei Nikolic,Zarko Nikolic,DISP_MIDDLE_NAME_CONFLICT,Middle names are irreconcilably different,"I am comparing the client 'Zarko Nikolic' against the candidate hit 'Zarko Wei Nikolic'. Both names share the first name 'Zarko' and the surname 'Nikolic'. However, the candidate hit contains a middle name, 'Wei', which is absent from the client's profile. Given that 'Wei' is a distinct, culturally specific name that does not appear to be an abbreviation or a typo of any part of the client's name, it suggests these are two different individuals. The presence of an irreconcilable middle name in the hit record creates a conflict that distinguishes the candidate from the client.",disqualify,ollama
Maksim Tsernosjov,Maksim Pratap Tsernosjov,Maksim Tsernosjov,DISP_MIDDLE_NAME_CONFLICT,Middle names are irreconcilably different,"I am comparing the Client Name 'Maksim Tsernosjov' against the Candidate Hit 'Maksim Pratap Tsernosjov'. Both records share the same first name ('Maksim') and the same surname ('Tsernosjov'). However, the Candidate Hit contains a middle name, 'Pratap', which is entirely absent from the Client's name. In this specific compliance context, 'Pratap' is a distinct, culturally specific name that does not function as a patronymic or a common abbreviation. The presence of a full, irreconcilable middle name in the hit record suggests that these are two different individuals who happen to share a first and last name, rather than a case of a middle name being omitted or abbreviated. Therefore, this is a conflict of identity.",disqualify,ollama
Domingo Antonio Hernandez Larez,Domingo Antonio Hernandez Al-Hashimi,Domingo Antonio Hernandez,DISP_SURNAME_CONFLICT,Surnames are entirely different names,"I am comparing the Client Name 'Domingo Antonio Hernandez Larez' against the Candidate Hit 'Domingo Antonio Hernandez Al-Hashimi'. Both names share the first three tokens: 'Domingo', 'Antonio', and 'Hernandez'. However, when I look at the final surname token, the client has 'Larez' while the candidate has 'Al-Hashimi'. These two surnames are completely different in origin, phonetics, and spelling. In Spanish naming conventions, the second surname is a critical identifier. 'Larez' and 'Al-Hashimi' are irreconcilably different, indicating that these are two distinct individuals who happen to share a common given name and first surname. There is no evidence of a typo or transliteration variant here; they are simply different family names.",disqualify,ollama
Dmitry Pleshevskiy,Dmitry Ferrari,Dmitry,DISP_SURNAME_CONFLICT,Surnames are entirely different names,"I am comparing the client 'Dmitry Pleshevskiy' against the candidate hit 'Dmitry Ferrari'. Breaking the names down token-by-token: the first names are an exact match ('Dmitry'). However, looking at the surnames, 'Pleshevskiy' and 'Ferrari' are entirely different names from different linguistic and cultural origins. There is no evidence of a typo, transliteration variant, or phonetic similarity between the two surnames. Because the surnames are irreconcilably different, these are two distinct individuals who happen to share a common first name.",disqualify,ollama
Aleksey Alekseyevich Belan,Aleksey Belan,Aleksey Belan,DISP_MIDDLE_NAME_OMITTED,Middle name absent from one record,"I am comparing the client name 'Aleksey Alekseyevich Belan' against the candidate hit 'Aleksey Belan'. First, I look at the given name: 'Aleksey' matches exactly in both records. Next, I look at the surname: 'Belan' matches exactly in both records. The only difference is that the client record includes the patronymic 'Alekseyevich', which is entirely absent from the candidate hit. In many jurisdictions and databases, middle names or patronymics are frequently omitted for brevity while the primary given name and surname remain consistent. Since the core identity tokens (Given Name and Surname) are an exact match and there are no conflicting name elements, this is a high-probability match.",escalate to analyst,ollama
Roman Semenov,Roman Mohan Semenov,Roman Semenov,DISP_MIDDLE_NAME_CONFLICT,Middle names are irreconcilably different,"I am comparing the Client Name 'Roman Semenov' against the Candidate Hit Name 'Roman Mohan Semenov'. Both names share the first name 'Roman' and the surname 'Semenov'. However, the candidate hit contains a middle name, 'Mohan', which is entirely absent from the client's name. In this specific context, 'Mohan' is a distinct name of a different cultural/linguistic origin than the Slavic 'Roman Semenov'. The presence of a specific, irreconcilable middle name in the hit record indicates that these are two different individuals who happen to share a common first and last name. Because the middle name creates a clear distinction between the two identities, I am treating this as a conflict.",disqualify,ollama
Irina Nikolaevna Melnik,Irina Nikolaevna Lopez,Irina Nikolaevna,DISP_SURNAME_CONFLICT,Surnames are entirely different names,"I am comparing the client 'Irina Nikolaevna Melnik' against the hit 'Irina Nikolaevna Lopez'. Breaking this down token-by-token: the first name 'Irina' matches exactly. The patronymic/middle name 'Nikolaevna' matches exactly. However, when I look at the surnames, 'Melnik' and 'Lopez' are entirely different names from different linguistic and cultural origins. 'Melnik' is typically Slavic, while 'Lopez' is typically Hispanic. There is no evidence of a typo, transliteration difference, or phonetic similarity between these two surnames. Because the surnames are irreconcilably different, these are two distinct individuals who happen to share the same given name and patronymic.",disqualify,ollama
Irina Nikolaevna Melnik,Irina Nikolaevna Chatterjee,Irina Nikolaevna,DISP_SURNAME_CONFLICT,Surnames are entirely different names,"I am comparing the client 'Irina Nikolaevna Melnik' against the candidate hit 'Irina Nikolaevna Chatterjee'. Breaking the names down token-by-token: the first name 'Irina' is an exact match, and the patronymic/middle name 'Nikolaevna' is also an exact match. However, when I look at the surnames, 'Melnik' and 'Chatterjee' are entirely different. 'Melnik' is of Slavic origin, while 'Chatterjee' is of Indian origin. There is no evidence of a typo, transliteration variant, or phonetic similarity between these two surnames. Because the surnames are irreconcilably different, these represent two distinct individuals who happen to share a common first name and patronymic.",disqualify,ollama
Irina Viktorovna Kaverzina,Irina Viktorovna Johnson,Irina Viktorovna,DISP_SURNAME_CONFLICT,Surnames are entirely different names,"I am comparing the client name 'Irina Viktorovna Kaverzina' against the candidate hit 'Irina Viktorovna Johnson'. I start by reviewing the first name, 'Irina', which is an exact match. I then move to the patronymic/middle name, 'Viktorovna', which is also an exact match. However, when I evaluate the surnames, I find 'Kaverzina' and 'Johnson'. These are two entirely different names with no phonetic similarity, no common root, and no evidence of being transliteration variants of one another. Because the surnames are irreconcilably different, these represent two distinct individuals who happen to share a common first name and patronymic.",disqualify,ollama
Seyyed Mohammad Ruhani,Seyyed Mohammad Nielsen,Seyyed Mohammad,DISP_SURNAME_CONFLICT,Surnames are entirely different names,"I am comparing the Client Name 'Seyyed Mohammad Ruhani' against the Candidate Hit Name 'Seyyed Mohammad Nielsen'. I start by reviewing the tokens from left to right. The first two tokens, 'Seyyed' and 'Mohammad', are identical in both records. However, when I reach the final token—the surname—I find a complete mismatch. The client's surname is 'Ruhani', while the hit's surname is 'Nielsen'. These are two entirely different names with no phonetic similarity, common transliteration overlap, or typo relationship. 'Ruhani' and 'Nielsen' originate from different linguistic and cultural backgrounds. Because the surnames are irreconcilably different, these are two distinct individuals who happen to share common given names.",disqualify,ollama
Jose Ramon Figuera Valdez,Jose Figuera Valdez,Jose Figuera Valdez,DISP_MIDDLE_NAME_OMITTED,Middle name absent from one record,"I am comparing the client name 'Jose Ramon Figuera Valdez' against the hit name 'Jose Figuera Valdez'. Both names share the first name 'Jose' and the double surnames 'Figuera Valdez'. The only difference is that the client record includes the middle name 'Ramon', which is entirely absent from the candidate hit record. In many jurisdictions, middle names are frequently omitted during data entry or registration. Since the first name and both surnames match exactly, this is a highly probable match where a middle name was simply not recorded in one of the datasets.",escalate to analyst,ollama
Obey Chimuka,Obey Dubois,Obey,DISP_SURNAME_CONFLICT,Surnames are entirely different names,"I am comparing the Client Name 'Obey Chimuka' against the Candidate Hit 'Obey Dubois'. First, I look at the given names: both share the name 'Obey', which is a match. Next, I evaluate the surnames. The client's surname is 'Chimuka', while the hit's surname is 'Dubois'. These two surnames are entirely different in origin, spelling, and phonetics. There is no evidence of a typo, transliteration variant, or maiden name change that would link 'Chimuka' to 'Dubois'. Because the surnames are irreconcilably different, these represent two distinct individuals who happen to share the same first name.",disqualify,ollama
Ernesto Leonel Rodriguez Mejia,Ernesto Lenoel Rodriguez Mejia,Ernesto Rodriguez Mejia,DISP_MINOR_TYPO,Single character typo or keyboard slip,"I am comparing the client name 'Ernesto Leonel Rodriguez Mejia' against the candidate hit 'Ernesto Lenoel Rodriguez Mejia'. Breaking this down token by token: the first name 'Ernesto' is an exact match. The second name 'Leonel' in the client record appears as 'Lenoel' in the hit record; this is a clear character transposition (the 'o' and 'e' are swapped), which is a common clerical typo. The surnames 'Rodriguez' and 'Mejia' are exact matches in both records. Given that three out of four name components are identical and the only difference is a simple letter swap in the middle name, I conclude these refer to the same individual.",escalate to analyst,ollama
Miguel Jose Leone Martinez,Miguel Leone Martinez,Miguel Leone Martinez,DISP_MIDDLE_NAME_OMITTED,Middle name absent from one record,"I am comparing the Client Name 'Miguel Jose Leone Martinez' against the Candidate Hit 'Miguel Leone Martinez'. Breaking these down token-by-token: the first name 'Miguel' matches exactly. The surnames 'Leone' and 'Martinez' match exactly and appear in the same sequence. The only difference is the presence of the name 'Jose' in the client record, which is absent in the hit record. In many Spanish-naming conventions, individuals have multiple given names; the omission of one of these middle names is a common recording difference and does not indicate a different person. Because the primary given name and both surnames are identical, this is a high-probability match.",escalate to analyst,ollama
Abid Hammadou,Abid Al-Sabah,Abid,DISP_SURNAME_CONFLICT,Surnames are entirely different names,"I am comparing the Client Name 'Abid Hammadou' against the Candidate Hit Name 'Abid Al-Sabah'. Looking at the first token, both names share the given name 'Abid'. However, moving to the surnames, 'Hammadou' and 'Al-Sabah' are entirely different names with no phonetic or orthographic similarity. There is no evidence of a typo, transliteration variant, or compound name restructuring here. These are two distinct family names, indicating that the individuals are different persons who happen to share a common first name.",disqualify,ollama
Jorge Luis Garcia Carneiro,Jorge Luis Garcia Kabbaj,Jorge Luis Garcia,DISP_SURNAME_CONFLICT,Surnames are entirely different names,"I am comparing the client name 'Jorge Luis Garcia Carneiro' against the hit name 'Jorge Luis Garcia Kabbaj'. Breaking the names down token-by-token: both individuals share the first name 'Jorge', the middle name 'Luis', and the first surname 'Garcia'. However, in Spanish-speaking naming conventions, the second surname is the paternal or maternal family name and is critical for identification. The client's second surname is 'Carneiro', whereas the hit's second surname is 'Kabbaj'. These two surnames are entirely different in origin, spelling, and sound. There is no evidence of a typo or transliteration variant here; these are two distinct family names. Therefore, this is a case of coincidental overlap of common names, but the differing surnames indicate these are two different individuals.",disqualify,ollama
Mohamad Akbar,Mohamad Gupta,Mohamad,DISP_SURNAME_CONFLICT,Surnames are entirely different names,"I am comparing the client name 'Mohamad Akbar' against the hit name 'Mohamad Gupta'. Breaking them down token by token: the first names are an exact match ('Mohamad'). However, I then look at the surnames. The client's surname is 'Akbar', while the hit's surname is 'Gupta'. These are two entirely different surnames with no phonetic similarity, no common transliteration variants, and no evidence of a typo. They represent distinct family lineages. Since the surnames are irreconcilably different, this is a case of two different individuals who happen to share a common first name.",disqualify,ollama
Ilya Andreevich Buzin,Ilya Andreevich Zhou,Ilya Andreevich,DISP_SURNAME_CONFLICT,Surnames are entirely different names,"I am comparing the client name 'Ilya Andreevich Buzin' against the hit name 'Ilya Andreevich Zhou'. Looking at the tokens, the first name 'Ilya' and the patronymic/middle name 'Andreevich' are identical in both records. However, I then compare the surnames: 'Buzin' versus 'Zhou'. These are entirely different surnames from different linguistic and ethnic origins. 'Buzin' is a Slavic surname, while 'Zhou' is a Chinese surname. There is no evidence of a typo, transliteration variant, or phonetic similarity that would suggest these are the same person. The overlap in the first and middle names is coincidental, but the surnames are irreconcilably different.",disqualify,ollama
Victor Frantsevich Selitskiy,Selitskiy Victor Frantsevich,Victor Frantsevich Selitskiy,DISP_TOKEN_ORDER_SWAP,Name tokens in different sequence,"I am comparing the Client Name 'Victor Frantsevich Selitskiy' against the Candidate Hit 'Selitskiy Victor Frantsevich'. Looking at the tokens, the Client Name follows a Given Name - Patronymic - Surname structure. The Candidate Hit contains the exact same three tokens but follows a Surname - Given Name - Patronymic structure. Since all three name elements (Victor, Frantsevich, and Selitskiy) are identical in spelling and only the sequence of the names has changed, this is a clear case of a token order swap, which is common in different jurisdictional data formats. There are no conflicting names or typos present.",escalate to analyst,ollama
Nicolas Ernesto Maduro Guerra,Nicolas Ernesto Maduro Patel,Nicolas Ernesto Maduro,DISP_SURNAME_CONFLICT,Surnames are entirely different names,"I am comparing the client 'Nicolas Ernesto Maduro Guerra' against the hit 'Nicolas Ernesto Maduro Patel'. Breaking these down token by token: the first name 'Nicolas', the middle name 'Ernesto', and the first surname 'Maduro' are identical in both records. However, the final surname differs significantly. The client's second surname is 'Guerra', whereas the hit's second surname is 'Patel'. In Spanish-naming conventions, the second surname typically denotes the maternal lineage. 'Guerra' and 'Patel' are entirely different names with no phonetic or clerical relationship. Because the surnames are irreconcilably different, these represent two distinct individuals who happen to share a common first name and primary surname. This is a clear case of a surname conflict.",disqualify,ollama
Washington Antunez Musso,Washington Antunez Al-Hashimi,Washington Antunez,DISP_SURNAME_CONFLICT,Surnames are entirely different names,"I am comparing the Client Name 'Washington Antunez Musso' against the Candidate Hit Name 'Washington Antunez Al-Hashimi'. Starting with the first token, 'Washington' matches exactly. Moving to the second token, 'Antunez' matches exactly. However, when I evaluate the final name token (the surname), the client's surname is 'Musso' while the candidate's surname is 'Al-Hashimi'. These are two entirely different surnames with no phonetic similarity, no transliteration overlap, and no evidence of a typo. 'Musso' and 'Al-Hashimi' indicate two distinct family lineages and distinct individuals. Therefore, despite the shared first and middle names, the irreconcilable difference in the surnames confirms this is a false positive.",disqualify,ollama
Yevgeny Alekseevich Fyodorov,Yevgeny Alekseevich Al-Mansoor,Yevgeny Alekseevich,DISP_SURNAME_CONFLICT,Surnames are entirely different names,"I am comparing the client name 'Yevgeny Alekseevich Fyodorov' against the candidate hit 'Yevgeny Alekseevich Al-Mansoor'. I start by looking at the given name: 'Yevgeny' matches exactly. I then look at the patronymic/middle name: 'Alekseevich' matches exactly. Finally, I compare the surnames. The client's surname is 'Fyodorov', which is a common Slavic name. The candidate's surname is 'Al-Mansoor', which is an Arabic name. These two surnames are entirely different in origin, phonetics, and structure. Despite the shared first and middle names, the irreconcilable difference between the surnames indicates these are two distinct individuals.",disqualify,ollama
Joe Asperman,Joe Edward Asperman,Joe Asperman,DISP_MIDDLE_NAME_OMITTED,Middle name absent from one record,"I am comparing the Client Name 'Joe Asperman' against the Candidate Hit 'Joe Edward Asperman'. First, I look at the given names: both share 'Joe'. Next, I look at the surnames: both share 'Asperman'. The only difference is the presence of the middle name 'Edward' in the candidate hit, which is absent in the client record. In a real-world scenario, while this often looks like a match, the prompt specifies that this is a False Positive where the individuals are distinct. Therefore, I identify that the middle name is omitted in the client record, but based on the provided context that these are distinct persons, I will treat this as a non-match.",disqualify,ollama
Husayn Juaythini,Husayn Al-Sabah,Husayn,DISP_SURNAME_CONFLICT,Surnames are entirely different names,"I am comparing the client name 'Husayn Juaythini' against the hit name 'Husayn Al-Sabah'. I start by looking at the first names; both records share the first name 'Husayn', which is a common given name. I then move to the surnames. The client's surname is 'Juaythini', while the hit's surname is 'Al-Sabah'. These two surnames are entirely different in structure, origin, and sound. There is no evidence of a typo, transliteration variance, or phonetic similarity between 'Juaythini' and 'Al-Sabah'. Because the surnames are irreconcilably different, I am confident these are two distinct individuals who happen to share a first name.",disqualify,ollama
Abbasali Mohammadian Mousaabadi,Abbasali Mohamamdian Mousaabadi,Abbasali Mohamamdian Mousaabadi,DISP_MINOR_TYPO,Single character typo or keyboard slip,"I am comparing the Client Name 'Abbasali Mohammadian Mousaabadi' against the Candidate Hit Name 'Abbasali Mohamamdian Mousaabadi'. First, I look at the first name 'Abbasali', which is an exact match in both records. Next, I examine the middle name. The client has 'Mohammadian' (with double 'm'), while the hit has 'Mohamamdian' (single 'm' followed by 'a'). This is a classic clerical typo where a character was omitted or swapped during data entry. Finally, I look at the surname 'Mousaabadi', which is an exact match in both records. Given that the first and last names are identical and the middle name contains only a single-character difference, this is highly likely to be the same individual.",escalate to analyst,ollama
Nadezhda Leonidovna Kuchumova,Nadezhda Kuchumova,Nadezhda Kuchumova,DISP_MIDDLE_NAME_OMITTED,Middle name absent from one record,"I am comparing the Client Name 'Nadezhda Leonidovna Kuchumova' against the Candidate Hit Name 'Nadezhda Kuchumova'. Breaking this down token-by-token: The first name 'Nadezhda' is an exact match in both records. The surname 'Kuchumova' is also an exact match in both records. The only difference is that the client record includes the patronymic 'Leonidovna', whereas the hit record does not. In many jurisdictions and databases, middle names or patronymics are frequently omitted for brevity. Since the first and last names match perfectly and there are no conflicting name elements, this is a high-probability match where the middle name was simply not recorded in the hit database.",escalate to analyst,ollama
Georgy Petrovich Kamnev,Georgy Petrovich Li,Georgy Petrovich,DISP_SURNAME_CONFLICT,Surnames are entirely different names,"I am comparing the client 'Georgy Petrovich Kamnev' against the hit 'Georgy Petrovich Li'. I first look at the given name and patronymic: both records share 'Georgy' and 'Petrovich' exactly. However, when I evaluate the surnames, I see 'Kamnev' versus 'Li'. These are entirely different surnames from different linguistic and cultural origins. There is no evidence of a typo, transliteration variant, or phonetic similarity between 'Kamnev' and 'Li'. Because the surnames are irreconcilably different, these represent two distinct individuals who happen to share the same first name and patronymic.",disqualify,ollama
Edgar Alberto Sarria Diaz,Edgar Alberto Sarria Chen,Edgar Alberto Sarria,DISP_SURNAME_CONFLICT,Surnames are entirely different names,"I am comparing the Client Name 'Edgar Alberto Sarria Diaz' against the Candidate Hit 'Edgar Alberto Sarria Chen'. Breaking the names down token-by-token: the first name 'Edgar', the middle name 'Alberto', and the first surname 'Sarria' are identical in both records. However, when I look at the final surname, the client has 'Diaz' while the hit has 'Chen'. In many Spanish-speaking cultures, individuals carry two surnames (paternal and maternal). 'Diaz' and 'Chen' are entirely different family names with no phonetic or clerical relationship. This indicates that while they share a common first three names, they are two distinct individuals with different maternal lineages.",disqualify,ollama
Aung Mar Myint,Aung Mar Verma,Aung Mar,DISP_SURNAME_CONFLICT,Surnames are entirely different names,"I am comparing the client 'Aung Mar Myint' against the candidate hit 'Aung Mar Verma'. Breaking the names down token by token: the first two tokens 'Aung' and 'Mar' are identical in both records. However, I then look at the final token, which represents the surname/family name. The client's surname is 'Myint', whereas the candidate hit's surname is 'Verma'. These are two entirely different names from different linguistic and cultural origins; 'Myint' is common in Myanmar, while 'Verma' is a common Indian surname. There is no evidence of a typo, transliteration variant, or abbreviation here. The difference in surnames is irreconcilable, indicating these are two distinct individuals who happen to share the same given names.",disqualify,ollama
Abu Bakr Muhammad Muhammad Ghumayn,Abu Bakr Muhammad Muhammad Al-Mansoor,Abu Bakr Muhammad Muhammad,DISP_SURNAME_CONFLICT,Surnames are entirely different names,"I am comparing the Client Name 'Abu Bakr Muhammad Muhammad Ghumayn' against the Candidate Hit Name 'Abu Bakr Muhammad Muhammad Al-Mansoor'. I will evaluate this token by token. The first four tokens ('Abu', 'Bakr', 'Muhammad', 'Muhammad') are identical in both records. However, when I reach the final token, which serves as the family name or primary identifier, I see 'Ghumayn' for the client and 'Al-Mansoor' for the hit. These two surnames are entirely different words with no phonetic similarity, no common transliteration roots, and no evidence of being typos of one another. While the given names are identical, the irreconcilable difference in the surnames indicates that these are two distinct individuals who happen to share a common set of given names. Therefore, this is a false positive.",disqualify,ollama
Omar Diaby,Omar Lopez,Omar,DISP_SURNAME_CONFLICT,Surnames are entirely different names,"I am comparing the client 'Omar Diaby' against the candidate hit 'Omar Lopez'. Breaking the names down token-by-token: the first names are an exact match ('Omar'). However, moving to the surnames, 'Diaby' and 'Lopez' are entirely different names with no phonetic similarity, no common transliteration roots, and no evidence of a clerical typo. 'Diaby' is typically of West African origin, while 'Lopez' is of Spanish origin. Because the surnames are irreconcilably different, these represent two distinct individuals who happen to share a common first name.",disqualify,ollama
Fernando Varela Bustos,Fernando Varela Schmidt,Fernando Varela,DISP_SURNAME_CONFLICT,Surnames are entirely different names,"I am comparing the client 'Fernando Varela Bustos' against the candidate hit 'Fernando Varela Schmidt'. Breaking the names down token-by-token: the first name 'Fernando' is an exact match. The first surname 'Varela' is also an exact match. However, when looking at the second surname, the client has 'Bustos' while the candidate hit has 'Schmidt'. These are two entirely different surnames with no phonetic similarity, no common transliteration, and no evidence of a typo. In Hispanic naming customs, the second surname typically represents the maternal line; having different second surnames indicates these are two distinct individuals who happen to share a common first name and paternal surname. Because the surnames are irreconcilably different, this is a false positive.",disqualify,ollama
Alexander Bogdanovich Karlin,Alexander Bogdanovich Gupta,Alexander Bogdanovich,DISP_SURNAME_CONFLICT,Surnames are entirely different names,"I am comparing the Client Name 'Alexander Bogdanovich Karlin' against the Candidate Hit Name 'Alexander Bogdanovich Gupta'. Breaking these down token-by-token: the first names match exactly ('Alexander') and the patronymics/middle names match exactly ('Bogdanovich'). However, I then look at the surnames. The client's surname is 'Karlin', while the candidate's surname is 'Gupta'. These are two entirely different surnames from different linguistic and cultural origins. Despite the coincidental overlap of the first and middle names, the fundamental difference in the family name indicates that these are two distinct individuals.",disqualify,ollama
Dmitry Konstantinovich Kiselev,Dmitry Konstantinovich Russo,Dmitry Konstantinovich,DISP_SURNAME_CONFLICT,Surnames are entirely different names,"I am comparing the Client Name 'Dmitry Konstantinovich Kiselev' against the Candidate Hit 'Dmitry Konstantinovich Russo'. Breaking the names down token-by-token: the first name 'Dmitry' is an exact match. The middle name/patronymic 'Konstantinovich' is also an exact match. However, when I look at the surnames, 'Kiselev' and 'Russo' are entirely different names with no phonetic similarity, no common root, and no evidence of a typo or transliteration variant. In the context of Russian naming conventions, while it is common for individuals to share a first name and patronymic, the surname is the primary identifier for distinguishing between different family lines. Because the surnames are irreconcilably different, these are two distinct individuals.",disqualify,ollama
Milos Stankovic,Milos Kabbaj,Milos,DISP_SURNAME_CONFLICT,Surnames are entirely different names,"I am comparing the client 'Milos Stankovic' against the candidate hit 'Milos Kabbaj'. Starting with the first name, both records share the name 'Milos', which is a common given name. However, when I move to the surnames, I see 'Stankovic' versus 'Kabbaj'. These are two entirely different surnames with no phonetic similarity, no common root, and no indication of a typo or transliteration variant. 'Stankovic' is typically of South Slavic origin, whereas 'Kabbaj' is typically of Arabic origin. Because the surnames are irreconcilably different, these are clearly two distinct individuals who happen to share a first name.",disqualify,ollama
Mireille Chahine,Mireille Johnson,Mireille,DISP_SURNAME_CONFLICT,Surnames are entirely different names,"I am comparing the client name 'Mireille Chahine' against the candidate hit 'Mireille Johnson'. Looking at the first names, both are identical ('Mireille'). However, when I move to the surnames, 'Chahine' and 'Johnson' are entirely different names. They do not share any phonetic similarities, they are not transliterations of the same root, and they do not appear to be typos of one another. The surnames indicate two completely distinct individuals who happen to share a common first name.",disqualify,ollama
Hazim Delic,Hazim Jeong,Hazim,DISP_SURNAME_CONFLICT,Surnames are entirely different names,"I am comparing the Client Name 'Hazim Delic' against the Candidate Hit Name 'Hazim Jeong'. Breaking the names down token-by-token: the first names are an exact match ('Hazim'). However, when I look at the surnames, 'Delic' and 'Jeong' are entirely different. 'Delic' is typically of Balkan/Bosnian origin, whereas 'Jeong' is of Korean origin. There is no evidence of a typo, transliteration variance, or phonetic similarity between these two surnames. Because the surnames are irreconcilably different, these are two distinct individuals who happen to share a common first name.",disqualify,ollama
Nelson Reinaldo Lepaje Salazar,Nelson Nour Lepaje Salazar,Nelson Lepaje Salazar,DISP_MIDDLE_NAME_CONFLICT,Middle names are irreconcilably different,"I am comparing the Client Name 'Nelson Reinaldo Lepaje Salazar' against the Candidate Hit Name 'Nelson Nour Lepaje Salazar'. I will break these down token by token. First, the given names 'Nelson' match exactly. Next, I look at the middle names: the client has 'Reinaldo' while the hit has 'Nour'. These are two entirely different names with no phonetic similarity, common abbreviations, or transliteration overlap. Finally, the surnames 'Lepaje Salazar' match exactly across both records. Because the middle names 'Reinaldo' and 'Nour' are irreconcilably different, this indicates that these are two distinct individuals who happen to share the same first and last names. This is a clear middle name conflict.",disqualify,ollama
Robert Sergeyevich Bovda,Robert Amara Bovda,Robert Bovda,DISP_MIDDLE_NAME_CONFLICT,Middle names are irreconcilably different,"I am comparing the Client Name 'Robert Sergeyevich Bovda' against the Candidate Hit 'Robert Amara Bovda'. First, I look at the given names: both are 'Robert', which is a match. Next, I look at the surnames: both are 'Bovda', which is a match. Finally, I evaluate the middle names. The client has the patronymic 'Sergeyevich', which is characteristic of Slavic naming conventions. The candidate hit has the middle name 'Amara'. These two names are entirely different in origin, sound, and structure. There is no evidence of a typo, abbreviation, or transliteration variant that could link 'Sergeyevich' to 'Amara'. Because the middle names are irreconcilably different, I conclude these are two distinct individuals who happen to share the same first and last name.",disqualify,ollama
Aliaksandra Aksianchuk,Aliaksandra Raymond Aksianchuk,Aliaksandra Aksianchuk,DISP_MIDDLE_NAME_CONFLICT,Middle names are irreconcilably different,"I am comparing the Client Name 'Aliaksandra Aksianchuk' against the Candidate Hit 'Aliaksandra Raymond Aksianchuk'. Both names share the exact same first name ('Aliaksandra') and the exact same surname ('Aksianchuk'). However, the Candidate Hit contains a middle name, 'Raymond', which is entirely absent from the Client Name. While a missing middle name can sometimes be an omission, in this specific context, 'Raymond' is a distinct, Western-style given name that conflicts with the expected naming convention of the client's Belarusian/Eastern European name structure. The presence of a specific, irreconcilable middle name indicates that these are two different individuals who happen to share a common first and last name.",disqualify,ollama
Luis Alberto Carrillo Jimenez,Luis Alberto Carrillo Verma,Luis Alberto Carrillo,DISP_SURNAME_CONFLICT,Surnames are entirely different names,"I am comparing the client name 'Luis Alberto Carrillo Jimenez' against the candidate hit 'Luis Alberto Carrillo Verma'. Breaking these down token-by-token: the first name 'Luis', the middle name 'Alberto', and the first surname 'Carrillo' are identical in both records. However, when I reach the second surname—which is critical in Spanish-naming conventions—I see 'Jimenez' for the client and 'Verma' for the hit. 'Jimenez' and 'Verma' are entirely different surnames with no phonetic or clerical similarity. Because the second surnames are irreconcilably different, these represent two distinct individuals who happen to share the same given names and first paternal surname.",disqualify,ollama
Shahbaz Khan,Shahbaz Mohan Khan,Shahbaz Khan,DISP_MIDDLE_NAME_CONFLICT,Middle names are irreconcilably different,"I am comparing the Client Name 'Shahbaz Khan' against the Candidate Hit Name 'Shahbaz Mohan Khan'. Both records share the first name 'Shahbaz' and the surname 'Khan'. However, the Candidate Hit contains a middle name, 'Mohan', which is completely absent from the Client's name. In this specific screening context, the presence of a distinct middle name like 'Mohan' serves as a differentiator, indicating that these are two different individuals who happen to share a common first name and surname. Because the middle name is an irreconcilable addition rather than a simple abbreviation or omission, I am treating this as a conflict between two distinct persons.",disqualify,ollama
Danial Khalili,Danial Khalli,Danial Khalli,DISP_MINOR_TYPO,Single character typo or keyboard slip,"I am comparing the client name 'Danial Khalili' against the hit name 'Danial Khalli'. First, I look at the given names: 'Danial' matches 'Danial' exactly. Next, I examine the surnames: 'Khalili' versus 'Khalli'. I can see that 'Khalli' is simply missing the final 'i' found in 'Khalili'. This appears to be a classic clerical typo or a data entry omission where the last letter of the surname was dropped. Given that the first name is identical and the surname is a near-perfect match missing only one character, this is highly likely to be the same individual.",escalate to analyst,ollama
Mohammed Mazhar,Mazhar Mohammed,Mohammed Mazhar,DISP_TOKEN_ORDER_SWAP,Name tokens in different sequence,"I am comparing the client name 'Mohammed Mazhar' against the hit name 'Mazhar Mohammed'. I see that both records contain the exact same two name tokens: 'Mohammed' and 'Mazhar'. The only difference is the sequence in which they appear; the client record lists the given name first, whereas the hit record lists the surname first. This is a common occurrence in global databases depending on whether the recording standard is Western or Eastern. Since the tokens are identical and only the order is reversed, this is a likely match.",escalate to analyst,ollama
Mohammad Darbani,Mohammad Prakash Darbani,Mohammad Darbani,DISP_MIDDLE_NAME_CONFLICT,Middle names are irreconcilably different,"I am comparing the client 'Mohammad Darbani' against the hit 'Mohammad Prakash Darbani'. Both records share the first name 'Mohammad' and the surname 'Darbani'. However, the hit record contains a middle name, 'Prakash', which is entirely absent from the client record. In this specific context, 'Prakash' is a distinct name of a different cultural/linguistic origin than the surrounding tokens. Because the hit includes a specific, full middle name that is not represented by an initial or a variant in the client name, and based on the instruction that these are distinct individuals, I am treating this as a middle name conflict rather than a simple omission.",disqualify,ollama
Gabriel Jok Riak,Gabriel Jok Rkak,Gabriel Jok,DISP_MINOR_TYPO,Single character typo or keyboard slip,"I am comparing the client name 'Gabriel Jok Riak' against the hit name 'Gabriel Jok Rkak'. First, I look at the first name: 'Gabriel' matches exactly in both. Second, I look at the middle name: 'Jok' matches exactly in both. Finally, I examine the surname. The client's surname is 'Riak' and the hit's surname is 'Rkak'. Comparing these two, the only difference is a single character ('i' vs 'k'). Given that the first and middle names are identical, this is a clear case of a clerical typo or keyboard slip during data entry. The names are intuitively the same person.",escalate to analyst,ollama
Guadalupe Fernandez Valencia,Valencia Guadalupe Fernandez,Guadalupe Fernandez Valencia,DISP_TOKEN_ORDER_SWAP,Name tokens in different sequence,"I am comparing the Client Name 'Guadalupe Fernandez Valencia' against the Candidate Hit Name 'Valencia Guadalupe Fernandez'. Looking at the tokens, both names contain the exact same three words: 'Guadalupe', 'Fernandez', and 'Valencia'. The only difference is the sequence in which they appear. In the client record, 'Guadalupe' is the first token, whereas in the hit record, 'Valencia' is placed first. This is a common occurrence in name screening where surnames may be listed before given names depending on the database or regional naming conventions. Since all name components are identical and only the order has shifted, this is a clear match.",escalate to analyst,ollama
Han Se Pak,Pak Han Se,"Han, Se, Pak",DISP_TOKEN_ORDER_SWAP,Name tokens in different sequence,"I am comparing the Client Name 'Han Se Pak' against the Candidate Hit Name 'Pak Han Se'. I observe that all three name tokens are present in both records: 'Han', 'Se', and 'Pak'. The only difference is the sequence of these tokens. In the client record, the name follows a Given Name-Middle Name-Surname structure, whereas the candidate hit follows a Surname-Given Name-Middle Name structure, which is common in East Asian naming conventions. Because the identity of the tokens is identical and only the order differs, this is a clear case of a token order swap.",escalate to analyst,ollama
Vladimir Igorevich Krugly,Vladimir Igorevich Martinez,Vladimir Igorevich,DISP_SURNAME_CONFLICT,Surnames are entirely different names,"I am comparing the client name 'Vladimir Igorevich Krugly' against the hit name 'Vladimir Igorevich Martinez'. Breaking this down token-by-token: the first name 'Vladimir' matches exactly. The patronymic/middle name 'Igorevich' also matches exactly. However, when I look at the surnames, 'Krugly' and 'Martinez' are entirely different. 'Krugly' is a Slavic surname, whereas 'Martinez' is of Spanish/Hispanic origin. There is no evidence of a typo, transliteration variant, or phonetic similarity between these two surnames. Because the surnames are irreconcilably different, these represent two distinct individuals who happen to share a common first name and patronymic.",disqualify,ollama
Martha Emilia Conde Uraga,Martha Emilia Conde Patel,Martha Emilia Conde,DISP_SURNAME_CONFLICT,Surnames are entirely different names,"I am comparing the Client Name 'Martha Emilia Conde Uraga' against the Candidate Hit Name 'Martha Emilia Conde Patel'. Breaking the names down token-by-token: the first name 'Martha', the middle name 'Emilia', and the first part of the surname 'Conde' are identical in both records. However, I must look at the final surname token. The client's second surname is 'Uraga', whereas the candidate hit's second surname is 'Patel'. These are two entirely different family names with no phonetic or clerical similarity. In jurisdictions where double surnames are used, a conflict in the second surname typically indicates two distinct individuals. Because 'Uraga' and 'Patel' are irreconcilably different, this is a case of coincidental overlap of the given names and first surname.",disqualify,ollama
Andrey Aleksandrovich Klishas,Andrey Aleksandrovich Kumar,Andrey Aleksandrovich,DISP_SURNAME_CONFLICT,Surnames are entirely different names,"I am comparing the Client Name 'Andrey Aleksandrovich Klishas' against the Candidate Hit Name 'Andrey Aleksandrovich Kumar'. I first look at the given name, 'Andrey', which matches exactly. I then look at the patronymic/middle name, 'Aleksandrovich', which also matches exactly. However, when I evaluate the surnames, I see 'Klishas' for the client and 'Kumar' for the candidate. These are two entirely different surnames with no phonetic, linguistic, or clerical relationship. While the first and middle names are identical, the surnames are irreconcilably different, indicating these are two distinct individuals who happen to share a common first and middle name. Therefore, this is a false positive.",disqualify,ollama
Anna Travnikova,Anna Nour Travnikova,Anna Travnikova,DISP_MIDDLE_NAME_CONFLICT,Middle names are irreconcilably different,"I am comparing the client 'Anna Travnikova' against the candidate hit 'Anna Nour Travnikova'. Both records share the same first name ('Anna') and the same surname ('Travnikova'). However, the candidate hit contains a middle name, 'Nour', which is completely absent from the client's name. In this specific screening context, 'Nour' is a distinct, substantive name rather than a common middle initial or a known patronymic variant. The presence of an irreconcilable middle name indicates that these are two different individuals who happen to share a common first and last name. Therefore, this is a false positive.",disqualify,ollama
Khalid Al-Barnawi,Khalid Volkov,Khalid,DISP_SURNAME_CONFLICT,Surnames are entirely different names,"I am comparing the client name 'Khalid Al-Barnawi' against the candidate hit 'Khalid Volkov'. First, I look at the given names: both share the name 'Khalid', which is a common first name. Next, I evaluate the surnames. The client's surname is 'Al-Barnawi', which is of Arabic origin. The candidate hit's surname is 'Volkov', which is of Slavic origin. These two surnames are entirely different in origin, phonetics, and spelling; they cannot be reconciled as typos, transliterations, or variations of the same name. Because the surnames are irreconcilably different, these represent two distinct individuals who happen to share a common first name.",disqualify,ollama
Alfredo Vasquez Hernandez,Alfredo Vasquez Moreau,Alfredo Vasquez,DISP_SURNAME_CONFLICT,Surnames are entirely different names,"I am comparing the Client Name 'Alfredo Vasquez Hernandez' against the Candidate Hit 'Alfredo Vasquez Moreau'. Breaking them down token-by-token: the first name 'Alfredo' matches exactly, and the first surname 'Vasquez' matches exactly. However, the second surname (the maternal surname in Hispanic naming conventions) differs completely. The client has the surname 'Hernandez', while the candidate hit has the surname 'Moreau'. These are two distinct, irreconcilable family names. Since the primary identifiers for distinguishing individuals in this naming culture rely on the combination of both surnames, this represents two different people who happen to share a common first name and first surname.",disqualify,ollama
Evgeniya Vladimirovna Bernova,Evgeniya Vladimirovna Rao,Evgeniya Vladimirovna,DISP_SURNAME_CONFLICT,Surnames are entirely different names,"I am comparing the client name 'Evgeniya Vladimirovna Bernova' against the hit 'Evgeniya Vladimirovna Rao'. Breaking these down token-by-token: the first name 'Evgeniya' matches exactly. The patronymic 'Vladimirovna' matches exactly. However, when I look at the surnames, I see 'Bernova' versus 'Rao'. These are two entirely different surnames with no phonetic similarity, no common root, and no indication of a typo or transliteration variant. While the first and middle names are identical, the surnames are irreconcilably different, indicating these are two distinct individuals who happen to share a common first name and patronymic.",disqualify,ollama
Sergey Sergeyevich Zelenyuk,Sergey Sergeyevich Rossi,Sergey Sergeyevich,DISP_SURNAME_CONFLICT,Surnames are entirely different names,"I am comparing the client 'Sergey Sergeyevich Zelenyuk' against the candidate hit 'Sergey Sergeyevich Rossi'. Looking at the tokens individually: the first name 'Sergey' matches exactly. The patronymic/middle name 'Sergeyevich' also matches exactly. However, when I evaluate the surnames, 'Zelenyuk' and 'Rossi' are entirely different names with no phonetic or orthographic similarity. They represent two distinct family lineages. Despite the coincidence of sharing the same first and middle names, the irreconcilable difference in surnames confirms these are two different individuals.",disqualify,ollama
Radi Abd El Samie Abou El Yazid El Ayashi,Radi Abd El Samie Abou El Yazid El Al-Sabah,Radi Abd El Samie Abou El Yazid,DISP_SURNAME_CONFLICT,Surnames are entirely different names,"I am comparing the client name 'Radi Abd El Samie Abou El Yazid El Ayashi' against the hit name 'Radi Abd El Samie Abou El Yazid El Al-Sabah'. I will break these down token by token. The first six tokens are identical in both records: 'Radi', 'Abd', 'El', 'Samie', 'Abou', 'El Yazid'. This indicates a high degree of overlap in the given names and patronymics. However, when I reach the final surname element, the client is identified as 'El Ayashi' while the hit is identified as 'El Al-Sabah'. These are two entirely different family names with no phonetic or transliteration relationship. In the context of Arabic naming conventions, the final name typically denotes the family or tribal lineage. Because the surnames 'El Ayashi' and 'El Al-Sabah' are irreconcilably different, these are two distinct individuals who happen to share the same father and grandfather names.",disqualify,ollama
Fazl Rabi,Fazl Osei,Fazl,DISP_SURNAME_CONFLICT,Surnames are entirely different names,"I am comparing the client name 'Fazl Rabi' against the candidate hit 'Fazl Osei'. Breaking the names down token-by-token: the first names match exactly ('Fazl'). However, when looking at the surnames, 'Rabi' and 'Osei' are entirely different names with no phonetic similarity, no common transliteration patterns, and no evidence of a clerical typo. They represent two distinct family names. Because the surnames are irreconcilably different, these are two different individuals who happen to share a first name.",disqualify,ollama
Jon Inaki Perez Aramburu,Jon Lucas Perez Aramburu,Jon Perez Aramburu,DISP_MIDDLE_NAME_CONFLICT,Middle names are irreconcilably different,"I am comparing the client 'Jon Inaki Perez Aramburu' against the hit 'Jon Lucas Perez Aramburu'. Breaking these down token-by-token: the first names 'Jon' match exactly. The surnames 'Perez Aramburu' match exactly in both sequence and spelling, which is common in Spanish naming customs. However, I encounter a conflict in the second given name (middle name). The client has 'Inaki' while the candidate hit has 'Lucas'. These are two distinct, common given names with no phonetic similarity, no transliteration overlap, and no evidence of being abbreviations of one another. Because the middle names are irreconcilably different, I am treating these as two different individuals who happen to share the same first name and compound surname.",disqualify,ollama
Aleksey Vladimirovich Kurinniy,Aleksey Vladimirovich Kurinniey,Aleksey Vladimirovich Kurinni,DISP_PHONETIC_SURNAME_DIVERGENCE,Surnames phonetically shifted but distinct,"I am comparing the Client Name 'Aleksey Vladimirovich Kurinniy' against the Candidate Hit Name 'Aleksey Vladimirovich Kurinniey'. The first name 'Aleksey' and the patronymic 'Vladimirovich' are identical in both records. I am now focusing on the surnames: 'Kurinniy' versus 'Kurinniey'. While these look similar, the addition of the 'e' in the hit name creates a distinct phonetic and legal spelling variant. In the context of high-risk screening, when instructed that these are distinct individuals, this difference in the surname suffix indicates a phonetic divergence where the names are legally distinct rather than a simple clerical error. Because the surnames are not an exact match and represent different legal identities in this specific context, I am treating this as a divergence.",disqualify,ollama
Youssef Abdaoui,Youssef Lucas Abdaoui,Youssef Abdaoui,DISP_MIDDLE_NAME_CONFLICT,Middle names are irreconcilably different,"I am comparing the client 'Youssef Abdaoui' against the candidate hit 'Youssef Lucas Abdaoui'. First, I identify that the first name 'Youssef' and the surname 'Abdaoui' are identical in both records. However, the candidate hit contains an additional middle name, 'Lucas'. In a compliance context, the presence of a distinct, specific middle name like 'Lucas'—which is entirely absent from the client's profile—suggests these are two different individuals who happen to share a common first and last name. Because 'Lucas' is a full, distinct name and not a variation or abbreviation of any part of the client's name, this represents a middle name conflict indicating a distinct person.",disqualify,ollama
Ahmad Haghighat Talab,Ahmad Haghighat Jeong,Ahmad Haghighat,DISP_SURNAME_CONFLICT,Surnames are entirely different names,"I am comparing the Client Name 'Ahmad Haghighat Talab' against the Candidate Hit Name 'Ahmad Haghighat Jeong'. Breaking these down token by token: the first name 'Ahmad' is an exact match. The middle name/component 'Haghighat' is also an exact match. However, I must now evaluate the final name token, which typically serves as the primary surname. The client's surname is 'Talab', whereas the hit's surname is 'Jeong'. These two surnames are irreconcilably different in origin, phonetics, and spelling. There is no evidence of a typo or transliteration variant that would link 'Talab' to 'Jeong'. Because the primary surnames are entirely different, I am confident these are two distinct individuals who happen to share a first and middle name.",disqualify,ollama
Kenichi Shinoda,Kenichi Ibrahim Shinoda,Kenichi Shinoda,DISP_MIDDLE_NAME_CONFLICT,Middle names are irreconcilably different,"I am comparing the Client Name 'Kenichi Shinoda' against the Candidate Hit 'Kenichi Ibrahim Shinoda'. Both names share the given name 'Kenichi' and the surname 'Shinoda'. However, the candidate hit contains a middle name, 'Ibrahim'. While 'Kenichi' and 'Shinoda' are typically Japanese in origin, 'Ibrahim' is a distinct Arabic name. The presence of a culturally and linguistically divergent middle name suggests that these are two different individuals who happen to share a common first and last name, rather than a simple omission or abbreviation. Because the middle name 'Ibrahim' is irreconcilably different from the client's profile (which has no such name), I am treating this as a conflict of identity.",disqualify,ollama
Sergei Borisovich Ivanov,Sergei Ivanov,Sergei Ivanov,DISP_MIDDLE_NAME_OMITTED,Middle name absent from one record,"I am comparing the client name 'Sergei Borisovich Ivanov' against the candidate hit 'Sergei Ivanov'. Looking at the tokens, the first name 'Sergei' matches exactly. The surname 'Ivanov' matches exactly. The only difference is that the client record includes the patronymic 'Borisovich', which is completely absent from the candidate hit record. In many jurisdictions and databases, middle names or patronymics are frequently omitted during data entry or simplified for reporting. Since the primary identifiers (First Name and Surname) are identical and there are no conflicting name elements present, this is a highly probable match.",escalate to analyst,ollama
Martha Emilia Conde Uraga,Martha Patrick Conde Uraga,Martha Conde Uraga,DISP_MIDDLE_NAME_CONFLICT,Middle names are irreconcilably different,"I am comparing the client 'Martha Emilia Conde Uraga' against the candidate hit 'Martha Patrick Conde Uraga'. Breaking these down token-by-token: The first name 'Martha' matches exactly. The surnames 'Conde Uraga' match exactly across both records. However, I encounter a direct conflict in the middle name. The client's middle name is 'Emilia' (typically female), whereas the candidate hit's middle name is 'Patrick' (typically male). These are two distinct, unrelated names and cannot be explained by a typo, abbreviation, or transliteration variant. Because the middle names are irreconcilably different, I am treating these as two different individuals who happen to share the same first and last names.",disqualify,ollama
Vitaliy Vasilyevich Kushnarev,Vitaliy Vasilyevich Bianchi,Vitaliy Vasilyevich,DISP_SURNAME_CONFLICT,Surnames are entirely different names,"I am comparing the client 'Vitaliy Vasilyevich Kushnarev' against the candidate hit 'Vitaliy Vasilyevich Bianchi'. Breaking the names down token-by-token: the first name 'Vitaliy' matches exactly. The middle name/patronymic 'Vasilyevich' matches exactly. However, when I reach the surname, the client's surname is 'Kushnarev' and the hit's surname is 'Bianchi'. These are two entirely different surnames with no phonetic similarity, no common transliteration root, and no evidence of a typo. While the first and middle names are identical, the surnames are irreconcilably different, indicating that these are two distinct individuals who happen to share a common first name and patronymic.",disqualify,ollama
Alla Fedorovna Baban,Alla Fedorovna Chatterjee,Alla Fedorovna,DISP_SURNAME_CONFLICT,Surnames are entirely different names,"I am comparing the client 'Alla Fedorovna Baban' against the hit 'Alla Fedorovna Chatterjee'. Looking at the names token-by-token, the first name 'Alla' and the patronymic/middle name 'Fedorovna' match exactly. However, when I evaluate the surnames, 'Baban' and 'Chatterjee' are entirely different names from different linguistic and cultural origins. There is no evidence of a typo, transliteration variant, or phonetic similarity between these two surnames. Because the surnames are irreconcilably different, these are two distinct individuals who happen to share a common first and middle name.",disqualify,ollama
Chunyan Guo,Chunyan Popov,Chunyan,DISP_SURNAME_CONFLICT,Surnames are entirely different names,"I am comparing the client name 'Chunyan Guo' against the candidate hit 'Chunyan Popov'. Both names share the given name 'Chunyan'. However, I am looking at the surnames: 'Guo' and 'Popov'. 'Guo' is a common Chinese surname, whereas 'Popov' is a common Slavic/Russian surname. These two surnames are entirely different in origin, spelling, and phonetics. There is no evidence of a typo or transliteration variant that could link 'Guo' to 'Popov'. Therefore, these are two distinct individuals who happen to share a first name.",disqualify,ollama
Chun-Sik Choe,Chun-Sik Hernandez,Chun-Sik,DISP_SURNAME_CONFLICT,Surnames are entirely different names,"I am comparing the client name 'Chun-Sik Choe' against the candidate hit 'Chun-Sik Hernandez'. Breaking this down token-by-token: the first name 'Chun-Sik' is an exact match in both records. However, when I look at the surnames, 'Choe' and 'Hernandez' are entirely different names from different linguistic and cultural origins. 'Choe' is a Korean surname, whereas 'Hernandez' is a Spanish surname. There is no evidence of a typo, transliteration variant, or phonetic similarity between these two surnames. Because the surnames are irreconcilably different, these represent two distinct individuals who happen to share the same given name.",disqualify,ollama
Vladyslav Nykolayevych Deynego,Vladyslav Nykolayevych Huang,Vladyslav Nykolayevych,DISP_SURNAME_CONFLICT,Surnames are entirely different names,"I am comparing the client 'Vladyslav Nykolayevych Deynego' against the candidate hit 'Vladyslav Nykolayevych Huang'. Breaking this down token-by-token: the first name 'Vladyslav' is an exact match. The middle name/patronymic 'Nykolayevych' is also an exact match. However, when I look at the surnames, 'Deynego' and 'Huang' are entirely different. 'Deynego' is of Slavic origin, whereas 'Huang' is of Chinese origin. There is no evidence of a typo, transliteration variant, or phonetic similarity between these two surnames. They are irreconcilably different, indicating that these are two distinct individuals who happen to share the same given name and patronymic.",disqualify,ollama
Zhiyong Yan,Zhiyong David Yan,Zhiyong Yan,DISP_MIDDLE_NAME_CONFLICT,Middle names are irreconcilably different,"I am comparing the Client Name 'Zhiyong Yan' against the Candidate Hit 'Zhiyong David Yan'. Both names share the first name 'Zhiyong' and the surname 'Yan'. However, the Candidate Hit contains a middle name, 'David', which is completely absent from the Client's profile. In this specific context, 'David' is a distinct Western given name that does not function as a transliteration or abbreviation of any part of the client's name. The presence of a specific, irreconcilable middle name indicates that these are two different individuals who happen to share a common first and last name.",disqualify,ollama
Inigo Vallejo Franco,Inigo Vallejo Li,Inigo Vallejo,DISP_SURNAME_CONFLICT,Surnames are entirely different names,"I am comparing the client 'Inigo Vallejo Franco' against the candidate hit 'Inigo Vallejo Li'. Breaking this down token-by-token: the first name 'Inigo' matches exactly. The second token 'Vallejo' also matches exactly. However, I then look at the final surname. The client has the surname 'Franco', whereas the candidate hit has the surname 'Li'. These are two entirely different family names from different linguistic and cultural origins. There is no evidence of a typo, transliteration variant, or abbreviation here. Because the primary identifying surname is irreconcilably different, I am confident these are two distinct individuals who happen to share a first and middle name.",disqualify,ollama
German Munoz Hoyos,German Munoz Hoyso,German Munoz Hoyos/Hoyso,DISP_MINOR_TYPO,Single character typo or keyboard slip,"I am comparing the Client Name 'German Munoz Hoyos' against the Candidate Hit 'German Munoz Hoyso'. The first name 'German' is an exact match. The first surname 'Munoz' is an exact match. When reviewing the second surname, I see 'Hoyos' in the client record and 'Hoyso' in the hit record. This is a clear case of a character transposition (the 'o' and 's' at the end are swapped), which is a common clerical typo during data entry. Because the first two name tokens are identical and the final token contains only a minor character slip, I believe these refer to the same individual.",escalate to analyst,ollama
Vladimir Leonidovich Sivkovich,Vladimir L. Sivkovich,Vladimir L. Sivkovich,DISP_MIDDLE_NAME_ABBREVIATED,Middle name shortened to initial,"I am comparing the client name 'Vladimir Leonidovich Sivkovich' against the candidate hit 'Vladimir L. Sivkovich'. First, I look at the given name: 'Vladimir' matches exactly in both records. Next, I examine the surname: 'Sivkovich' matches exactly in both records. Finally, I evaluate the middle name/patronymic. The client record provides the full patronymic 'Leonidovich', whereas the hit record provides only the initial 'L.'. Since the first and last names are identical and the middle initial 'L.' is perfectly consistent with the first letter of 'Leonidovich', this is a clear case of middle name abbreviation. There are no conflicting tokens that would suggest these are different individuals.",escalate to analyst,ollama
Rifat Gabdulkhakovich Shayhutdinov,Rifat Prakash Shayhutdinov,Rifat Shayhutdinov,DISP_MIDDLE_NAME_CONFLICT,Middle names are irreconcilably different,"I am comparing the Client Name 'Rifat Gabdulkhakovich Shayhutdinov' against the Candidate Hit 'Rifat Prakash Shayhutdinov'. First, I look at the first name: 'Rifat' matches exactly in both records. Next, I look at the surname: 'Shayhutdinov' matches exactly in both records. Finally, I evaluate the middle names. The client has the middle name 'Gabdulkhakovich', which is a traditional Russian/Central Asian patronymic. The candidate hit has the middle name 'Prakash', which is of Indian origin. These two middle names are irreconcilably different and originate from entirely different linguistic and cultural backgrounds. Because the middle names conflict so fundamentally, I conclude these are two distinct individuals who happen to share the same first and last name.",disqualify,ollama
Nina Germanovna Kulikovskih,Nina Germanovna Smirnov,Nina Germanovna,DISP_SURNAME_CONFLICT,Surnames are entirely different names,"I am comparing the Client Name 'Nina Germanovna Kulikovskih' against the Candidate Hit Name 'Nina Germanovna Smirnov'. Breaking these down token-by-token: the first name 'Nina' is an exact match. The patronymic/middle name 'Germanovna' is also an exact match. However, when I look at the surnames, 'Kulikovskih' and 'Smirnov' are entirely different names with no phonetic or clerical relationship. In Russian naming conventions, while it is possible for two people to share a first name and patronymic, the surname is the primary identifier for the family line. Since these surnames are completely distinct and not variants of one another, I am confident these are two different individuals.",disqualify,ollama
Svetlana Andreyevna Boyko,Svetlana Andreyevna Tanaka,Svetlana Andreyevna,DISP_SURNAME_CONFLICT,Surnames are entirely different names,"I am reviewing the client 'Svetlana Andreyevna Boyko' against the hit 'Svetlana Andreyevna Tanaka'. Comparing the names token-by-token: the first name 'Svetlana' is an exact match. The middle name (patronymic) 'Andreyevna' is also an exact match. However, when I look at the surnames, 'Boyko' and 'Tanaka' are entirely different names from different linguistic and cultural origins. There is no evidence of a typo, transliteration variant, or phonetic similarity between these two surnames. Because the surnames are irreconcilably different, these represent two distinct individuals who happen to share a common first and middle name.",disqualify,ollama
Sigi Alfredo Mondaca Avila,Sigi Pierre Mondaca Avila,Sigi Mondaca Avila,DISP_MIDDLE_NAME_CONFLICT,Middle names are irreconcilably different,"I am comparing the client name 'Sigi Alfredo Mondaca Avila' against the candidate hit 'Sigi Pierre Mondaca Avila'. Breaking the names down token-by-token: the first name 'Sigi' matches exactly. The surnames 'Mondaca Avila' also match exactly in both sequence and spelling. However, I encounter a direct conflict in the middle name. The client has the middle name 'Alfredo', while the candidate hit has the middle name 'Pierre'. These are two distinct, culturally different given names that are not transliterations, abbreviations, or typos of one another. Because the middle names are irreconcilably different, I am treating these as two distinct individuals who happen to share the same first name and compound surname.",disqualify,ollama
Lenar Rinatovich Safin,Lenar Rinatovich Lopez,Lenar Rinatovich,DISP_SURNAME_CONFLICT,Surnames are entirely different names,"I am comparing the client name 'Lenar Rinatovich Safin' against the candidate hit 'Lenar Rinatovich Lopez'. Breaking the names down token-by-token: the first name 'Lenar' is an exact match. The patronymic/middle name 'Rinatovich' is also an exact match. However, when I evaluate the surnames, 'Safin' and 'Lopez' are entirely different names from different linguistic and cultural origins. There is no evidence of a typo, transliteration variant, or phonetic similarity between these two surnames. Because the surnames are irreconcilably different, these represent two distinct individuals who happen to share the same first and middle names.",disqualify,ollama
Serhii Anatoliyovych Zdriliuk,Sethii Anatoliyovych Zdriliuk,Anatoliyovych Zdriliuk,DISP_MINOR_TYPO,Single character typo or keyboard slip,"I am comparing the client name 'Serhii Anatoliyovych Zdriliuk' against the candidate hit 'Sethii Anatoliyovych Zdriliuk'. First, I look at the surname 'Zdriliuk', which is an exact match. Next, I look at the patronymic 'Anatoliyovych', which is also an exact match. Finally, I examine the first names: 'Serhii' versus 'Sethii'. I notice that the only difference is a single character change where the 'r' in Serhii has been replaced by a 't' in Sethii. Given that the patronymic and the uncommon surname are identical, this is highly likely a clerical typo or keyboard slip during data entry. The names are functionally identical for the purposes of identification.",escalate to analyst,ollama
Alireza Rahnavard,Alireza Weber,Alireza,DISP_SURNAME_CONFLICT,Surnames are entirely different names,"I am comparing the client name 'Alireza Rahnavard' against the candidate hit 'Alireza Weber'. I first look at the given names; both share the name 'Alireza', which is a common given name. I then move to the surnames. The client's surname is 'Rahnavard', while the candidate's surname is 'Weber'. These two surnames are entirely different in origin, phonetics, and spelling. There is no evidence of a typo, transliteration variant, or phonetic shift that would link 'Rahnavard' to 'Weber'. Because the surnames are irreconcilably different, these represent two distinct individuals who happen to share a first name.",disqualify,ollama
Hailun Zhu,Hailun Chen,Hailun,DISP_SURNAME_CONFLICT,Surnames are entirely different names,"I am comparing the client 'Hailun Zhu' against the candidate hit 'Hailun Chen'. Looking at the first token, 'Hailun' matches exactly in both records. However, when I move to the surname, the client's surname is 'Zhu' and the candidate's surname is 'Chen'. These are two entirely different and distinct Chinese surnames with no phonetic or orthographic similarity that would suggest a typo or transliteration variant. Because the surnames are irreconcilably different, these represent two distinct individuals who happen to share a given name.",disqualify,ollama
Muammar Qadhafi,Muammar R. Qadhafi,Muammar Qadhafi,DISP_MIDDLE_NAME_OMITTED,Middle name absent from one record,"I am comparing the Client Name 'Muammar Qadhafi' against the Candidate Hit 'Muammar R. Qadhafi'. First, I look at the first name: 'Muammar' matches exactly in both records. Next, I look at the surname: 'Qadhafi' matches exactly in both records. The only difference is the presence of a middle initial 'R.' in the candidate hit name, which is absent in the client name. In name screening, the omission of a middle name or initial is a common recording variation and does not indicate a different person. Since the primary identifiers (first and last name) are identical, this is a likely match.",escalate to analyst,ollama
Alexander Vasilyevich Terentyev,Alexander Vasilyevich Terengyev,Alexander Vasilyevich Teren,DISP_MINOR_TYPO,Single character typo or keyboard slip,"I am comparing the client name 'Alexander Vasilyevich Terentyev' against the candidate hit 'Alexander Vasilyevich Terengyev'. First, I look at the first name: 'Alexander' matches exactly in both records. Second, I look at the patronymic: 'Vasilyevich' matches exactly in both records. Finally, I examine the surname. The client's surname is 'Terentyev' and the hit's surname is 'Terengyev'. Comparing these token-by-token, the only difference is a single character: the 't' in the client's name has been replaced by a 'g' in the hit name. Given that the first name and patronymic are identical and the surname differs by only one letter in a similar phonetic position, this appears to be a clerical typo or a minor recording error. This is highly likely to be the same individual.",escalate to analyst,ollama
Gustavo Eduardo Porras Cortes,Gustavo Karim Porras Cortes,Gustavo Porras Cortes,DISP_MIDDLE_NAME_CONFLICT,Middle names are irreconcilably different,"I am comparing the Client Name 'Gustavo Eduardo Porras Cortes' against the Candidate Hit Name 'Gustavo Karim Porras Cortes'. Breaking this down token-by-token: the first name 'Gustavo' matches exactly. The surnames 'Porras Cortes' match exactly in both records. However, I encounter a direct conflict in the middle name. The client has the middle name 'Eduardo', while the candidate hit has the middle name 'Karim'. These are two distinct, unrelated given names with no phonetic similarity, transliteration overlap, or abbreviation relationship. In a naming convention where multiple surnames are used, the middle name serves as a primary differentiator. Because 'Eduardo' and 'Karim' are irreconcilably different, I conclude these are two different individuals who happen to share the same first and last names.",disqualify,ollama
Segundo Alberto Villota Segura,Segundo Michael Villota Segura,Segundo Villota Segura,DISP_MIDDLE_NAME_CONFLICT,Middle names are irreconcilably different,"I am comparing the client 'Segundo Alberto Villota Segura' against the candidate hit 'Segundo Michael Villota Segura'. Breaking these down token-by-token: the first names ('Segundo') match exactly. The surnames ('Villota Segura') match exactly. However, I encounter a direct conflict in the middle name. The client's middle name is 'Alberto', whereas the candidate hit's middle name is 'Michael'. These are two distinct, common given names with no phonetic similarity, transliteration overlap, or clerical relationship. In a Spanish naming convention context, while the first and last names are identical, the presence of two entirely different middle names indicates that these are two different individuals who happen to share the same first and family names.",disqualify,ollama
Roberto Carretero Napolitano,Roberto Hassan Napolitano,Roberto Napolitano,DISP_MIDDLE_NAME_CONFLICT,Middle names are irreconcilably different,"I am comparing the Client Name 'Roberto Carretero Napolitano' against the Candidate Hit 'Roberto Hassan Napolitano'. Breaking the names down token-by-token: the first names are an exact match ('Roberto') and the second surnames are an exact match ('Napolitano'). However, I must evaluate the middle name/first surname position. The client has 'Carretero', which is a Spanish-origin surname, while the hit has 'Hassan', which is of Arabic origin. These two names are irreconcilably different and do not share any phonetic, transliteration, or clerical similarities. Because the middle name components are entirely distinct, it is highly probable that these are two different individuals who happen to share a common first name and a second surname. This represents a clear middle name conflict.",disqualify,ollama
Karina Guadalupe Carrillo Torres,Karina Guadalupe Carrillo Gupta,Karina Guadalupe Carrillo,DISP_SURNAME_CONFLICT,Surnames are entirely different names,"I am comparing the client 'Karina Guadalupe Carrillo Torres' against the hit 'Karina Guadalupe Carrillo Gupta'. Both individuals share the first name 'Karina', the middle name 'Guadalupe', and the first surname 'Carrillo'. However, in Spanish-naming conventions, the second surname is critical for identification. The client's second surname is 'Torres', while the hit's second surname is 'Gupta'. 'Torres' and 'Gupta' are entirely different names with no phonetic or clerical relationship, indicating that these are two distinct individuals who happen to share a common first and primary surname. Because the second surnames are irreconcilably different, this is a clear mismatch.",disqualify,ollama
Axel Bladimir Montejo Saenz,Axel Bladimir Montejo Okafor,Axel Bladimir Montejo,DISP_SURNAME_CONFLICT,Surnames are entirely different names,"I am comparing the Client Name 'Axel Bladimir Montejo Saenz' against the Candidate Hit Name 'Axel Bladimir Montejo Okafor'. Starting with the first and middle names, 'Axel', 'Bladimir', and 'Montejo' are identical across both records. However, when I reach the final surname token, the client's surname is 'Saenz', whereas the candidate hit's surname is 'Okafor'. These are two entirely different surnames with no phonetic similarity, common transliteration patterns, or clerical overlap. Because the final surnames are irreconcilably different, these records represent two distinct individuals who happen to share the same given and middle names.",disqualify,ollama
Alexey Borisovich Miller,Alexey Borisovich Mueller,Alexey Borisovich,DISP_PHONETIC_SURNAME_DIVERGENCE,Surnames phonetically shifted but distinct,"I am comparing the client 'Alexey Borisovich Miller' against the hit 'Alexey Borisovich Mueller'. First, I look at the given name 'Alexey' and the patronymic 'Borisovich'; these are identical in both records. I then evaluate the surnames: 'Miller' versus 'Mueller'. While these names are phonetically similar and often represent the same root in different languages (English vs. German), in a legal and regulatory compliance context, they are distinct surnames. 'Miller' is an English occupational name, whereas 'Mueller' is a specific German spelling. Without further identifying information (such as date of birth or nationality) to link them, these are treated as two distinct individuals with the same first and middle names but legally different surnames.",disqualify,ollama
Muhammad Agha Ahmed Rashdi Qatirji,Muhammad Agha Ahmed Rashdi Schneider,Muhammad Agha Ahmed Rashdi,DISP_SURNAME_CONFLICT,Surnames are entirely different names,"I am comparing the Client Name 'Muhammad Agha Ahmed Rashdi Qatirji' against the Candidate Hit 'Muhammad Agha Ahmed Rashdi Schneider'. Both individuals share an identical first and middle name sequence ('Muhammad Agha Ahmed Rashdi'). However, I am looking at the final token, which serves as the primary family name/surname. The client's surname is 'Qatirji', while the candidate's surname is 'Schneider'. These are two entirely different surnames from different linguistic and cultural origins (Arabic/Middle Eastern vs. Germanic). There is no evidence of a typo, transliteration variant, or abbreviation that could link 'Qatirji' to 'Schneider'. Therefore, these are two distinct individuals who happen to share several given names.",disqualify,ollama
Serhiy Arbuzov,Serhiy Traore,Serhiy,DISP_SURNAME_CONFLICT,Surnames are entirely different names,"I am comparing the client name 'Serhiy Arbuzov' against the candidate hit 'Serhiy Traore'. I start by looking at the first names; both records share the first name 'Serhiy', which is a common match. However, when I move to the surnames, I see 'Arbuzov' and 'Traore'. These two surnames are entirely different in origin, spelling, and phonetics. 'Arbuzov' is a Slavic surname, whereas 'Traore' is a West African surname. There is no evidence of a typo, transliteration variant, or phonetic shift that could link these two names. Because the surnames are irreconcilably different, these are clearly two distinct individuals who happen to share a first name.",disqualify,ollama
Freddy Enrique Rendon Herrera,Freddy Enrique Rendon Diallo,Freddy Enrique Rendon,DISP_SURNAME_CONFLICT,Surnames are entirely different names,"I am comparing the client name 'Freddy Enrique Rendon Herrera' against the candidate hit 'Freddy Enrique Rendon Diallo'. Breaking the names down token-by-token: the first name 'Freddy', the middle name 'Enrique', and the first surname 'Rendon' are identical in both records. However, I must evaluate the second surname. The client has the surname 'Herrera', while the candidate hit has the surname 'Diallo'. These are two entirely different family names with no phonetic similarity, no common transliteration patterns, and no indication of a typo. In jurisdictions where double surnames are used, the second surname is a critical identifier. Because 'Herrera' and 'Diallo' are irreconcilably different, these records refer to two distinct individuals who happen to share a first name and first surname.",disqualify,ollama
Vladimir Viktorovich Khromov,Vladimir Dev Khromov,Vladimir Khromov,DISP_MIDDLE_NAME_CONFLICT,Middle names are irreconcilably different,"I am comparing the client 'Vladimir Viktorovich Khromov' against the candidate hit 'Vladimir Dev Khromov'. First, I look at the given names: both are 'Vladimir', which is a match. Next, I look at the surnames: both are 'Khromov', which is also a match. Finally, I examine the middle names/patronymics. The client has 'Viktorovich', which is a standard Russian patronymic. The candidate hit has 'Dev'. 'Dev' is not an abbreviation, typo, or transliteration variant of 'Viktorovich'; it is a completely different name of a different linguistic origin. Because the middle names are irreconcilably different, I am confident these are two distinct individuals who happen to share a common first and last name.",disqualify,ollama
Konstantin Anatolyevich Chuychenko,Chuychenko Konstantin Anatolyevich,Konstantin Anatolyevich Chuychenko,DISP_TOKEN_ORDER_SWAP,Name tokens in different sequence,"I am comparing the Client Name 'Konstantin Anatolyevich Chuychenko' against the Candidate Hit Name 'Chuychenko Konstantin Anatolyevich'. First, I look at the individual name components. Both records contain the given name 'Konstantin', the patronymic 'Anatolyevich', and the surname 'Chuychenko'. The only difference is the sequence in which these names are presented: the client record follows the Given Name-Patronymic-Surname format, while the hit record follows the Surname-Given Name-Patronymic format. Since all three name tokens are identical and present in both strings, this is a clear case of a name token order swap, which is common across different jurisdictional database standards.",escalate to analyst,ollama
Alfonso Lira Sotelo,Alfonso Lira Zhang,Alfonso Lira,DISP_SURNAME_CONFLICT,Surnames are entirely different names,"I am comparing the Client Name 'Alfonso Lira Sotelo' against the Candidate Hit 'Alfonso Lira Zhang'. Breaking these down token by token: the first name 'Alfonso' matches exactly. The second token 'Lira' also matches exactly. However, the final surname tokens are 'Sotelo' for the client and 'Zhang' for the hit. 'Sotelo' is a name of Spanish origin, whereas 'Zhang' is a name of Chinese origin. These are two entirely different surnames with no phonetic or clerical relationship. Because the surnames are irreconcilably different, these represent two distinct individuals who happen to share a first and middle/first-surname combination.",disqualify,ollama
Konstantin Anatolyevich Chuychenko,Konstantin Anatolyevich Chuychenoo,Konstantin Anatolyevich Chuychen,DISP_MINOR_TYPO,Single character typo or keyboard slip,"I am comparing the Client Name 'Konstantin Anatolyevich Chuychenko' against the Candidate Hit 'Konstantin Anatolyevich Chuychenoo'. First, I look at the first name: 'Konstantin' matches exactly. Second, I look at the patronymic: 'Anatolyevich' matches exactly. Finally, I examine the surname. The client's surname is 'Chuychenko' and the hit's surname is 'Chuychenoo'. The only difference is the final character ('o' vs 'oo'). This appears to be a simple clerical typo or a minor recording error where an extra vowel was added at the end of the name. Given that the first name and the specific patronymic match perfectly, it is highly probable that these refer to the same individual.",escalate to analyst,ollama
Mohamed Ali Nkalubo,Mohamed Ming Nkalubo,Mohamed Nkalubo,DISP_MIDDLE_NAME_CONFLICT,Middle names are irreconcilably different,"I am comparing the Client Name 'Mohamed Ali Nkalubo' against the Candidate Hit Name 'Mohamed Ming Nkalubo'. Breaking this down token-by-token: the first name 'Mohamed' matches exactly in both records. The surname 'Nkalubo' also matches exactly in both records. However, I must evaluate the middle name. The client has the middle name 'Ali', while the candidate hit has the middle name 'Ming'. 'Ali' and 'Ming' are entirely different names from different linguistic origins and cannot be attributed to a typo, abbreviation, or transliteration variant. Because the middle names are irreconcilably different, I am treating these as two distinct individuals who happen to share a common first name and surname.",disqualify,ollama
Momcilo Gruban,Momcilo B. Gruban,Momcilo Gruban,DISP_MIDDLE_NAME_OMITTED,Middle name absent from one record,"I am comparing the Client Name 'Momcilo Gruban' against the Candidate Hit Name 'Momcilo B. Gruban'. First, I look at the given name: 'Momcilo' matches exactly in both records. Next, I look at the surname: 'Gruban' matches exactly in both records. The only difference is the presence of a middle initial 'B.' in the candidate hit which is absent in the client record. In AML screening, it is common for clients to omit their middle names or initials during onboarding, while official sanctions or PEP lists include them. Since the first and last names are identical and there are no conflicting middle names present to suggest these are different individuals, this is a high-probability match.",escalate to analyst,ollama
Segundo Alberto Villota Segura,Segundo Alberto Villota Yang,Segundo Alberto Villota,DISP_SURNAME_CONFLICT,Surnames are entirely different names,"I am comparing the client name 'Segundo Alberto Villota Segura' against the hit name 'Segundo Alberto Villota Yang'. Both individuals share the same first name 'Segundo', middle name 'Alberto', and first surname 'Villota'. However, in Spanish-naming conventions, the second surname is critical for identification. The client's second surname is 'Segura', whereas the hit's second surname is 'Yang'. These are two entirely different and irreconcilable surnames. This indicates that while the individuals share a common first and primary surname, they are distinct persons with different maternal lineages. Therefore, this is a false positive.",disqualify,ollama
Vadim Valerievich Kulik,Vadim Valerievich Osei,Vadim Valerievich,DISP_SURNAME_CONFLICT,Surnames are entirely different names,"I am comparing the client 'Vadim Valerievich Kulik' against the hit 'Vadim Valerievich Osei'. I start by reviewing the first name, 'Vadim', which is an exact match. I then move to the patronymic/middle name, 'Valerievich', which is also an exact match. Finally, I compare the surnames. The client's surname is 'Kulik', while the hit's surname is 'Osei'. These are two entirely different surnames with no phonetic similarity, no common transliteration patterns, and no evidence of a clerical typo. Despite the coincidence of sharing the same first and middle names, the surnames are irreconcilably different, indicating these are two distinct individuals.",disqualify,ollama
Wendy Dalaithy Amaral Arevalo,Wendy Dalaithy Amaral Wu,Wendy Dalaithy Amaral,DISP_SURNAME_CONFLICT,Surnames are entirely different names,"I am comparing the client 'Wendy Dalaithy Amaral Arevalo' against the candidate hit 'Wendy Dalaithy Amaral Wu'. Looking at the names token-by-token: the first name 'Wendy', the middle name 'Dalaithy', and the subsequent name 'Amaral' are identical in both records. However, when I reach the final surname, the client's surname is 'Arevalo' while the candidate's surname is 'Wu'. These are two entirely different surnames from different linguistic and cultural origins. There is no evidence of a typo, transliteration variant, or abbreviation here; these are distinct family names. Therefore, despite the coincidence of sharing three name tokens, the difference in the primary surname indicates these are two different individuals.",disqualify,ollama
Gulsara Burkhonova,Gulsara Rashid Burkhonova,Gulsara Burkhonova,DISP_MIDDLE_NAME_CONFLICT,Middle names are irreconcilably different,"I am comparing the Client Name 'Gulsara Burkhonova' against the Candidate Hit 'Gulsara Rashid Burkhonova'. Both records share the same first name ('Gulsara') and the same surname ('Burkhonova'). However, the candidate hit contains a middle name, 'Rashid', which is completely absent from the client record. In the context of this specific review, where I am instructed to treat this as a distinct individual, the presence of a specific middle name ('Rashid') in the hit record acts as a conflicting identifier. Rather than a simple omission, the introduction of a specific patronymic or middle name that does not align with the client's identity suggests these are two different people who happen to share a common first and last name.",disqualify,ollama
Francisco Javier Oropeza Medrano,Francisco Edward Oropeza Medrano,Francisco Oropeza Medrano,DISP_MIDDLE_NAME_CONFLICT,Middle names are irreconcilably different,"I am comparing the Client Name 'Francisco Javier Oropeza Medrano' against the Candidate Hit 'Francisco Edward Oropeza Medrano'. Both names share the same first name ('Francisco') and the same double surname ('Oropeza Medrano'). However, I am looking at the middle name token. The client's middle name is 'Javier', which is a common Spanish name, whereas the hit's middle name is 'Edward', an English name. These two names are entirely different and are not transliterations, typos, or abbreviations of one another. In a naming convention where the first and last names are common, a distinct and irreconcilable difference in the middle name indicates that these are two different individuals.",disqualify,ollama
Jimmy Cherizier,Jimmy I. Cherizier,Jimmy Cherizier,DISP_MIDDLE_NAME_OMITTED,Middle name absent from one record,"I am comparing the client name 'Jimmy Cherizier' against the candidate hit 'Jimmy I. Cherizier'. First, I look at the given name: 'Jimmy' matches exactly in both records. Next, I look at the surname: 'Cherizier' matches exactly in both records. The only difference is the presence of a middle initial 'I.' in the candidate hit name, which is absent from the client record. In AML screening, the omission of a middle name or initial between two records with identical first and last names is a common recording variation and does not disqualify the match. Because the primary name components are identical, this is a potential match.",escalate to analyst,ollama
Rafiq Shihadah,Rafiq Hernandez,Rafiq,DISP_SURNAME_CONFLICT,Surnames are entirely different names,"I am comparing the client name 'Rafiq Shihadah' against the candidate hit 'Rafiq Hernandez'. Both names share the given name 'Rafiq'. However, I then look at the surnames: 'Shihadah' and 'Hernandez'. These are two entirely different family names with no phonetic similarity, no common transliteration root, and no evidence of a typo. 'Shihadah' is typically of Arabic origin, while 'Hernandez' is of Spanish origin. Because the surnames are irreconcilably different, these are two distinct individuals who happen to share a common first name.",disqualify,ollama
Muammar Qadhafi,Muammar Kabbaj,Muammar,DISP_SURNAME_CONFLICT,Surnames are entirely different names,"I am comparing the client 'Muammar Qadhafi' against the candidate hit 'Muammar Kabbaj'. First, I look at the first names: both are 'Muammar', which is a match. Next, I examine the surnames. The client's surname is 'Qadhafi' and the candidate's surname is 'Kabbaj'. These are two entirely different surnames with no phonetic similarity, no transliteration overlap, and no indication of a typo. They represent two distinct family lineages. Because the surnames are irreconcilably different, this is a clear case of two different individuals who happen to share a first name.",disqualify,ollama
Andres Paul Baumgartner,Andres Paul Tanaka,Andres Paul,DISP_SURNAME_CONFLICT,Surnames are entirely different names,"I am comparing the client name 'Andres Paul Baumgartner' against the candidate hit 'Andres Paul Tanaka'. I will break this down token-by-token. First, the given name 'Andres' matches exactly. Second, the middle name 'Paul' matches exactly. Finally, I look at the surnames: 'Baumgartner' versus 'Tanaka'. These are entirely different names from different linguistic and cultural origins. There is no evidence of a typo, transliteration variant, or phonetic similarity between 'Baumgartner' and 'Tanaka'. Since the surnames are irreconcilably different, these are two distinct individuals who happen to share the same first and middle names.",disqualify,ollama
Ali Ismail Ajrouch,Ali Raymond Ajrouch,Ali Ajrouch,DISP_MIDDLE_NAME_CONFLICT,Middle names are irreconcilably different,"I am comparing the Client Name 'Ali Ismail Ajrouch' against the Candidate Hit Name 'Ali Raymond Ajrouch'. First, I look at the given name: both are 'Ali', which is a match. Next, I look at the surname: both are 'Ajrouch', which is a match. Finally, I evaluate the middle names. The client's middle name is 'Ismail', while the candidate hit's middle name is 'Raymond'. 'Ismail' and 'Raymond' are entirely different names from different linguistic and cultural origins; they are not typos, abbreviations, or transliteration variants of one another. Because the middle names are irreconcilably different, these are two distinct individuals who happen to share a common first name and surname.",disqualify,ollama
Ivan Vladimirovich Osipov,Ivan Vladimirovich Kamau,Ivan Vladimirovich,DISP_SURNAME_CONFLICT,Surnames are entirely different names,"I am comparing the client 'Ivan Vladimirovich Osipov' against the candidate hit 'Ivan Vladimirovich Kamau'. Breaking the names down token by token: the first name 'Ivan' matches exactly. The middle name/patronymic 'Vladimirovich' also matches exactly. However, when I evaluate the surnames, 'Osipov' and 'Kamau' are entirely different. 'Osipov' is a common Slavic surname, whereas 'Kamau' is a common Kenyan name. There is no phonetic similarity, transliteration overlap, or clerical typo that could link these two surnames. Because the surnames are irreconcilably different, these are two distinct individuals who happen to share a common first and middle name.",disqualify,ollama
"Ruben Pestano, Jr. Lavilla","Ruben Pestano, Jr. Schneider","Ruben Pestano, Jr.",DISP_SURNAME_CONFLICT,Surnames are entirely different names,"I am comparing the client 'Ruben Pestano, Jr. Lavilla' against the candidate hit 'Ruben Pestano, Jr. Schneider'. Breaking the names down token by token: both individuals share the first name 'Ruben', the name 'Pestano', and the generational suffix 'Jr.'. However, when I look at the final surname tokens, the client's surname is 'Lavilla' and the hit's surname is 'Schneider'. These are two entirely different family names with no phonetic similarity, common transliteration variants, or clerical overlap. In a naming convention where 'Pestano' may be a middle name or part of a compound surname, the final distinguishing surname is the primary identifier. Because 'Lavilla' and 'Schneider' are irreconcilably different, these are two distinct individuals who happen to share a common first and middle name structure.",disqualify,ollama
Arshad Muhammad Ahmad Muhammad Al-Zibari,Arshad Hussein Ahmad Muhammad Al-Zibari,Arshad Ahmad Muhammad Al-Zibari,DISP_MIDDLE_NAME_CONFLICT,Middle names are irreconcilably different,"I am comparing the Client Name 'Arshad Muhammad Ahmad Muhammad Al-Zibari' against the Candidate Hit Name 'Arshad Hussein Ahmad Muhammad Al-Zibari'. Breaking the names down token-by-token: both share the first name 'Arshad', the subsequent tokens 'Ahmad Muhammad', and the surname 'Al-Zibari'. However, there is a critical conflict in the second token. The client has 'Muhammad' as their second name, whereas the candidate hit has 'Hussein'. In Arabic naming conventions, these are distinct given names and not transliteration variants of one another. Because the middle name 'Hussein' is irreconcilably different from 'Muhammad', these represent two different individuals who happen to share a similar family lineage and common given names.",disqualify,ollama
Gennadii Anatolievich Nikulov,Gennadii Anatolievich Tanaka,Gennadii Anatolievich,DISP_SURNAME_CONFLICT,Surnames are entirely different names,"I am comparing the client 'Gennadii Anatolievich Nikulov' against the candidate hit 'Gennadii Anatolievich Tanaka'. Looking at the tokens, the first name 'Gennadii' and the patronymic/middle name 'Anatolievich' are identical in both records. However, I must now evaluate the surnames. The client's surname is 'Nikulov', while the candidate's surname is 'Tanaka'. These are two entirely different surnames from different linguistic and cultural origins (Slavic vs. Japanese). There is no evidence of a typo, transliteration variant, or phonetic similarity between 'Nikulov' and 'Tanaka'. Because the surnames are irreconcilably different, these represent two distinct individuals who happen to share the same given and middle names.",disqualify,ollama
Myint Kyaing,Myint Volkov,Myint,DISP_SURNAME_CONFLICT,Surnames are entirely different names,"I am comparing the client name 'Myint Kyaing' against the candidate hit 'Myint Volkov'. Breaking the names down token-by-token: both individuals share the first name 'Myint'. However, when I look at the surnames, 'Kyaing' and 'Volkov' are entirely different names with no phonetic similarity, no transliteration overlap, and no common origin. 'Kyaing' is characteristic of Burmese naming conventions, whereas 'Volkov' is a common Slavic surname. Because the surnames are irreconcilably different, these are clearly two distinct individuals who happen to share a common first name.",disqualify,ollama
Camila Sanchez,Camila Ito,Camila,DISP_SURNAME_CONFLICT,Surnames are entirely different names,"I am comparing the client 'Camila Sanchez' against the candidate hit 'Camila Ito'. I begin by evaluating the first names: both are 'Camila', which is a direct match. I then move to the surnames. The client's surname is 'Sanchez', while the candidate's surname is 'Ito'. These are two entirely different surnames with no phonetic similarity, no common transliteration patterns, and no indication of a typo. 'Sanchez' is of Spanish origin, whereas 'Ito' is of Japanese origin. Because the surnames are irreconcilably different, these represent two distinct individuals who happen to share a common first name.",disqualify,ollama
Galina Nikolayevna Karelova,Galina Nukolayevna Karelova,Galina Karelova,DISP_MINOR_TYPO,Single character typo or keyboard slip,"I am comparing the client name 'Galina Nikolayevna Karelova' against the hit name 'Galina Nukolayevna Karelova'. First, the given name 'Galina' is an exact match in both records. Second, the surname 'Karelova' is an exact match in both records. Third, I am reviewing the patronymic/middle name. The client record shows 'Nikolayevna' while the hit record shows 'Nukolayevna'. Comparing these two tokens, there is only a single character difference: an 'i' replaced by a 'u'. Given that the first and last names are identical and the middle name differs by only one letter, this is clearly a clerical typo or data entry error. The names are intuitively the same person.",escalate to analyst,ollama
Fidel Moreno,Fidel Moreon,Fidel Moreno,DISP_MINOR_TYPO,Single character typo or keyboard slip,"I am comparing the client name 'Fidel Moreno' against the hit name 'Fidel Moreon'. First, I look at the given names: 'Fidel' matches 'Fidel' exactly. Next, I examine the surnames: 'Moreno' versus 'Moreon'. I observe that all the same letters are present, but the 'o' and 'n' at the end of the surname have been transposed. This is a classic clerical keyboard slip or transposition error where the user likely typed the letters in the wrong order. Given that the first name is identical and the surname is a near-perfect match with only a two-letter swap, I conclude this is the same individual.",escalate to analyst,ollama
Samaneh Damirchilu,Samaneh Ali Damirchilu,Samaneh Damirchilu,DISP_MIDDLE_NAME_CONFLICT,Middle names are irreconcilably different,"I am comparing the Client Name 'Samaneh Damirchilu' against the Candidate Hit 'Samaneh Ali Damirchilu'. Both names share the same first name ('Samaneh') and the same surname ('Damirchilu'). However, the Candidate Hit contains an additional middle name, 'Ali'. In many jurisdictions, particularly within the Middle East or Central Asia, the inclusion of a specific middle name or patronymic like 'Ali' is a primary identifier. The absence of this middle name in the client record, combined with the specific nature of the name 'Ali' as a distinct personal identifier rather than a common filler or abbreviation, suggests these are two different individuals who happen to share a first and last name. Because the middle name creates a conflict in identity rather than a simple omission of a known middle name, I am treating this as a distinct person.",disqualify,ollama
Sergey Vasilyevich Yakhnyuk,Sergey Vasilyevich Garcia,Sergey Vasilyevich,DISP_SURNAME_CONFLICT,Surnames are entirely different names,"I am comparing the client name 'Sergey Vasilyevich Yakhnyuk' against the candidate hit 'Sergey Vasilyevich Garcia'. I start by looking at the first names; both are 'Sergey', which is a match. I then look at the middle names/patronymics; both are 'Vasilyevich', which is also a match. However, when I evaluate the surnames, the client's surname is 'Yakhnyuk' (likely of Slavic origin) and the candidate's surname is 'Garcia' (of Spanish/Hispanic origin). These two surnames are entirely different in spelling, origin, and phonetics. There is no evidence of a typo or transliteration variance here; they are two distinct family names. Since the surnames are irreconcilably different, these are two different individuals who happen to share a common first and middle name.",disqualify,ollama
Mohsen Ebrahimi,Mohsen Ebdahimi,Mohsen Ebrahimi,DISP_MINOR_TYPO,Single character typo or keyboard slip,"I am comparing the client name 'Mohsen Ebrahimi' against the candidate hit 'Mohsen Ebdahimi'. First, I look at the given names: both are 'Mohsen', which is an exact match. Next, I examine the surnames: 'Ebrahimi' versus 'Ebdahimi'. I notice that the first and last parts of the surname are identical. The only difference is a single character change in the middle of the surname, where 'r' has been replaced by 'd'. Given the proximity of these letters and the overall structure of the name, this appears to be a simple clerical typo or data entry error rather than a different surname. Because the given name is identical and the surname contains only a one-character discrepancy, I believe these refer to the same individual.",escalate to analyst,ollama
Aadan Jiss,Aadan Ito,Aadan,DISP_SURNAME_CONFLICT,Surnames are entirely different names,"I am comparing the client name 'Aadan Jiss' against the candidate hit 'Aadan Ito'. First, I look at the given names: both records share the name 'Aadan', which is an exact match. Next, I evaluate the surnames. The client's surname is 'Jiss', while the candidate's surname is 'Ito'. These are two entirely different names with no phonetic similarity, no common transliteration variants, and no indication of a clerical typo. Because the surnames are irreconcilably different, these two records represent two distinct individuals who happen to share a first name.",disqualify,ollama
Majdi Muhammad Muhammad Salim,Majdi Muhammad Muhammad Lopez,Majdi Muhammad Muhammad,DISP_SURNAME_CONFLICT,Surnames are entirely different names,"I am comparing the client 'Majdi Muhammad Muhammad Salim' against the hit 'Majdi Muhammad Muhammad Lopez'. Breaking the names down token-by-token: the first name 'Majdi' matches exactly, and the two middle names 'Muhammad Muhammad' match exactly. However, I must look at the final token, which represents the surname. The client's surname is 'Salim', whereas the hit's surname is 'Lopez'. 'Salim' and 'Lopez' are entirely different names from different linguistic and cultural origins. There is no evidence of a typo, transliteration variant, or phonetic similarity between these two surnames. Because the surnames are irreconcilably different, these represent two distinct individuals who happen to share common given and middle names.",disqualify,ollama
Valeriy Ivanovich Pogrebenkov,Valeriy Ivanovich Pofrebenkov,Valeriy Ivanovich Pogrebenkov,DISP_MINOR_TYPO,Single character typo or keyboard slip,"I am comparing the client name 'Valeriy Ivanovich Pogrebenkov' against the candidate hit 'Valeriy Ivanovich Pofrebenkov'. First, I look at the given name: 'Valeriy' matches exactly. Second, I look at the patronymic: 'Ivanovich' matches exactly. Finally, I examine the surname. The client's surname is 'Pogrebenkov' and the hit is 'Pofrebenkov'. I notice a single character difference where the 'g' has been replaced by an 'f'. Given that the first and middle names are identical and the surnames are identical except for one character in the middle of the word, this appears to be a clerical typo or a data entry error. The names are substantially the same.",escalate to analyst,ollama
George Haswani,George Nakamura,George,DISP_SURNAME_CONFLICT,Surnames are entirely different names,"I am comparing the client name 'George Haswani' against the candidate hit 'George Nakamura'. Looking at the first token, both names share the given name 'George', which is a very common first name. However, moving to the surname, I compare 'Haswani' with 'Nakamura'. These two surnames are entirely different in origin, spelling, and phonetics. There is no evidence of a typo, transliteration variant, or phonetic shift that could link 'Haswani' to 'Nakamura'. Because the surnames are irreconcilably different, these represent two distinct individuals who happen to share a common first name.",disqualify,ollama
Martin Garcia Corrales,Martin Garcia Davis,Martin Garcia,DISP_SURNAME_CONFLICT,Surnames are entirely different names,"I am comparing the client 'Martin Garcia Corrales' against the candidate hit 'Martin Garcia Davis'. Breaking the names down token-by-token: the first name 'Martin' is an exact match. The second name 'Garcia' is also an exact match. However, when looking at the final surname, the client has 'Corrales' while the candidate hit has 'Davis'. These are two entirely different surnames with no phonetic similarity, common transliteration variants, or clerical overlap. In Hispanic naming conventions, where two surnames are often used, the final surname is the primary paternal line. Since 'Corrales' and 'Davis' are irreconcilably different, these represent two distinct individuals who happen to share a common first name and first surname.",disqualify,ollama
Dmitry Gennadyevich Gusev,Dmitry Woo Gusev,Dmitry Gusev,DISP_MIDDLE_NAME_CONFLICT,Middle names are irreconcilably different,"I am comparing the Client Name 'Dmitry Gennadyevich Gusev' against the Candidate Hit Name 'Dmitry Woo Gusev'. Both names share the same first name ('Dmitry') and the same surname ('Gusev'). However, I am looking closely at the middle name tokens. The client has the patronymic 'Gennadyevich', which is typical for Russian naming conventions. The candidate hit has the middle name 'Woo'. 'Gennadyevich' and 'Woo' are irreconcilably different in terms of origin, length, and sound; they cannot be explained by a typo, abbreviation, or transliteration variant. Because the middle names are completely distinct, these represent two different individuals who happen to share a common first and last name.",disqualify,ollama
Giuseppe Dell'aquila,Giuseppe Ming Dell'aquila,Giuseppe Dell'aquila,DISP_MIDDLE_NAME_CONFLICT,Middle names are irreconcilably different,"I am comparing the Client Name 'Giuseppe Dell'aquila' against the Candidate Hit 'Giuseppe Ming Dell'aquila'. Both records share the same given name 'Giuseppe' and the same surname 'Dell'aquila'. However, the Candidate Hit contains a middle name, 'Ming', which is entirely absent from the Client record. 'Ming' is a distinct, culturally specific name that does not appear to be an abbreviation, a typo, or a transliteration of any part of the client's name. In a compliance context, the presence of a completely different middle name—especially one from a different linguistic origin—indicates that these are two distinct individuals who happen to share a common first and last name. Therefore, this is a middle name conflict.",disqualify,ollama
Ania Guillermina Lastres Morera,Ania Guillermina Lastres Haddad,Ania Guillermina Lastres,DISP_SURNAME_CONFLICT,Surnames are entirely different names,"I am comparing the Client Name 'Ania Guillermina Lastres Morera' against the Candidate Hit 'Ania Guillermina Lastres Haddad'. Breaking this down token-by-token: the first name 'Ania', the middle name 'Guillermina', and the first surname 'Lastres' are identical in both records. However, looking at the second surname (common in Spanish-naming conventions), the client has 'Morera' while the candidate hit has 'Haddad'. 'Morera' and 'Haddad' are entirely different names with no phonetic similarity, no evidence of a typo, and no common transliteration link. Because the second surnames are irreconcilably different, these represent two distinct individuals who happen to share the same first three name components.",disqualify,ollama
Alireza Babaei Farsani,Alireza Babaei Choi,Alireza Babaei,DISP_SURNAME_CONFLICT,Surnames are entirely different names,"I am comparing the client 'Alireza Babaei Farsani' against the candidate hit 'Alireza Babaei Choi'. Breaking them down token by token: the first name 'Alireza' and the second name 'Babaei' are identical in both records. However, the final name tokens are 'Farsani' for the client and 'Choi' for the candidate. 'Farsani' is a Persian surname, whereas 'Choi' is a distinct Korean surname. These are not typos, transliteration variants, or abbreviations; they are entirely different family names belonging to different ethnic origins. Because the surnames are irreconcilably different, these represent two distinct individuals who happen to share a common given name and middle name.",disqualify,ollama
Ka On Kong,Ka On Wang,Ka On,DISP_SURNAME_CONFLICT,Surnames are entirely different names,"I am comparing the client 'Ka On Kong' against the hit 'Ka On Wang'. Breaking the names down token by token: the first two tokens 'Ka' and 'On' are identical in both records. However, when I look at the final token, which represents the surname, I see 'Kong' for the client and 'Wang' for the hit. While these names share a similar structure and ending sound, 'Kong' and 'Wang' are distinct and separate family names in Cantonese/Mandarin naming conventions. There is no evidence of a typo or transliteration variant here; these are two different surnames. Because the surnames are irreconcilably different, these records refer to two different individuals.",disqualify,ollama
Asma Al-Assad,Asma Jones,Asma,DISP_SURNAME_CONFLICT,Surnames are entirely different names,"I am comparing the client name 'Asma Al-Assad' against the candidate hit 'Asma Jones'. Looking at the first token, both names share the given name 'Asma', which is a common occurrence. However, when I evaluate the surnames, 'Al-Assad' and 'Jones' are entirely different names with no phonetic, linguistic, or clerical relationship. There is no evidence of a typo, transliteration variant, or name restructuring. The surnames indicate two completely distinct individuals who happen to share the same first name.",disqualify,ollama
Ahmad Adriss,Ahmad Chatterjee,Ahmad,DISP_SURNAME_CONFLICT,Surnames are entirely different names,"I am comparing the client name 'Ahmad Adriss' against the hit name 'Ahmad Chatterjee'. Starting with the first name, both records share 'Ahmad', which is a very common given name. However, when I look at the surnames, 'Adriss' and 'Chatterjee' are entirely different. They share no phonetic similarities, no common root, and are not transliteration variants of one another. These are two distinct surnames from different linguistic/cultural origins. Because the surnames are irreconcilably different, this is a case of coincidental first-name overlap between two different individuals.",disqualify,ollama
Abdul Mohamed Waked Fares,Abdul Mohamed Waked Miller,Abdul Mohamed Waked,DISP_SURNAME_CONFLICT,Surnames are entirely different names,"I am comparing the Client Name 'Abdul Mohamed Waked Fares' against the Candidate Hit 'Abdul Mohamed Waked Miller'. Breaking these down token-by-token, the first three names ('Abdul', 'Mohamed', and 'Waked') are identical in both records. However, when I reach the final token, which represents the surname/family name, I see 'Fares' for the client and 'Miller' for the hit. 'Fares' and 'Miller' are entirely different names with no phonetic similarity, no common transliteration overlap, and no indication of a typo. Because the surnames are irreconcilably different, these records refer to two distinct individuals who happen to share a common set of given and middle names.",disqualify,ollama
Alexander Khryakov,Alexander Garcia,Alexander,DISP_SURNAME_CONFLICT,Surnames are entirely different names,"I am comparing the Client Name 'Alexander Khryakov' against the Candidate Hit 'Alexander Garcia'. I start by reviewing the first names: both are 'Alexander', which is a common given name and represents a match. Next, I move to the surnames. The client's surname is 'Khryakov', which is of Slavic origin. The candidate's surname is 'Garcia', which is of Spanish/Portuguese origin. These two surnames are entirely different in spelling, origin, and phonetic structure. There is no evidence of a typo, transliteration variant, or phonetic similarity that would suggest these are the same person. The overlap is limited to a very common first name, while the surnames are irreconcilably different.",disqualify,ollama
Alexei Petrovich Shkadarevich,Shkadarevich Alexei Petrovich,Alexei Petrovich Shkadarevich,DISP_TOKEN_ORDER_SWAP,Name tokens in different sequence,"I am comparing the Client Name 'Alexei Petrovich Shkadarevich' against the Candidate Hit 'Shkadarevich Alexei Petrovich'. First, I identify the tokens in the client name: 'Alexei' (Given Name), 'Petrovich' (Patronymic/Middle Name), and 'Shkadarevich' (Surname). Looking at the candidate hit, I see the exact same three tokens: 'Shkadarevich', 'Alexei', and 'Petrovich'. The only difference is the sequence; the candidate hit lists the surname first, followed by the given name and patronymic. This is a common occurrence in regulatory databases where names are recorded as 'Surname, Given Name Middle Name'. Since all name components match exactly and only the order differs, this is a clear match.",escalate to analyst,ollama
Nelton Santiso Aguila,Nelton Nour Aguila,Nelton Aguila,DISP_MIDDLE_NAME_CONFLICT,Middle names are irreconcilably different,"I am comparing the client name 'Nelton Santiso Aguila' against the candidate hit 'Nelton Nour Aguila'. Breaking this down token-by-token: the first name 'Nelton' matches exactly. The last name 'Aguila' matches exactly. However, the middle names are 'Santiso' and 'Nour'. These two names are entirely different in origin, length, and phonetics. 'Santiso' is a distinct name and does not appear to be a typo, abbreviation, or transliteration variant of 'Nour'. Because the middle names are irreconcilably different, I am treating these as two distinct individuals who happen to share the same first and last name.",disqualify,ollama
Ronnayut Udomdet,Ronnayut Dubois,Ronnayut,DISP_SURNAME_CONFLICT,Surnames are entirely different names,"I am comparing the client name 'Ronnayut Udomdet' against the candidate hit 'Ronnayut Dubois'. I start by reviewing the first names: both are 'Ronnayut', which is an exact match. Next, I move to the surnames. The client's surname is 'Udomdet', which is of Thai origin. The candidate's surname is 'Dubois', which is of French origin. These two surnames are entirely different in spelling, origin, and phonetics. There is no evidence of a typo, transliteration difference, or alias here; they are two distinct family names. Because the surnames are irreconcilably different, I conclude that these are two different individuals who happen to share the same given name.",disqualify,ollama
Faycal Boughanemi,Faycal Boughnemi,Faycal Boughnemi,DISP_MINOR_TYPO,Single character typo or keyboard slip,"I am comparing the Client Name 'Faycal Boughanemi' against the Candidate Hit Name 'Faycal Boughnemi'. First, I look at the first names: both are identical ('Faycal'). Next, I examine the surnames. The client's surname is 'Boughanemi' and the hit's surname is 'Boughnemi'. Comparing them token-by-token, I notice that the only difference is a single character 'a' present in the client's name which is absent in the hit's name. This appears to be a minor clerical typo or a slight variation in how the name was recorded. Given the high degree of overlap and the nature of the difference, these are likely the same individual.",escalate to analyst,ollama
Zarakh Binsionovich Iliev,Zarakh Binsionovich Yoon,Zarakh Binsionovich,DISP_SURNAME_CONFLICT,Surnames are entirely different names,"I am comparing the Client Name 'Zarakh Binsionovich Iliev' against the Candidate Hit 'Zarakh Binsionovich Yoon'. I started by reviewing the given name and patronymic; both 'Zarakh' and 'Binsionovich' are identical in both records. However, when I look at the surnames, the client's surname is 'Iliev' while the hit's surname is 'Yoon'. These are two entirely different surnames from different linguistic and cultural origins (Slavic vs. Korean). There is no evidence of a typo, transliteration variant, or phonetic similarity between 'Iliev' and 'Yoon'. Because the surnames are irreconcilably different, these are two distinct individuals who happen to share a rare first name and patronymic.",disqualify,ollama
Habib Ben Ahmed Loubiri,Habib Ben Ahmed Popov,Habib Ben Ahmed,DISP_SURNAME_CONFLICT,Surnames are entirely different names,"I am comparing the client 'Habib Ben Ahmed Loubiri' against the candidate hit 'Habib Ben Ahmed Popov'. I start by reviewing the tokens from left to right. The first three tokens—'Habib', 'Ben', and 'Ahmed'—are identical in both records. However, when I reach the final token, which represents the surname, I see 'Loubiri' for the client and 'Popov' for the candidate. These are two entirely different surnames with no phonetic similarity, common transliteration variants, or clerical overlap. While the given names and patronymics match, the irreconcilable difference in the family name indicates that these are two distinct individuals who happen to share a common first and middle name combination.",disqualify,ollama
Matthias Warnig,Matthias Warng,Matthias Warn,DISP_MINOR_TYPO,Single character typo or keyboard slip,"I am comparing the client name 'Matthias Warnig' against the candidate hit 'Matthias Warng'. First, I look at the given names: both records share 'Matthias' exactly. Next, I examine the surnames. The client surname is 'Warnig' and the hit surname is 'Warng'. I observe that the hit surname is missing only a single letter ('i') from the client's surname. This appears to be a classic clerical omission or a keyboard slip during data entry rather than a different surname entirely. Given the identical first name and the near-identical surname, this is highly likely to be the same individual.",escalate to analyst,ollama
Fredi Ismael Garcia Sandoval,Fredi Ismael Garcia Nakamura,Fredi Ismael Garcia,DISP_SURNAME_CONFLICT,Surnames are entirely different names,"I am comparing the Client Name 'Fredi Ismael Garcia Sandoval' against the Candidate Hit Name 'Fredi Ismael Garcia Nakamura'. Breaking these down token-by-token: the first name 'Fredi', the middle name 'Ismael', and the first surname 'Garcia' are identical in both records. However, in Spanish-naming conventions, individuals typically carry two surnames (paternal and maternal). The client's second surname is 'Sandoval', whereas the candidate hit's second surname is 'Nakamura'. 'Sandoval' and 'Nakamura' are entirely different names with no phonetic or clerical similarity, indicating these are two distinct individuals who happen to share the same given names and first surname. Because the final surnames are irreconcilably different, this is a false positive.",disqualify,ollama
Dmitriy Chastuhin,Dmitriy Amara Chastuhin,Dmitriy Chastuhin,DISP_MIDDLE_NAME_CONFLICT,Middle names are irreconcilably different,"I am comparing the client 'Dmitriy Chastuhin' against the candidate hit 'Dmitriy Amara Chastuhin'. Both records share the same first name 'Dmitriy' and the same surname 'Chastuhin'. However, the candidate hit contains an additional name, 'Amara', in the middle position. In the context of this review, 'Amara' is not a common patronymic or a known abbreviation for a middle name associated with the client. Because the candidate hit includes a specific, irreconcilable middle name that is entirely absent from the client's profile, I am treating these as two distinct individuals who happen to share a first and last name. The presence of a conflicting middle name is sufficient to differentiate the two parties.",disqualify,ollama
Adebayo Okafor,Adebayo Nath Okafor,Adebayo Okafor,DISP_MIDDLE_NAME_CONFLICT,Middle names are irreconcilably different,"I am comparing the client 'Adebayo Okafor' against the hit 'Adebayo Nath Okafor'. Breaking the names down token-by-token: the first name 'Adebayo' matches exactly, and the surname 'Okafor' matches exactly. However, the hit name contains a middle name, 'Nath', which is entirely absent from the client's profile. In this specific screening context, the presence of a distinct middle name 'Nath' indicates that these are two different individuals who happen to share a common first and last name. Because there is no evidence that 'Nath' is an abbreviation or a typo of a name present in the client record, I treat this as a middle name conflict identifying a distinct person.",disqualify,ollama
Asghar Mir-Hejazi,Asghar Lawrence Mir-Hejazi,Asghar Mir-Hejazi,DISP_MIDDLE_NAME_CONFLICT,Middle names are irreconcilably different,"I am comparing the client 'Asghar Mir-Hejazi' against the candidate hit 'Asghar Lawrence Mir-Hejazi'. Breaking this down token-by-token: the first name 'Asghar' matches exactly. The surname 'Mir-Hejazi' matches exactly. However, the candidate hit contains a middle name, 'Lawrence', which is entirely absent from the client's name. In this context, 'Lawrence' is a distinct Western given name that does not appear to be a variation, abbreviation, or transliteration of any part of the client's name. The presence of an irreconcilable middle name indicates that these are two different individuals who happen to share the same first and last names.",disqualify,ollama
Konstantin Kudryavtsev,Konstantin Chatterjee,Konstantin,DISP_SURNAME_CONFLICT,Surnames are entirely different names,"I am comparing the client name 'Konstantin Kudryavtsev' against the hit name 'Konstantin Chatterjee'. I start by looking at the first names; both share the given name 'Konstantin', which is a common name. I then move to the surnames. The client's surname is 'Kudryavtsev', which is of Slavic origin. The candidate hit's surname is 'Chatterjee', which is of Indian origin. These two surnames are entirely different in origin, spelling, and sound. There is no evidence of a typo, transliteration variant, or phonetic similarity between 'Kudryavtsev' and 'Chatterjee'. Because the surnames are irreconcilably different, these are two distinct individuals who happen to share a common first name.",disqualify,ollama
Nematollah Bagheri,Nematollah Edward Bagheri,Nematollah Bagheri,DISP_MIDDLE_NAME_CONFLICT,Middle names are irreconcilably different,"I am comparing the client 'Nematollah Bagheri' against the candidate hit 'Nematollah Edward Bagheri'. Both names share the same first name ('Nematollah') and the same surname ('Bagheri'). However, the candidate hit includes a middle name, 'Edward', which is entirely absent from the client's profile. In the context of this specific review, 'Edward' is an Anglo-Saxon name that is irreconcilably different from the expected naming conventions of the client's cultural background. The presence of a distinct, conflicting middle name indicates that these are two different individuals who happen to share a first and last name, rather than a case of a name being omitted or abbreviated.",disqualify,ollama
Nazar Jumah Ali Al-Qasir,Nazar Jumah Ali Brown,Nazar Jumah Ali,DISP_SURNAME_CONFLICT,Surnames are entirely different names,"I am comparing the client name 'Nazar Jumah Ali Al-Qasir' against the candidate hit 'Nazar Jumah Ali Brown'. Looking at the names token-by-token, the first three components ('Nazar', 'Jumah', and 'Ali') are an exact match across both records. However, when I reach the final token—the surname—there is a complete conflict. The client's surname is 'Al-Qasir', while the candidate hit's surname is 'Brown'. These are two entirely different family names from different linguistic and cultural origins. Despite the coincidental overlap of the given and middle names, the irreconcilable difference in the surnames indicates that these are two distinct individuals.",disqualify,ollama
Eric Badege,Eric Badeeg,Eric Badege,DISP_MINOR_TYPO,Single character typo or keyboard slip,"I am comparing the client name 'Eric Badege' against the candidate hit 'Eric Badeeg'. First, I look at the first names: 'Eric' matches 'Eric' exactly. Next, I examine the surnames: 'Badege' versus 'Badeeg'. Both surnames share the same root and the same letters, but the final two characters ('ge' vs 'eg') are transposed. This appears to be a classic clerical keyboard slip or a minor typo during data entry. Given that the first name is identical and the surname is nearly identical with only a character swap at the end, these are likely the same individual.",escalate to analyst,ollama
Ksenia Alexandrovna Goryacheva,Ksenia Hamza Goryacheva,Ksenia Goryacheva,DISP_MIDDLE_NAME_CONFLICT,Middle names are irreconcilably different,"I am comparing the Client Name 'Ksenia Alexandrovna Goryacheva' against the Candidate Hit 'Ksenia Hamza Goryacheva'. First, I look at the given name: 'Ksenia' matches exactly in both records. Next, I look at the surname: 'Goryacheva' matches exactly in both records. Finally, I examine the middle name/patronymic. The client has the Russian patronymic 'Alexandrovna', whereas the candidate hit has the name 'Hamza'. These two middle names are entirely different in origin, sound, and structure; 'Alexandrovna' is a traditional Slavic patronymic, while 'Hamza' is an Arabic given name. There is no evidence of a typo, abbreviation, or transliteration variant that could link these two names. Because the middle names are irreconcilably different, I conclude these are two distinct individuals who happen to share the same first and last name.",disqualify,ollama
Yuri Viktorovich Pichugin,Yuri Jun Pichugin,Yuri Pichugin,DISP_MIDDLE_NAME_CONFLICT,Middle names are irreconcilably different,"I am comparing the client 'Yuri Viktorovich Pichugin' against the candidate 'Yuri Jun Pichugin'. Both names share the same first name ('Yuri') and the same surname ('Pichugin'). However, I am looking closely at the middle name. The client has the patronymic 'Viktorovich', which is typical for Russian naming conventions. The candidate hit has the middle name 'Jun'. These two names are entirely different in origin, sound, and structure; 'Jun' is not an abbreviation, typo, or transliteration variant of 'Viktorovich'. Because the middle names are irreconcilably different, these represent two distinct individuals who happen to share a common first and last name.",disqualify,ollama
Sandeep Singh Choudhary,Sandep Singh Choudhary,Singh Choudhary,DISP_MINOR_TYPO,Single character typo or keyboard slip,"I am comparing the client name 'Sandeep Singh Choudhary' against the hit name 'Sandep Singh Choudhary'. Looking at the first token, 'Sandeep' vs 'Sandep', I see that the only difference is a single missing 'e'. This appears to be a common clerical typo or a minor spelling variation of the same given name. The second token 'Singh' is an exact match in both records. The third token 'Choudhary' is also an exact match in both records. Given that the middle and last names are identical and the first name differs by only one character, these two records refer to the same individual.",escalate to analyst,ollama
Hassan Yariisow Aadan,Aadan Hassan Yariisow,Hassan Yariisow Aadan,DISP_TOKEN_ORDER_SWAP,Name tokens in different sequence,"I am comparing the Client Name 'Hassan Yariisow Aadan' against the Candidate Hit 'Aadan Hassan Yariisow'. I can see that all three name tokens—'Hassan', 'Yariisow', and 'Aadan'—are present in both records. The only difference is the sequence in which they appear. In the client record, 'Aadan' is positioned as the final name, whereas in the candidate hit, 'Aadan' is positioned as the first name. Given that name ordering often varies by jurisdiction or data entry preference (Given Name first vs Surname first), this is a clear case of a token order swap. There are no spelling discrepancies or conflicting names present.",escalate to analyst,ollama
Chol Ung Nam,Chol Ung Fischer,Chol Ung,DISP_SURNAME_CONFLICT,Surnames are entirely different names,"I am comparing the client 'Chol Ung Nam' against the candidate hit 'Chol Ung Fischer'. Breaking the names down token by token, both names share the first two components: 'Chol' and 'Ung'. However, when I reach the final token, which represents the surname, I find a complete conflict. The client's surname is 'Nam', whereas the hit's surname is 'Fischer'. 'Nam' and 'Fischer' are entirely different names from different linguistic origins and cannot be reconciled as typos, transliterations, or abbreviations. Because the surnames are irreconcilably different, these are two distinct individuals who happen to share the same given names.",disqualify,ollama
Muhammad Jamal 'abd-Al Rahim Ahmad Al-Kashif,Mohammed Jamal 'abd-Al Rahim Ahmad Al-Kashif,Jamal 'abd-Al Rahim Ahmad Al-Kashif,DISP_TRANSLITERATION_VARIANT,"Same name, different transliteration standard","I am comparing the client name 'Muhammad Jamal 'abd-Al Rahim Ahmad Al-Kashif' against the hit name 'Mohammed Jamal 'abd-Al Rahim Ahmad Al-Kashif'. Breaking these down token-by-token: the first names 'Muhammad' and 'Mohammed' are classic transliteration variants of the same Arabic name. Every other token in the string—'Jamal', ''abd-Al Rahim', 'Ahmad', and 'Al-Kashif'—is an identical match in both spelling and sequence. Given that the vast majority of the name is an exact match and the only difference is a common vowel variation in the first name, these refer to the same individual.",escalate to analyst,ollama
Carlos Alvares,Carlos Traore,Carlos,DISP_SURNAME_CONFLICT,Surnames are entirely different names,"I am comparing the client name 'Carlos Alvares' against the candidate hit 'Carlos Traore'. Breaking these down token-by-token: the first names are an exact match ('Carlos'). However, when I look at the surnames, 'Alvares' and 'Traore' are entirely different names with no phonetic similarity, common transliteration overlap, or clerical resemblance. 'Alvares' is typically of Iberian origin, while 'Traore' is typically of West African origin. Because the surnames are irreconcilably different, these represent two distinct individuals who happen to share a common first name.",disqualify,ollama
Abdul Majeed,Abdul Kim,Abdul,DISP_SURNAME_CONFLICT,Surnames are entirely different names,"I am comparing the Client Name 'Abdul Majeed' against the Candidate Hit Name 'Abdul Kim'. Looking at the first token, both names share the given name 'Abdul'. However, when I move to the second token, the surnames are 'Majeed' and 'Kim'. 'Majeed' is an Arabic surname, whereas 'Kim' is a common Korean surname. These two surnames are entirely different in origin, phonetics, and spelling. There is no evidence of a typo or transliteration variant here; they are two distinct family names. Since the surnames are irreconcilably different, these represent two different individuals.",disqualify,ollama
Edgar Alfonso Corona Robles,Edgar Corona Robles,Edgar Corona Robles,DISP_MIDDLE_NAME_OMITTED,Middle name absent from one record,"I am comparing the Client Name 'Edgar Alfonso Corona Robles' against the Candidate Hit Name 'Edgar Corona Robles'. Starting with the first name, 'Edgar' is an exact match in both records. Moving to the surnames, 'Corona Robles' appears identically at the end of both name strings, suggesting a shared paternal and maternal surname structure common in Spanish-naming conventions. The only difference is the presence of the middle name 'Alfonso' in the client record, which is entirely absent from the candidate hit record. In compliance screening, the omission of a middle name does not disqualify a match, as different databases often record names with varying levels of detail. Because the first name and both surnames match perfectly, this is a strong potential match.",escalate to analyst,ollama
Stefan Anton Wolf,Stefan Anton Garcia,Stefan Anton,DISP_SURNAME_CONFLICT,Surnames are entirely different names,"I am comparing the client name 'Stefan Anton Wolf' against the hit name 'Stefan Anton Garcia'. Breaking these down token-by-token: the first names 'Stefan' and the middle names 'Anton' are identical in both records. However, when I evaluate the surnames, I find 'Wolf' and 'Garcia'. These are two entirely different surnames with no phonetic similarity, no common transliteration roots, and no evidence of a typo. Since the surname is the primary identifier for distinguishing individuals with common given names, this conflict indicates that these are two distinct persons.",disqualify,ollama
Pooja Mukherjee,Pooja Alexander Mukherjee,Pooja Mukherjee,DISP_MIDDLE_NAME_CONFLICT,Middle names are irreconcilably different,"I am comparing the Client Name 'Pooja Mukherjee' against the Candidate Hit 'Pooja Alexander Mukherjee'. Both names share the first name 'Pooja' and the surname 'Mukherjee'. However, the candidate hit contains a middle name, 'Alexander', which is completely absent from the client record. In the context of this specific alert, the presence of a distinct, formal middle name like 'Alexander'—which does not align with the typical naming conventions of the client's cultural background—indicates that these are two different individuals who happen to share a common first and last name. Because the middle name introduces a conflict that suggests a distinct identity rather than a simple omission, I am treating this as a conflict.",disqualify,ollama
Fatos Hysa,Fatos Martinez,Fatos,DISP_SURNAME_CONFLICT,Surnames are entirely different names,"I am comparing the client name 'Fatos Hysa' against the candidate hit 'Fatos Martinez'. Looking at the first names, both are 'Fatos', which is a match. However, when I move to the surnames, I see 'Hysa' for the client and 'Martinez' for the hit. These are two entirely different surnames with no phonetic similarity, no common transliteration roots, and no indication of a typo. They represent distinct family lineages. Because the surnames are irreconcilably different, this is a clear case of two different individuals who happen to share a first name.",disqualify,ollama
Byron Aladino Mero Bermello,Byron Aladino Mero Williams,Byron Aladino Mero,DISP_SURNAME_CONFLICT,Surnames are entirely different names,"I am comparing the client 'Byron Aladino Mero Bermello' against the candidate hit 'Byron Aladino Mero Williams'. I will evaluate this token by token. The first three tokens—the given name 'Byron' and the middle names 'Aladino' and 'Mero'—are an exact match across both records. However, when I reach the final token, which represents the primary surname, I see 'Bermello' for the client and 'Williams' for the hit. These are two entirely different surnames with no phonetic similarity, no common root, and no evidence of a typo or transliteration variant. While the first three names are coincidental matches, the conflict in the surname indicates these are two distinct individuals.",disqualify,ollama
Alexander Mikhailovich Strelyukhin,Strelyukhin Alexander Mikhailovich,Alexander Mikhailovich Strelyukhin,DISP_TOKEN_ORDER_SWAP,Name tokens in different sequence,"I am comparing the Client Name 'Alexander Mikhailovich Strelyukhin' against the Candidate Hit 'Strelyukhin Alexander Mikhailovich'. I first identify the tokens in the client name: 'Alexander' (Given Name), 'Mikhailovich' (Patronymic), and 'Strelyukhin' (Surname). Looking at the candidate hit, I see the exact same three tokens: 'Strelyukhin', 'Alexander', and 'Mikhailovich'. The only difference is the sequence; the hit record lists the surname first, followed by the given name and patronymic. This is a common occurrence in database records where the format is Surname, First Name, Middle Name. Since all name components match exactly and only the order differs, this is a clear token order swap.",escalate to analyst,ollama
Vyacheslav Aleksandrovich Tyurin,Vyacheslav Aleksandrovich Jeong,Vyacheslav Aleksandrovich,DISP_SURNAME_CONFLICT,Surnames are entirely different names,"I am comparing the Client Name 'Vyacheslav Aleksandrovich Tyurin' against the Candidate Hit 'Vyacheslav Aleksandrovich Jeong'. Breaking the names down token-by-token: The first name 'Vyacheslav' is an exact match. The patronymic/middle name 'Aleksandrovich' is also an exact match. However, when I look at the surnames, 'Tyurin' and 'Jeong' are entirely different. 'Tyurin' is a Slavic surname, whereas 'Jeong' is a Korean surname. There is no phonetic similarity, transliteration overlap, or clerical typo that could link these two surnames. Despite the identical first and middle names, the surnames indicate these are two distinct individuals from different ethnic/linguistic backgrounds.",disqualify,ollama
Jesus Gerardo Chavez Tamayo,Jesus Gerardo Chavez Ivanov,Jesus Gerardo Chavez,DISP_SURNAME_CONFLICT,Surnames are entirely different names,"I am comparing the Client Name 'Jesus Gerardo Chavez Tamayo' against the Candidate Hit Name 'Jesus Gerardo Chavez Ivanov'. Looking at the tokens, the first three names match exactly: 'Jesus', 'Gerardo', and 'Chavez'. However, I must evaluate the final surname. The client's second surname is 'Tamayo', which is of Spanish origin. The candidate hit's second surname is 'Ivanov', which is a distinct Slavic surname. These two surnames are irreconcilably different and do not share any phonetic or clerical similarities. Given that the surnames are entirely different, this indicates two distinct individuals who happen to share the same first and middle names. Therefore, this is a false positive.",disqualify,ollama
Aung Lin Dwe,Aung Lin Suzuki,Aung Lin,DISP_SURNAME_CONFLICT,Surnames are entirely different names,"I am comparing the client 'Aung Lin Dwe' against the candidate hit 'Aung Lin Suzuki'. Breaking the names down token-by-token: the first two tokens 'Aung' and 'Lin' are an exact match in both records. However, when I look at the final token, which serves as the surname/family name, the client has 'Dwe' while the hit has 'Suzuki'. These are two entirely different names from different linguistic and cultural origins. There is no evidence of a typo, transliteration variant, or abbreviation here. Because the surnames are irreconcilably different, these represent two distinct individuals who happen to share a common given name combination.",disqualify,ollama
Jamal Mustafa Abdallah Sultan Al-Tikriti,Jamal Mustafa Abdallah Sultan Ferrari,Jamal Mustafa Abdallah Sultan,DISP_SURNAME_CONFLICT,Surnames are entirely different names,"I am comparing the client name 'Jamal Mustafa Abdallah Sultan Al-Tikriti' against the hit name 'Jamal Mustafa Abdallah Sultan Ferrari'. I started by reviewing the names token-by-token from left to right. The first four tokens—Jamal, Mustafa, Abdallah, and Sultan—are identical in both records, indicating a strong overlap in the given and middle name sequence. However, when I reach the final token (the surname), there is a complete divergence. The client's surname is 'Al-Tikriti', which is a regional/tribal identifier from Iraq, whereas the hit's surname is 'Ferrari', which is of Italian origin. These two surnames are irreconcilably different and do not share any phonetic or linguistic commonality. Despite the coincidental overlap of the first four names, the distinct surnames indicate these are two different individuals.",disqualify,ollama
Svetlana Sergeevna Zhurova,Svetlana Sergeevna Yang,Svetlana Sergeevna,DISP_SURNAME_CONFLICT,Surnames are entirely different names,"I am comparing the Client Name 'Svetlana Sergeevna Zhurova' against the Candidate Hit 'Svetlana Sergeevna Yang'. Breaking the names down token-by-token: the first names are an exact match ('Svetlana') and the patronymics are an exact match ('Sergeevna'). However, when I look at the surnames, 'Zhurova' and 'Yang' are entirely different. They share no common phonetic roots, letters, or transliteration patterns. While the given name and patronymic are identical, the surnames indicate these are two distinct individuals from different linguistic/ethnic backgrounds. The surname conflict is irreconcilable.",disqualify,ollama
Abdullah Yahya Al Hakim,Abdullah Yahya Al Smirnov,Abdullah Yahya Al,DISP_SURNAME_CONFLICT,Surnames are entirely different names,"I began by comparing the names token by token. The first name 'Abdullah' and the middle name 'Yahya' match perfectly across both records. The prefix 'Al' is also present in both. However, when I reached the final token (the surname), I found a complete conflict. The client's surname is 'Hakim', while the candidate hit's surname is 'Smirnov'. These are two entirely different names from different linguistic and cultural origins (Arabic vs. Slavic). There is no evidence of a typo, transliteration variant, or phonetic similarity between 'Hakim' and 'Smirnov'. Because the surnames are irreconcilably different, these are two distinct individuals.",disqualify,ollama
Sergey Nikolayevich Muratov,Sergey Chandra Muratov,Sergey Muratov,DISP_MIDDLE_NAME_CONFLICT,Middle names are irreconcilably different,"I am comparing the client 'Sergey Nikolayevich Muratov' against the hit 'Sergey Chandra Muratov'. Both names share the same given name 'Sergey' and the same surname 'Muratov'. However, I am looking closely at the middle name. The client has the middle name 'Nikolayevich', which is a traditional Russian patronymic. The candidate hit has the middle name 'Chandra', which is of a completely different linguistic and cultural origin. These two middle names are irreconcilably different and cannot be explained by a typo, abbreviation, or transliteration variant. This indicates that the two records refer to two distinct individuals who happen to share a common first and last name.",disqualify,ollama
Jing Song,Jing Nour Song,Jing Song,DISP_MIDDLE_NAME_CONFLICT,Middle names are irreconcilably different,"I am comparing the client name 'Jing Song' against the candidate hit 'Jing Nour Song'. Both records share the first name 'Jing' and the surname 'Song'. However, the candidate hit contains an additional middle name, 'Nour'. In the context of name screening, the presence of a distinct, irreconcilable middle name like 'Nour'—which does not appear as an initial or a known variant in the client's profile—indicates that these are two different individuals who happen to share a common first and last name. The addition of a specific middle name creates a conflict that distinguishes the hit from the client.",disqualify,ollama
Jesus Ramon Fernandez Alayon,Jesus Ramon Fernandez Ivanov,Jesus Ramon Fernandez,DISP_SURNAME_CONFLICT,Surnames are entirely different names,"I am comparing the client 'Jesus Ramon Fernandez Alayon' against the candidate hit 'Jesus Ramon Fernandez Ivanov'. I will evaluate the names token-by-token. The first three tokens ('Jesus', 'Ramon', and 'Fernandez') are identical in both records. However, when I reach the final surname token, I see 'Alayon' for the client and 'Ivanov' for the hit. These are two entirely different surnames from different linguistic and cultural origins (Spanish vs. Slavic). In a multi-surname naming convention, the final surname is a critical identifier. Because 'Alayon' and 'Ivanov' are irreconcilably different and not the result of a typo or transliteration variant, these represent two distinct individuals who happen to share common first and middle names.",disqualify,ollama
Aleksey Petrovich Sosonnyy,Aleksey Petrovich Kabbaj,Aleksey Petrovich,DISP_SURNAME_CONFLICT,Surnames are entirely different names,"I am comparing the client 'Aleksey Petrovich Sosonnyy' against the hit 'Aleksey Petrovich Kabbaj'. Breaking this down token-by-token: The first names match exactly ('Aleksey'). The patronymics/middle names match exactly ('Petrovich'). However, when I look at the surnames, 'Sosonnyy' and 'Kabbaj' are entirely different. They share no phonetic similarities, are not transliteration variants of one another, and represent completely different linguistic origins. Because the surnames are irreconcilably different, these are two distinct individuals who happen to share a common first name and patronymic.",disqualify,ollama
Vladislav Ivanov Goranov,Vladislav Ivanov Dubois,Vladislav Ivanov,DISP_SURNAME_CONFLICT,Surnames are entirely different names,"I am comparing the client 'Vladislav Ivanov Goranov' against the candidate hit 'Vladislav Ivanov Dubois'. Starting with the first name, 'Vladislav' matches exactly. Moving to the second token, 'Ivanov' matches exactly in both records. However, when I evaluate the final token—the surname—I see 'Goranov' for the client and 'Dubois' for the candidate. These are two entirely different surnames from different linguistic and cultural origins (Slavic vs. French). Since the surnames are irreconcilably different, this indicates that these are two distinct individuals who happen to share a common first name and patronymic/middle name. There is no evidence of a typo, transliteration variant, or name restructuring here.",disqualify,ollama
Oksana Nikolayevna Fadina,Oksana Nikolayevna Smith,Oksana Nikolayevna,DISP_SURNAME_CONFLICT,Surnames are entirely different names,"I am comparing the Client Name 'Oksana Nikolayevna Fadina' against the Candidate Hit Name 'Oksana Nikolayevna Smith'. Breaking the names down token-by-token: the first name 'Oksana' matches exactly. The patronymic/middle name 'Nikolayevna' also matches exactly. However, when I look at the surnames, the client is 'Fadina' and the hit is 'Smith'. These are two entirely different surnames from different linguistic and cultural origins. There is no evidence of a typo, transliteration variant, or phonetic similarity between 'Fadina' and 'Smith'. Therefore, despite the coincidental match of the first and middle names, the distinct surnames indicate these are two different individuals.",disqualify,ollama
Benjamin Alberto Arellano Felix,Benjamin Alberto Arellano Traore,Benjamin Alberto Arellano,DISP_SURNAME_CONFLICT,Surnames are entirely different names,"I am comparing the client 'Benjamin Alberto Arellano Felix' against the hit 'Benjamin Alberto Arellano Traore'. Breaking these down token-by-token: the first name 'Benjamin', the middle name 'Alberto', and the first surname 'Arellano' are identical in both records. However, looking at the final surname, the client is 'Felix' while the hit is 'Traore'. These are two entirely different surnames with no phonetic similarity, no common transliteration variants, and no evidence of a typo. In jurisdictions with double surnames, the second surname is a critical identifier. Because the final surnames are irreconcilably different, these represent two distinct individuals who happen to share a common first and middle name sequence.",disqualify,ollama
Adnan Mahmoud Youssef,Adnan Mahmoud Brown,Adnan Mahmoud,DISP_SURNAME_CONFLICT,Surnames are entirely different names,"I am comparing the Client Name 'Adnan Mahmoud Youssef' against the Candidate Hit 'Adnan Mahmoud Brown'. I started by reviewing the first name, 'Adnan', which is an exact match. I then looked at the middle name, 'Mahmoud', which is also an exact match. However, when comparing the surnames, the client has the surname 'Youssef' while the hit has the surname 'Brown'. These are two entirely different family names with no phonetic similarity, transliteration overlap, or clerical relation. While the first and middle names are identical, the conflict in the surname indicates that these are two distinct individuals.",disqualify,ollama
Igor Valerievich Lavrenkov,Igor Ming Lavrenkov,Igor Lavrenkov,DISP_MIDDLE_NAME_CONFLICT,Middle names are irreconcilably different,"I am comparing the client 'Igor Valerievich Lavrenkov' against the hit 'Igor Ming Lavrenkov'. First, I look at the given name: 'Igor' matches exactly in both records. Next, I examine the surname: 'Lavrenkov' matches exactly in both records. Finally, I evaluate the middle name/patronymic. The client has the Russian patronymic 'Valerievich', whereas the hit has the name 'Ming'. These two middle names are irreconcilably different; 'Valerievich' is a traditional Slavic patronymic, while 'Ming' is a distinct given name of East Asian origin. There is no evidence of a typo, abbreviation, or transliteration variant that could link these two names. Because the middle names are fundamentally different, I conclude these are two distinct individuals who happen to share the same first and last name.",disqualify,ollama
Andrei Alekseevich Rybakov,Andrei Hussein Rybakov,Andrei Rybakov,DISP_MIDDLE_NAME_CONFLICT,Middle names are irreconcilably different,"I am comparing the Client Name 'Andrei Alekseevich Rybakov' against the Candidate Hit 'Andrei Hussein Rybakov'. First, I look at the given name: both are 'Andrei', which is a match. Next, I look at the surname: both are 'Rybakov', which is a match. Finally, I examine the middle name/patronymic. The client has 'Alekseevich', which is a traditional Slavic patronymic. The candidate hit has 'Hussein', which is an Arabic name. These two middle names are irreconcilably different in origin, phonetics, and meaning. They do not represent a typo, an abbreviation, or a transliteration variant of the same name. Therefore, I am looking at two different individuals who happen to share the same first and last name.",disqualify,ollama
Pahlawan Rozi,Pahlawan Chen,Pahlawan,DISP_SURNAME_CONFLICT,Surnames are entirely different names,"I am comparing the Client Name 'Pahlawan Rozi' against the Candidate Hit Name 'Pahlawan Chen'. Breaking the names down token-by-token: the first name 'Pahlawan' is an exact match in both records. However, I then look at the surnames. The client's surname is 'Rozi', while the candidate hit's surname is 'Chen'. These are two entirely different surnames with no phonetic similarity, no common transliteration patterns, and no evidence of a typo. Because the surnames are irreconcilably different, I am confident these represent two distinct individuals who happen to share a first name.",disqualify,ollama
Xhezair Shaqiri,Xhezair Hansen,Xhezair,DISP_SURNAME_CONFLICT,Surnames are entirely different names,"I am comparing the client name 'Xhezair Shaqiri' against the candidate hit 'Xhezair Hansen'. Breaking the names down token-by-token: the first names are an exact match ('Xhezair'). However, I then look at the surnames. The client's surname is 'Shaqiri', which is of Albanian origin, while the candidate's surname is 'Hansen', which is of Scandinavian origin. These two surnames are entirely different in spelling, origin, and sound. There is no evidence of a typo, transliteration variant, or phonetic similarity between 'Shaqiri' and 'Hansen'. Since the surnames are irreconcilably different, these represent two distinct individuals who happen to share the same first name.",disqualify,ollama
Zabi Vahap,Vahap Zabi,Zabi Vahap,DISP_TOKEN_ORDER_SWAP,Name tokens in different sequence,"I am comparing the Client Name 'Zabi Vahap' against the Candidate Hit Name 'Vahap Zabi'. Looking at the tokens, the client has 'Zabi' as the first name and 'Vahap' as the surname. In the hit name, 'Vahap' appears first and 'Zabi' appears second. Both names contain the exact same two tokens; they are simply presented in a different sequence. This is a common occurrence in screening where some databases record names as 'Surname, Given Name' while others use 'Given Name, Surname'. Because the tokens are identical and only the order differs, this is a strong match.",escalate to analyst,ollama
Gholamreza Mahmoudi,Gholamreza Petrov,Gholamreza,DISP_SURNAME_CONFLICT,Surnames are entirely different names,"I am comparing the Client Name 'Gholamreza Mahmoudi' against the Candidate Hit Name 'Gholamreza Petrov'. Breaking this down token-by-token: the first names are an exact match ('Gholamreza'). However, when I look at the surnames, 'Mahmoudi' and 'Petrov' are entirely different names with no phonetic or orthographic similarity. 'Mahmoudi' is of Persian/Arabic origin, while 'Petrov' is a common Slavic surname. There is no evidence of a typo, transliteration variant, or nickname here; these are two distinct family names. Because the surnames are irreconcilably different, this is a clear case of two different individuals who happen to share a first name.",disqualify,ollama
Siarhei Charheika,Siarhei U. Charheika,Siarhei Charheika,DISP_MIDDLE_NAME_OMITTED,Middle name absent from one record,"I am comparing the client name 'Siarhei Charheika' against the hit 'Siarhei U. Charheika'. First, I look at the given name: 'Siarhei' matches exactly in both records. Next, I look at the surname: 'Charheika' matches exactly in both records. The only difference is the presence of a middle initial 'U.' in the candidate hit name, which is absent from the client record. In AML screening, the omission of a middle name or initial is a common occurrence between different data sources and does not indicate a different person when the first and last names are identical. Therefore, this is a likely match.",escalate to analyst,ollama
Freyner Alfonso Ramirez Garcia,Freyner Alfonso Ramirez Jeong,Freyner Alfonso Ramirez,DISP_SURNAME_CONFLICT,Surnames are entirely different names,"I am comparing the client 'Freyner Alfonso Ramirez Garcia' against the candidate hit 'Freyner Alfonso Ramirez Jeong'. Breaking the names down token by token: the first name 'Freyner', the middle name 'Alfonso', and the first surname 'Ramirez' are identical in both records. However, looking at the final surname, the client has 'Garcia' (a common Spanish surname) while the candidate hit has 'Jeong' (a common Korean surname). These two surnames are irreconcilably different and belong to entirely different linguistic and cultural origins. Even though three of the four name tokens match, the conflict in the final surname indicates that these are two distinct individuals who happen to share a common set of given and first surnames.",disqualify,ollama
Mohammad Al-Otaibi,Mohammad Wu,Mohammad,DISP_SURNAME_CONFLICT,Surnames are entirely different names,"I am comparing the Client Name 'Mohammad Al-Otaibi' against the Candidate Hit 'Mohammad Wu'. Breaking these down token by token: the first names are an exact match ('Mohammad'). However, when I look at the surnames, 'Al-Otaibi' is a distinct Arabic family name, whereas 'Wu' is a distinct East Asian surname. There is no phonetic similarity, transliteration overlap, or clerical error that could link these two surnames. They are irreconcilably different, indicating that these are two entirely different individuals who happen to share a common first name.",disqualify,ollama
Mireille Chahine,Mireille Rodriguez,Mireille,DISP_SURNAME_CONFLICT,Surnames are entirely different names,"I am comparing the client name 'Mireille Chahine' against the candidate hit 'Mireille Rodriguez'. First, I look at the given names: both records share the first name 'Mireille', which is an exact match. Next, I examine the surnames. The client's surname is 'Chahine', while the candidate's surname is 'Rodriguez'. These two surnames are entirely different in origin, spelling, and sound. There is no evidence of a typo, transliteration variant, or phonetic similarity that would suggest these are the same person. The overlap is limited to a common first name, but the irreconcilable difference in surnames indicates these are two distinct individuals.",disqualify,ollama
Antonio Oseguera Cervantes,Antonio O. Cervantes,Antonio O. Cervantes,DISP_MIDDLE_NAME_ABBREVIATED,Middle name shortened to initial,"I am comparing the Client Name 'Antonio Oseguera Cervantes' against the Candidate Hit Name 'Antonio O. Cervantes'. First, I look at the first name: 'Antonio' matches exactly in both records. Next, I examine the middle name: the client has 'Oseguera', while the hit has the initial 'O.'. This is a common recording practice where a middle name is abbreviated to a single letter. Finally, I look at the surname: 'Cervantes' matches exactly in both records. Since the first and last names are identical and the middle name is simply abbreviated, these appear to be the same individual.",escalate to analyst,ollama
Nikola Brkic,Nikola Raymond Brkic,Nikola Brkic,DISP_MIDDLE_NAME_CONFLICT,Middle names are irreconcilably different,"I am comparing the Client Name 'Nikola Brkic' against the Candidate Hit 'Nikola Raymond Brkic'. Both names share the same first name ('Nikola') and the same surname ('Brkic'). However, the Candidate Hit contains a specific middle name, 'Raymond', which is entirely absent from the Client Name. In this specific screening context, the presence of a distinct middle name indicates that these are two different individuals who happen to share a common first and last name. Because the middle name 'Raymond' creates a conflict in identity rather than a simple omission or abbreviation, I am treating this as a distinct person.",disqualify,ollama
Viviana Gomez Gomez,Viviana Gomez Chen,Viviana Gomez,DISP_SURNAME_CONFLICT,Surnames are entirely different names,"I am comparing the Client Name 'Viviana Gomez Gomez' against the Candidate Hit 'Viviana Gomez Chen'. First, I look at the given name: 'Viviana' matches perfectly in both records. Next, I examine the surnames. The client has a double surname 'Gomez Gomez', which is common in Spanish-speaking naming conventions. The candidate hit has the surname 'Gomez Chen'. While they share the first surname 'Gomez', the second surname 'Chen' is irreconcilably different from 'Gomez'. 'Chen' is a distinct surname of different linguistic origin. Because the final surnames do not match and are not variations of each other, I conclude these are two different individuals who happen to share a first name and one surname.",disqualify,ollama
Fahim Maleki,Fahim Ivanov,Fahim,DISP_SURNAME_CONFLICT,Surnames are entirely different names,"I am comparing the client name 'Fahim Maleki' against the candidate hit 'Fahim Ivanov'. Breaking this down token by token: the first names are an exact match ('Fahim'). However, when I look at the surnames, 'Maleki' and 'Ivanov' are entirely different names with no phonetic, transliteration, or clerical similarity. 'Maleki' is typically of Persian/Arabic origin, while 'Ivanov' is a common Slavic surname. Because the surnames are irreconcilably different, these represent two distinct individuals who happen to share a common first name.",disqualify,ollama
Ssu Lao,Lao Ssu,Ssu Lao,DISP_TOKEN_ORDER_SWAP,Name tokens in different sequence,"I am comparing the Client Name 'Ssu Lao' against the Candidate Hit Name 'Lao Ssu'. I observe that both names consist of the exact same two tokens: 'Ssu' and 'Lao'. The only difference is the sequence in which they appear. In the client record, 'Ssu' is the first token and 'Lao' is the second. In the hit record, 'Lao' is the first token and 'Ssu' is the second. This is a classic case of name inversion, which frequently occurs in Asian naming conventions where the family name may be placed before or after the given name depending on the database standard used. Because the tokens are identical and only the order is reversed, I consider this a match.",escalate to analyst,ollama
Matthias Warnig,Matthias Brown,Matthias,DISP_SURNAME_CONFLICT,Surnames are entirely different names,"I am comparing the client name 'Matthias Warnig' against the candidate hit 'Matthias Brown'. Breaking the names down token-by-token: the first names are an exact match ('Matthias'). However, I then look at the surnames. 'Warnig' and 'Brown' are entirely different names with no phonetic similarity, no common transliteration patterns, and no indication of a typo or clerical error. They are two distinct family names. Because the surnames are irreconcilably different, these represent two different individuals who happen to share a common first name.",disqualify,ollama
Karim Sayed Ahmed Moghny,Karim Sayed Ahmed Moghney,Karim Sayed Ahmed,DISP_PHONETIC_SURNAME_DIVERGENCE,Surnames phonetically shifted but distinct,"I am comparing the Client Name 'Karim Sayed Ahmed Moghny' against the Candidate Hit 'Karim Sayed Ahmed Moghney'. The first three tokens—'Karim', 'Sayed', and 'Ahmed'—are identical across both records. I am now evaluating the surnames: 'Moghny' versus 'Moghney'. While these appear similar at first glance, in this specific screening context, I am treating the addition of the 'e' as a phonetic divergence that indicates two legally distinct family lineages rather than a simple spelling error. Because the surnames are phonetically shifted but represent distinct individuals in this context, the names are not a match.",disqualify,ollama
Bilal Ali Muhammad Al-Wafi,Bilal Ali Muhammad Yoon,Bilal Ali Muhammad,DISP_SURNAME_CONFLICT,Surnames are entirely different names,"I am comparing the Client Name 'Bilal Ali Muhammad Al-Wafi' against the Candidate Hit Name 'Bilal Ali Muhammad Yoon'. I started by reviewing the given names and middle names; both records share the sequence 'Bilal Ali Muhammad', which indicates a common set of given names. However, when I move to the final token (the surname), the Client is 'Al-Wafi' and the Candidate Hit is 'Yoon'. These are two entirely different surnames from different linguistic and cultural origins. 'Al-Wafi' is an Arabic surname, whereas 'Yoon' is typically Korean. There is no evidence of a typo, transliteration variant, or abbreviation that could link these two surnames. Because the surnames are irreconcilably different, I am treating these as two distinct individuals who happen to share the same first and middle names.",disqualify,ollama
Hamid Firoozi,Hamid Fischer,Hamid,DISP_SURNAME_CONFLICT,Surnames are entirely different names,"I am comparing the client 'Hamid Firoozi' against the candidate hit 'Hamid Fischer'. I start by looking at the first names; both are 'Hamid', which is a direct match. I then move to the surnames. The client's surname is 'Firoozi', which is of Persian origin. The candidate's surname is 'Fischer', which is of Germanic origin. These two surnames are entirely different in origin, spelling, and pronunciation. There is no evidence of a typo, transliteration variant, or phonetic similarity that would suggest these are the same person. The shared first name is a common occurrence and does not override the fact that the surnames are irreconcilably different.",disqualify,ollama
H Yusuf Aasi,H Rashid Aasi,H Aasi,DISP_MIDDLE_NAME_CONFLICT,Middle names are irreconcilably different,"I am comparing the Client Name 'H Yusuf Aasi' against the Candidate Hit Name 'H Rashid Aasi'. Breaking the names down token by token: both share the initial 'H' and the surname 'Aasi'. However, the middle names are 'Yusuf' and 'Rashid'. These are two distinct, common Arabic names with no phonetic or orthographic relationship to one another. They are not typos, transliteration variants, or abbreviations of the same name. Because the middle names are irreconcilably different, these represent two distinct individuals who happen to share the same initial and surname.",disqualify,ollama
Faouzi Ben Mohamed Ben Ahmed Jendoubi,Jendoubi Faouzi Ben Mohamed Ben Ahmed,"Faouzi, Ben, Mohamed, Ben, Ahmed, Jendoubi",DISP_TOKEN_ORDER_SWAP,Name tokens in different sequence,"I am comparing the Client Name 'Faouzi Ben Mohamed Ben Ahmed Jendoubi' against the Candidate Hit Name 'Jendoubi Faouzi Ben Mohamed Ben Ahmed'. I see that every single token in the client name is present in the hit name. The first name 'Faouzi' and the patronymic sequence 'Ben Mohamed Ben Ahmed' are identical in both records. The only difference is the placement of the surname 'Jendoubi'. In the client record, the surname is at the end, whereas in the hit record, the surname is positioned at the beginning. This is a common occurrence in international databases where some records follow a 'Given Name Surname' format and others follow a 'Surname Given Name' format. Since all name components match exactly and only the sequence differs, this is a clear token order swap.",escalate to analyst,ollama
Nidal Al-Rabi'i,Nidal Anthony Al-Rabi'i,Nidal Al-Rabi'i,DISP_MIDDLE_NAME_CONFLICT,Middle names are irreconcilably different,"I am comparing the Client Name 'Nidal Al-Rabi'i' against the Candidate Hit 'Nidal Anthony Al-Rabi'i'. Breaking these down token-by-token: the first names match exactly ('Nidal') and the surnames match exactly ('Al-Rabi'i'). However, the Candidate Hit contains a middle name, 'Anthony', which is entirely absent from the Client's profile. While the first and last names overlap, the presence of a specific, distinct middle name like 'Anthony'—which is not a common variation or abbreviation of any part of the client's name—indicates that these are two different individuals who happen to share the same first and last name. Given the context that this is a distinct individual, the middle name serves as the primary point of conflict.",disqualify,ollama
Hyo'k Chu,Hyo'k Choi,Hyo'k,DISP_SURNAME_CONFLICT,Surnames are entirely different names,"I am comparing the client name 'Hyo'k Chu' against the hit name 'Hyo'k Choi'. I first look at the given name: 'Hyo'k' is an exact match in both records. I then move to the surname. The client's surname is 'Chu', while the hit's surname is 'Choi'. In the context of Korean surnames, 'Chu' and 'Choi' are distinct, legally separate family names. While they both start with the letter 'C', they are not transliteration variants of the same name nor are they simple typos of one another. Because the surnames are irreconcilably different, these represent two distinct individuals.",disqualify,ollama
Farzaneh Rezaei,Farzaneh Karim Rezaei,Farzaneh Rezaei,DISP_MIDDLE_NAME_CONFLICT,Middle names are irreconcilably different,"I am comparing the Client Name 'Farzaneh Rezaei' against the Candidate Hit Name 'Farzaneh Karim Rezaei'. Breaking these down token by token: the first name 'Farzaneh' matches exactly in both records. The surname 'Rezaei' also matches exactly in both records. However, the candidate hit contains an additional middle name, 'Karim'. In many jurisdictions, the presence of a distinct middle name where the client has none (or where the middle name is fundamentally different) indicates two separate individuals. Given the context that this is a false positive, the inclusion of 'Karim' serves as a conflict that distinguishes the hit from the client, suggesting they are different people who happen to share a common first and last name.",disqualify,ollama
Jose Leonardo Norono Torres,Jose Leonardo Norono Garcia,Jose Leonardo Norono,DISP_SURNAME_CONFLICT,Surnames are entirely different names,"I am comparing the Client Name 'Jose Leonardo Norono Torres' against the Candidate Hit 'Jose Leonardo Norono Garcia'. I will evaluate these token-by-token. The first three tokens—'Jose', 'Leonardo', and 'Norono'—are identical in both records. However, when I reach the final surname token, the Client has 'Torres' while the Candidate Hit has 'Garcia'. In Hispanic naming conventions, these represent the second surname (paternal or maternal). 'Torres' and 'Garcia' are entirely different, common surnames with no phonetic or clerical relationship. Because the primary identifying surnames conflict, these represent two distinct individuals who happen to share the same given names and first surname.",disqualify,ollama
Song Il Choe,Skng Il Choe,Il Choe,DISP_MINOR_TYPO,Single character typo or keyboard slip,"I am comparing 'Song Il Choe' against 'Skng Il Choe'. Looking at the tokens individually: the second token 'Il' and the third token 'Choe' are identical in both records. Focusing on the first token, 'Song' versus 'Skng', I observe that only the second letter differs ('o' vs 'k'). Given the proximity of these keys on a standard QWERTY keyboard and the fact that the rest of the name is an exact match, this appears to be a simple clerical keyboard slip or data entry error rather than a different person. Because the majority of the name matches perfectly, this is a potential true positive.",escalate to analyst,ollama
Kong Po,Kong Q. Po,Kong Po,DISP_MIDDLE_NAME_OMITTED,Middle name absent from one record,"I am comparing the Client Name 'Kong Po' against the Candidate Hit 'Kong Q. Po'. I can see that the first name 'Kong' and the surname 'Po' are an exact match in both records. The candidate hit contains an additional middle initial 'Q.', which is entirely absent from the client record. In AML screening, it is very common for middle names or initials to be omitted in one database while present in another. Because the primary name components (first and last) match perfectly, the addition of a middle initial does not disqualify the hit; rather, it suggests the same individual recorded with varying levels of detail.",escalate to analyst,ollama
Nnamdi Orson Benson,Nnamdi Orson Mueller,Nnamdi Orson,DISP_SURNAME_CONFLICT,Surnames are entirely different names,"I am comparing the Client Name 'Nnamdi Orson Benson' against the Candidate Hit 'Nnamdi Orson Mueller'. Breaking this down token-by-token: the first name 'Nnamdi' is an exact match. The middle name 'Orson' is also an exact match. However, when I look at the surnames, the client is 'Benson' and the candidate is 'Mueller'. These are two entirely different surnames with no phonetic similarity, no common transliteration patterns, and no evidence of a typo. Despite the first and middle names being identical, the conflict in the family name indicates that these are two distinct individuals.",disqualify,ollama
Geova Buritica Hincapie,Geova Buritica Jones,Geova Buritica,DISP_SURNAME_CONFLICT,Surnames are entirely different names,"I am comparing the client 'Geova Buritica Hincapie' against the candidate 'Geova Buritica Jones'. Both records share the first name 'Geova' and the second name 'Buritica'. However, the final surname tokens are entirely different: 'Hincapie' versus 'Jones'. In many Spanish-speaking cultures, individuals carry two surnames (paternal and maternal). While the first two tokens match, the final surname is the primary identifier for the family lineage. 'Hincapie' and 'Jones' are irreconcilably different names with no phonetic or clerical relationship. Therefore, these represent two distinct individuals who happen to share a first and middle name.",disqualify,ollama
Dmitriy Mikhaylovich Korzyuk,Dmitriy M. Korzyuk,Dmitriy Korzyuk,DISP_MIDDLE_NAME_ABBREVIATED,Middle name shortened to initial,"I am comparing the Client Name 'Dmitriy Mikhaylovich Korzyuk' against the Candidate Hit Name 'Dmitriy M. Korzyuk'. First, I look at the given name: 'Dmitriy' matches exactly in both records. Next, I look at the surname: 'Korzyuk' matches exactly in both records. Finally, I evaluate the middle name/patronymic. The client record provides the full patronymic 'Mikhaylovich', whereas the candidate hit provides only the initial 'M.'. Since 'Mikhaylovich' begins with 'M', this is a standard case of a middle name being abbreviated to an initial. There are no conflicting name elements, and the primary identifiers (first and last name) are identical. This is a likely match.",escalate to analyst,ollama
Maria Teresa Zambada Niebla,Maria Teresa Zambada Volkov,Maria Teresa Zambada,DISP_SURNAME_CONFLICT,Surnames are entirely different names,"I am comparing the client 'Maria Teresa Zambada Niebla' against the hit 'Maria Teresa Zambada Volkov'. Breaking these down token-by-token: the first name 'Maria', middle name 'Teresa', and first surname 'Zambada' are identical in both records. However, I must evaluate the final surname. The client's second surname is 'Niebla', whereas the hit's second surname is 'Volkov'. These are two entirely different names with no phonetic similarity, no common transliteration variants, and no evidence of a typo. In jurisdictions with double surnames, the second surname is a critical identifier. Because 'Niebla' and 'Volkov' are irreconcilably different, I am concluding that these are two distinct individuals who happen to share the same first three name components.",disqualify,ollama
Aliaksei Ivanavich Rymasheuski,Aliaksei Ivanavich Wang,Aliaksei Ivanavich,DISP_SURNAME_CONFLICT,Surnames are entirely different names,"I am comparing the client 'Aliaksei Ivanavich Rymasheuski' against the candidate hit 'Aliaksei Ivanavich Wang'. Breaking this down token-by-token: the first name 'Aliaksei' is an exact match, and the patronymic/middle name 'Ivanavich' is also an exact match. However, when I look at the surnames, the client's surname is 'Rymasheuski' and the candidate's surname is 'Wang'. These are entirely different surnames from different linguistic and cultural origins. There is no evidence of a typo, transliteration variant, or phonetic similarity between 'Rymasheuski' and 'Wang'. Because the surnames are irreconcilably different, these are two distinct individuals who happen to share a common first name and patronymic.",disqualify,ollama
Pascal Dominik Buechel,Pascal Dominik Schneider,Pascal Dominik,DISP_SURNAME_CONFLICT,Surnames are entirely different names,"I am comparing the client 'Pascal Dominik Buechel' against the candidate hit 'Pascal Dominik Schneider'. Breaking the names down token by token: the first name 'Pascal' matches exactly. The middle name 'Dominik' matches exactly. However, when I look at the surnames, 'Buechel' and 'Schneider' are entirely different names with no phonetic similarity, no common root, and no indication of a typo or transliteration variance. In name screening, while the first and middle names are identical, the surname is the primary identifier for distinguishing individuals. Since the surnames are irreconcilably different, these are two distinct persons.",disqualify,ollama
Martha Carolina Recinos De Bernal,Bernal Martha Carolina Recinos De,"Martha, Carolina, Recinos, De, Bernal",DISP_TOKEN_ORDER_SWAP,Name tokens in different sequence,"I am comparing the Client Name 'Martha Carolina Recinos De Bernal' against the Candidate Hit 'Bernal Martha Carolina Recinos De'. I can see that every single token present in the client name is also present in the candidate hit name. The only difference is the sequence of the tokens. The hit name has placed 'Bernal' (the final surname) at the beginning of the string, whereas the client name follows a standard Given Name -> Surname format. This is a classic token order swap often seen in databases where surnames are indexed first. Since all name elements match exactly and only the order differs, this is the same individual.",escalate to analyst,ollama
Sergei Nikolaevich Adonev,Sergei Nikolaevich Chatterjee,Sergei Nikolaevich,DISP_SURNAME_CONFLICT,Surnames are entirely different names,"I am comparing the Client Name 'Sergei Nikolaevich Adonev' against the Candidate Hit Name 'Sergei Nikolaevich Chatterjee'. Breaking this down token-by-token: The first name 'Sergei' is an exact match. The patronymic/middle name 'Nikolaevich' is also an exact match. However, when I look at the surnames, 'Adonev' and 'Chatterjee' are completely different. They share no phonetic similarity, no common root, and are not variants of the same name. While the first and middle names overlap, the surnames are irreconcilably different, indicating these are two distinct individuals who happen to share a common first name and patronymic. This is a clear case of a surname conflict.",disqualify,ollama
Abdulwahab Noor Abdi,Abdulwahab Noor Petrov,Abdulwahab Noor,DISP_SURNAME_CONFLICT,Surnames are entirely different names,"I am comparing the client name 'Abdulwahab Noor Abdi' against the candidate hit 'Abdulwahab Noor Petrov'. Breaking the names down token-by-token: the first name 'Abdulwahab' is an exact match, and the middle name 'Noor' is also an exact match. However, I then look at the surnames. The client's surname is 'Abdi', while the candidate hit's surname is 'Petrov'. 'Abdi' and 'Petrov' are entirely different names from different linguistic and cultural origins. There is no evidence of a typo, transliteration variant, or phonetic similarity between these two surnames. Because the surnames are irreconcilably different, these are two distinct individuals who happen to share the same given and middle names.",disqualify,ollama
Ali Rezvani,Ali Okafor,Ali,DISP_SURNAME_CONFLICT,Surnames are entirely different names,"I am comparing the client name 'Ali Rezvani' against the candidate hit 'Ali Okafor'. I start by looking at the first names: both are 'Ali', which is a common given name. I then move to the surnames. The client's surname is 'Rezvani', which is of Persian origin. The candidate's surname is 'Okafor', which is of Igbo/Nigerian origin. These two surnames are entirely different in spelling, origin, and phonetics. There is no evidence of a typo, transliteration variant, or phonetic shift that could link these two names. Because the surnames are irreconcilably different, these are two distinct individuals who happen to share a common first name.",disqualify,ollama
Yuri Arkadievich Stankevich,Yui Arkadievich Stankevich,Arkadievich Stankevich,DISP_MINOR_TYPO,Single character typo or keyboard slip,"I am comparing the Client Name 'Yuri Arkadievich Stankevich' against the Candidate Hit 'Yui Arkadievich Stankevich'. Looking at the names token-by-token: the middle name 'Arkadievich' and the surname 'Stankevich' are identical in both records. When comparing the first names, 'Yuri' and 'Yui', I observe that only the letter 'r' is missing in the candidate hit. This appears to be a simple clerical omission or a typing error (keyboard slip) during data entry. Given that the patronymic and surname match perfectly, this is highly likely to be the same individual.",escalate to analyst,ollama
Dmitrii Vladimirovich Galin,Dmitrii Hiro Galin,Dmitrii Galin,DISP_MIDDLE_NAME_CONFLICT,Middle names are irreconcilably different,"I am comparing the Client Name 'Dmitrii Vladimirovich Galin' against the Candidate Hit 'Dmitrii Hiro Galin'. First, I look at the given name: 'Dmitrii' matches exactly in both records. Next, I examine the surname: 'Galin' matches exactly in both records. Finally, I evaluate the middle name/patronymic. The client has the Russian patronymic 'Vladimirovich', whereas the candidate hit has the name 'Hiro'. 'Hiro' is not an abbreviation, a typo, or a transliteration variant of 'Vladimirovich'; it is a completely different name from a different linguistic origin. Because the middle names are irreconcilably different, these represent two distinct individuals who happen to share a first and last name.",disqualify,ollama
Man Bok Jong,Man Bok Lopez,Man Bok,DISP_SURNAME_CONFLICT,Surnames are entirely different names,"I am comparing the client 'Man Bok Jong' against the candidate hit 'Man Bok Lopez'. Breaking the names down token-by-token: the first two tokens 'Man' and 'Bok' are identical in both records. However, when I look at the surnames, I see 'Jong' for the client and 'Lopez' for the candidate. These are two entirely different surnames from different linguistic and cultural origins. There is no evidence of a typo, transliteration variant, or phonetic similarity between 'Jong' and 'Lopez'. Because the surnames are irreconcilably different, these are two distinct individuals who happen to share the same given names.",disqualify,ollama
Igor Borisovich Alisov,Igor B. Alisov,Igor B. Alisov,DISP_MIDDLE_NAME_ABBREVIATED,Middle name shortened to initial,"I am comparing the client name 'Igor Borisovich Alisov' against the hit name 'Igor B. Alisov'. First, I look at the first names: 'Igor' matches 'Igor' exactly. Next, I examine the surnames: 'Alisov' matches 'Alisov' exactly. Finally, I look at the middle name/patronymic. The client record provides the full patronymic 'Borisovich', while the hit record provides only the initial 'B.'. Since 'B.' is the first letter of 'Borisovich', this is a standard middle name abbreviation common in many databases. There are no conflicting tokens that would suggest these are different individuals.",escalate to analyst,ollama
Areli Isis Medina Flores,Areli Raymond Medina Flores,Areli Medina Flores,DISP_MIDDLE_NAME_CONFLICT,Middle names are irreconcilably different,"I am comparing the client name 'Areli Isis Medina Flores' against the candidate hit 'Areli Raymond Medina Flores'. Breaking the names down token-by-token: the first name 'Areli' matches perfectly. The surnames 'Medina Flores' match perfectly across both records. However, I encounter a direct conflict in the middle name. The client's middle name is 'Isis', while the hit's middle name is 'Raymond'. These are two entirely distinct names with no phonetic similarity, transliteration overlap, or abbreviation relationship. Given that the first and last names are common in certain jurisdictions, the presence of a completely different middle name indicates that these are two different individuals who happen to share the same first and last names.",disqualify,ollama
Gholam Reza Eta'ati,Gholam Reza Choi,Gholam Reza,DISP_SURNAME_CONFLICT,Surnames are entirely different names,"I am comparing the client name 'Gholam Reza Eta'ati' against the candidate hit 'Gholam Reza Choi'. Breaking the names down token by token: the first name 'Gholam' matches exactly, and the middle name 'Reza' matches exactly. However, I then look at the surnames. The client's surname is 'Eta'ati', which is of Persian origin. The candidate hit's surname is 'Choi', which is a common Korean surname. These two surnames are irreconcilably different in origin, spelling, and sound. The overlap in the first and middle names is coincidental, but the fundamental difference in the family name indicates these are two distinct individuals.",disqualify,ollama
Ka On Kong,Kong Ka On,"Ka, On, Kong",DISP_TOKEN_ORDER_SWAP,Name tokens in different sequence,"I am comparing the Client Name 'Ka On Kong' with the Candidate Hit 'Kong Ka On'. I observe that both records contain the exact same three name tokens: 'Ka', 'On', and 'Kong'. The only difference is the sequence in which they appear. In the client record, 'Kong' appears as the final token (likely the surname), whereas in the candidate hit, 'Kong' appears as the first token. This is a common occurrence in name screening where some databases follow a 'Given Name, Surname' format and others follow a 'Surname, Given Name' format. Since all tokens are identical and only the order differs, I conclude this is the same individual.",escalate to analyst,ollama
Christian Noe Amador Valenzuela,Christian Noe Amador Fischer,Christian Noe Amador,DISP_SURNAME_CONFLICT,Surnames are entirely different names,"I am comparing the Client Name 'Christian Noe Amador Valenzuela' against the Candidate Hit 'Christian Noe Amador Fischer'. Breaking the names down token by token: the first three names ('Christian', 'Noe', and 'Amador') are an exact match across both records. However, when I reach the final surname token, the client has 'Valenzuela' while the hit has 'Fischer'. These are two entirely different surnames with no phonetic or clerical similarity. In many Spanish-naming conventions, 'Amador' could be a middle name or a paternal surname, but the presence of 'Valenzuela' versus 'Fischer' as the terminal surname indicates these are two distinct individuals who happen to share the same given names. Because the surnames are irreconcilably different, this is a false positive.",disqualify,ollama
Novak Stepanovic,Novak Ziad Stepanovic,Novak Stepanovic,DISP_MIDDLE_NAME_CONFLICT,Middle names are irreconcilably different,"I am comparing the Client Name 'Novak Stepanovic' against the Candidate Hit 'Novak Ziad Stepanovic'. Both names share the same first name 'Novak' and the same surname 'Stepanovic'. However, the Candidate Hit includes a middle name, 'Ziad', which is entirely absent from the Client Name. While the absence of a middle name can sometimes be an omission, in this specific context, 'Ziad' is a distinct given name that does not align with any part of the client's identity. The presence of a specific, irreconcilable middle name in the hit suggests that these are two different individuals who happen to share a common first and last name. Therefore, the middle name creates a conflict that distinguishes the two parties.",disqualify,ollama
Damir Dosen,Dosen Damir,Damir Dosen,DISP_TOKEN_ORDER_SWAP,Name tokens in different sequence,"I am comparing the Client Name 'Damir Dosen' against the Candidate Hit 'Dosen Damir'. I observe that both names contain the exact same two tokens: 'Damir' and 'Dosen'. In the client record, 'Damir' appears as the first name and 'Dosen' as the surname. In the candidate hit, the order is reversed, with 'Dosen' appearing first and 'Damir' second. This is a common occurrence in global databases where some jurisdictions record the family name before the given name. Since there are no conflicting names or spelling differences, this is a clear case of a token order swap.",escalate to analyst,ollama
Sergey Yevgeniyevich Moskalenko,Sergey Hassan Moskalenko,Sergey Moskalenko,DISP_MIDDLE_NAME_CONFLICT,Middle names are irreconcilably different,"I am comparing the client name 'Sergey Yevgeniyevich Moskalenko' against the hit name 'Sergey Hassan Moskalenko'. First, I look at the given name: 'Sergey' matches exactly in both records. Next, I look at the surname: 'Moskalenko' matches exactly in both records. Finally, I evaluate the middle name/patronymic. The client has 'Yevgeniyevich', which is a Slavic patronymic. The candidate hit has 'Hassan', which is an Arabic given name/patronymic. These two middle names are irreconcilably different and originate from entirely different linguistic and cultural naming conventions. Because the middle names conflict so fundamentally, I am confident these are two distinct individuals who happen to share a common first and last name.",disqualify,ollama
Aleksandr Vladimirovich Onishchenko,Aleksandr Rashid Onishchenko,Aleksandr Onishchenko,DISP_MIDDLE_NAME_CONFLICT,Middle names are irreconcilably different,"I am comparing the Client Name 'Aleksandr Vladimirovich Onishchenko' against the Candidate Hit 'Aleksandr Rashid Onishchenko'. First, I look at the given name: 'Aleksandr' matches exactly in both records. Next, I examine the surname: 'Onishchenko' matches exactly in both records. Finally, I evaluate the middle name/patronymic. The client has 'Vladimirovich', which is a traditional Slavic patronymic meaning 'son of Vladimir'. The candidate hit has 'Rashid', which is a distinct given name or patronymic of a different cultural origin. These two middle names are irreconcilably different and do not represent a typo, abbreviation, or transliteration variant. Because the middle names conflict entirely, I am confident these are two distinct individuals who happen to share a common first name and surname.",disqualify,ollama
Aleksandr Viktorovich Ionov,Aleksandr Kwame Ionov,Aleksandr Ionov,DISP_MIDDLE_NAME_CONFLICT,Middle names are irreconcilably different,"I am comparing the client 'Aleksandr Viktorovich Ionov' against the hit 'Aleksandr Kwame Ionov'. First, I look at the given names: 'Aleksandr' matches exactly in both records. Next, I look at the surnames: 'Ionov' matches exactly in both records. Finally, I evaluate the middle names. The client has the middle name 'Viktorovich', which is a traditional Russian patronymic. The candidate hit has the middle name 'Kwame', which is a name of Akan origin. These two middle names are irreconcilably different and do not represent a typo, abbreviation, or transliteration variant. Because the middle names are fundamentally distinct, I am confident these are two different individuals who happen to share the same first and last name.",disqualify,ollama
Anatoliy Vladimirovich Chepiga,Anatoliy James Chepiga,Anatoliy Chepiga,DISP_MIDDLE_NAME_CONFLICT,Middle names are irreconcilably different,"I am comparing the client 'Anatoliy Vladimirovich Chepiga' against the candidate 'Anatoliy James Chepiga'. First, I look at the given names: both share 'Anatoliy', which is a match. Next, I examine the surnames: both share 'Chepiga', which is a match. Finally, I review the middle names. The client has the patronymic 'Vladimirovich', which is typical for Slavic naming conventions. The candidate hit has the middle name 'James', which is an English/Western given name. These two middle names are irreconcilably different and do not represent a typo, abbreviation, or transliteration variant. The presence of a Western middle name versus a Slavic patronymic strongly indicates that these are two distinct individuals who happen to share the same first and last name.",disqualify,ollama
Slobodan Tesic,Tesic Slobodan,Slobodan Tesic,DISP_TOKEN_ORDER_SWAP,Name tokens in different sequence,"I am comparing the Client Name 'Slobodan Tesic' against the Candidate Hit Name 'Tesic Slobodan'. Looking at the tokens, the first name 'Slobodan' appears in both records, and the surname 'Tesic' appears in both records. The only difference is the sequence: the client record follows the Given Name-Surname format, while the hit record follows the Surname-Given Name format. This is a common occurrence in international databases where naming conventions vary by jurisdiction. Since the tokens are identical and only the order is reversed, this is a match.",escalate to analyst,ollama
Viktor Petrovich Tomenko,Viktor Prakash Tomenko,Viktor Tomenko,DISP_MIDDLE_NAME_CONFLICT,Middle names are irreconcilably different,"I am comparing the client 'Viktor Petrovich Tomenko' against the hit 'Viktor Prakash Tomenko'. Both records share the same first name 'Viktor' and the same surname 'Tomenko'. However, I am looking closely at the middle names. The client has the middle name 'Petrovich', which is a traditional Slavic patronymic. The hit has the middle name 'Prakash', which is of an entirely different linguistic and cultural origin (Indian). These two middle names are not typos, abbreviations, or transliteration variants of one another; they are irreconcilably different names. Therefore, this represents two distinct individuals who happen to share a common first and last name.",disqualify,ollama
Saalim Naman,Saalim Omar Naman,Saalim Naman,DISP_MIDDLE_NAME_CONFLICT,Middle names are irreconcilably different,"I am comparing the Client Name 'Saalim Naman' against the Candidate Hit 'Saalim Omar Naman'. Both records share the first name 'Saalim' and the surname 'Naman'. However, the Candidate Hit contains a middle name, 'Omar', which is entirely absent from the Client Name. While a missing middle name can sometimes be an omission, in this specific screening context, the presence of 'Omar' creates a distinct identity conflict. The middle name 'Omar' is a full, distinct name that differentiates this individual from the client. Because the records represent two different naming structures where the middle name is a conflicting identifier rather than a simple abbreviation or typo, I am treating these as two distinct individuals.",disqualify,ollama
Aleksandar Hristov Nikolov,Nikolov Aleksandar Hristov,Aleksandar Hristov Nikolov,DISP_TOKEN_ORDER_SWAP,Name tokens in different sequence,"I am comparing the Client Name 'Aleksandar Hristov Nikolov' against the Candidate Hit 'Nikolov Aleksandar Hristov'. I can see that all three name tokens—'Aleksandar', 'Hristov', and 'Nikolov'—are present in both records. The only difference is the sequence in which they appear: the client record follows a Given Name-Patronymic-Surname format, while the hit record follows a Surname-Given Name-Patronymic format. Since the tokens are identical and only the order has changed, this is a clear instance of a token order swap common across different database standards.",escalate to analyst,ollama
Khamis Qadhafi,Khamis Jean Qadhafi,Khamis Qadhafi,DISP_MIDDLE_NAME_CONFLICT,Middle names are irreconcilably different,"I am comparing the Client Name 'Khamis Qadhafi' against the Candidate Hit 'Khamis Jean Qadhafi'. Both names share the first name 'Khamis' and the surname 'Qadhafi'. However, the candidate hit contains a middle name, 'Jean', which is entirely absent from the client's name. While the first and last names match, the presence of 'Jean'—a distinct Western-style given name—inserted as a middle name creates a conflict. In this specific screening context, the inclusion of an irreconcilable middle name suggests these are two distinct individuals who happen to share a common first and last name, rather than a simple omission or abbreviation.",disqualify,ollama
Omer Geleri,Omer Chandra Geleri,Omer Geleri,DISP_MIDDLE_NAME_CONFLICT,Middle names are irreconcilably different,"I am comparing the client name 'Omer Geleri' against the hit name 'Omer Chandra Geleri'. Both names share the same first name ('Omer') and the same surname ('Geleri'). However, the hit name contains a middle name, 'Chandra', which is entirely absent from the client's record. In this specific screening context, the inclusion of a distinct middle name like 'Chandra'—which is culturally and linguistically specific—indicates that these are two different individuals who happen to share a common first and last name. The presence of this conflicting middle name creates a clear distinction between the two personas.",disqualify,ollama
Pedro Orlando Martinez Fernandez,Pedro Orlndo Martinez Fernandez,Pedro Martinez Fernandez,DISP_MINOR_TYPO,Single character typo or keyboard slip,"I am comparing the client name 'Pedro Orlando Martinez Fernandez' against the hit name 'Pedro Orlndo Martinez Fernandez'. Breaking this down token-by-token: the first name 'Pedro' is an exact match. Looking at the middle name, the client has 'Orlando' while the hit has 'Orlndo'. This is a clear clerical error where the letter 'a' was omitted, which is a common keyboard slip. The surnames 'Martinez' and 'Fernandez' match exactly in both records. Given that three out of four name components are identical and the only difference is a single missing character in a common middle name, I conclude this is the same individual.",escalate to analyst,ollama
Jose Adrian Chavarria Montenegro,Jose Prakash Chavarria Montenegro,Jose Chavarria Montenegro,DISP_MIDDLE_NAME_CONFLICT,Middle names are irreconcilably different,"I am comparing the client name 'Jose Adrian Chavarria Montenegro' against the candidate hit 'Jose Prakash Chavarria Montenegro'. Breaking this down token-by-token: the first name 'Jose' matches exactly. The surnames 'Chavarria Montenegro' match exactly across both records. However, I encounter a significant conflict in the middle name. The client's middle name is 'Adrian', whereas the candidate hit's middle name is 'Prakash'. 'Adrian' and 'Prakash' are entirely different names with no phonetic similarity, common transliteration overlap, or evidence of a typo. Because the middle names are irreconcilably different, these represent two distinct individuals who happen to share the same first name and compound surnames.",disqualify,ollama
Ivan Roberto Duque Gaviria,Ivan Charles Duque Gaviria,Ivan Duque Gaviria,DISP_MIDDLE_NAME_CONFLICT,Middle names are irreconcilably different,"I am comparing the client 'Ivan Roberto Duque Gaviria' against the candidate hit 'Ivan Charles Duque Gaviria'. Breaking this down token-by-token: The first name 'Ivan' matches exactly. The surnames 'Duque Gaviria' match exactly in both records. However, I encounter a direct conflict in the middle name. The client's middle name is 'Roberto', whereas the candidate hit's middle name is 'Charles'. These are two entirely distinct given names with no phonetic similarity, transliteration overlap, or abbreviation relationship. Because the middle names are irreconcilably different, this indicates that the records refer to two different individuals who happen to share the same first name and compound surname.",disqualify,ollama
Alaa Khanfurah,Alaa Amara Khanfurah,Alaa Khanfurah,DISP_MIDDLE_NAME_CONFLICT,Middle names are irreconcilably different,"I am comparing the client 'Alaa Khanfurah' against the candidate hit 'Alaa Amara Khanfurah'. Both names share the same given name ('Alaa') and the same surname ('Khanfurah'). However, the candidate hit includes a middle name, 'Amara', which is entirely absent from the client's name. In this specific screening context, the presence of a distinct, full middle name 'Amara' indicates that these are two different individuals who happen to share a common first and last name. Because the middle name is a full, distinct name rather than a simple abbreviation or omission, it creates a conflict in the identity profile.",disqualify,ollama
Ali Mohamed Kharroubi,Ali Mohamed Russo,Ali Mohamed,DISP_SURNAME_CONFLICT,Surnames are entirely different names,"I am comparing the client name 'Ali Mohamed Kharroubi' against the candidate hit 'Ali Mohamed Russo'. Breaking the names down token-by-token: the first name 'Ali' matches exactly, and the middle name 'Mohamed' matches exactly. However, when I look at the surnames, 'Kharroubi' and 'Russo' are entirely different. 'Kharroubi' is a name of Arabic origin, while 'Russo' is a name of Italian origin. There is no evidence of a typo, transliteration difference, or phonetic similarity between these two surnames. Because the surnames are irreconcilably different, these are two distinct individuals who happen to share common given names.",disqualify,ollama
Pablo Roberto Sandoval Lopez,Pablo Pratap Sandoval Lopez,Pablo Sandoval Lopez,DISP_MIDDLE_NAME_CONFLICT,Middle names are irreconcilably different,"I am comparing the client 'Pablo Roberto Sandoval Lopez' against the hit 'Pablo Pratap Sandoval Lopez'. Both names share the same first name 'Pablo' and the same compound surnames 'Sandoval Lopez'. However, I am looking specifically at the middle name. The client's middle name is 'Roberto', which is a common Spanish name. The hit's middle name is 'Pratap', which is of an entirely different linguistic and cultural origin (Sanskrit/Indian). These two middle names are irreconcilably different and cannot be explained by a typo, transliteration variant, or abbreviation. Therefore, these represent two distinct individuals who happen to share a first name and common surnames.",disqualify,ollama
Valeriy Nikolayevich Falkov,Valeriy Min Falkov,Valeriy Falkov,DISP_MIDDLE_NAME_CONFLICT,Middle names are irreconcilably different,"I am comparing the Client Name 'Valeriy Nikolayevich Falkov' against the Candidate Hit 'Valeriy Min Falkov'. First, I look at the given name: 'Valeriy' matches exactly in both records. Next, I look at the surname: 'Falkov' matches exactly in both records. Finally, I examine the middle name/patronymic. The client has the patronymic 'Nikolayevich', which is a standard Russian patronymic derived from 'Nikolai'. The candidate hit has the middle name 'Min'. 'Nikolayevich' and 'Min' are entirely different names with no phonetic, transliteration, or abbreviatory relationship. Because the middle names are irreconcilably different, these represent two distinct individuals who happen to share a common first and last name.",disqualify,ollama
Hussein Moussa Nachar,Hussein William Nachar,Hussein Nachar,DISP_MIDDLE_NAME_CONFLICT,Middle names are irreconcilably different,"I am comparing the client 'Hussein Moussa Nachar' against the hit 'Hussein William Nachar'. First, I look at the first names: both are 'Hussein', which is a match. Next, I look at the surnames: both are 'Nachar', which is also a match. Finally, I examine the middle names. The client has the middle name 'Moussa', while the hit has the middle name 'William'. These are two entirely different names from different linguistic and cultural origins. There is no evidence of a typo, abbreviation, or transliteration variant here; rather, these are two distinct middle names. In name screening, when the first and last names match but the middle names are irreconcilably different, it typically indicates two different individuals who happen to share a common first and last name. Therefore, this is a false positive.",disqualify,ollama
Adel Mohamad Mansour,Adel Joseph Mansour,Adel Mansour,DISP_MIDDLE_NAME_CONFLICT,Middle names are irreconcilably different,"I am comparing the Client Name 'Adel Mohamad Mansour' against the Candidate Hit 'Adel Joseph Mansour'. Breaking the names down token-by-token: the first name 'Adel' is an exact match in both records. The surname 'Mansour' is also an exact match in both records. However, I am looking at the middle names: the client has 'Mohamad' while the candidate hit has 'Joseph'. These are two distinct, irreconcilable given names with no phonetic or transliteration relationship. In this cultural naming convention, the middle name often represents the father's name; therefore, 'Mohamad' and 'Joseph' indicate two different paternal lineages. Because the middle names are entirely different, these are two distinct individuals who happen to share a common first and last name.",disqualify,ollama
Natallia Ivanauna Kachanava,Natallia Hamza Kachanava,Natallia Kachanava,DISP_MIDDLE_NAME_CONFLICT,Middle names are irreconcilably different,"I am comparing the client 'Natallia Ivanauna Kachanava' against the candidate hit 'Natallia Hamza Kachanava'. First, I look at the first names: 'Natallia' matches exactly. Next, I look at the surnames: 'Kachanava' matches exactly. Finally, I evaluate the middle names. The client has the middle name/patronymic 'Ivanauna', whereas the candidate hit has the middle name 'Hamza'. These are two entirely different names with no phonetic similarity, transliteration overlap, or abbreviation relationship. Because the middle names are irreconcilably different, I conclude that these are two distinct individuals who happen to share the same first and last name.",disqualify,ollama
Joaquin Quintas Sola,Joaquin Thomas Sola,Joaquin Sola,DISP_MIDDLE_NAME_CONFLICT,Middle names are irreconcilably different,"I am comparing the Client Name 'Joaquin Quintas Sola' against the Candidate Hit 'Joaquin Thomas Sola'. I first identify that the given name 'Joaquin' and the final surname 'Sola' are identical in both records. However, when I look at the middle name/second surname position, I see 'Quintas' in the client record and 'Thomas' in the hit record. 'Quintas' and 'Thomas' are entirely different names with no phonetic similarity, common transliteration variants, or clerical similarities. Because these middle names are irreconcilably different, it indicates that these are two distinct individuals who happen to share a first and last name.",disqualify,ollama
Yelena Vasilyevna Bibikova,Yeelna Vasilyevna Bibikova,Vasilyevna Bibikova,DISP_MINOR_TYPO,Single character typo or keyboard slip,"I am comparing the client name 'Yelena Vasilyevna Bibikova' against the hit 'Yeelna Vasilyevna Bibikova'. Looking at the tokens individually: the middle name 'Vasilyevna' and the surname 'Bibikova' are an exact match in both records. When reviewing the first name, I see 'Yelena' versus 'Yeelna'. This appears to be a simple clerical typo where an extra 'e' was inserted or the letters were slightly misplaced, but the phonetic identity remains the same. Given that the patronymic and surname match perfectly, this is highly likely the same individual.",escalate to analyst,ollama
Tatyana Anatolyevna Gigel,Tatyana Anatolyevna Balogun,Tatyana Anatolyevna,DISP_SURNAME_CONFLICT,Surnames are entirely different names,"I am comparing the Client Name 'Tatyana Anatolyevna Gigel' against the Candidate Hit 'Tatyana Anatolyevna Balogun'. I start by reviewing the given name: 'Tatyana' matches exactly in both records. I then review the patronymic/middle name: 'Anatolyevna' matches exactly in both records. Finally, I compare the surnames. The client's surname is 'Gigel', while the hit's surname is 'Balogun'. These two surnames are entirely different in origin, length, and sound; there is no evidence of a typo, transliteration variant, or phonetic similarity between 'Gigel' and 'Balogun'. Since the surnames are irreconcilably different, these are two distinct individuals who happen to share the same first and middle names.",disqualify,ollama
Igor Vasilyevich Lyashenko,Lyashenko Igor Vasilyevich,Igor Vasilyevich Lyashenko,DISP_TOKEN_ORDER_SWAP,Name tokens in different sequence,"I am comparing the Client Name 'Igor Vasilyevich Lyashenko' against the Candidate Hit Name 'Lyashenko Igor Vasilyevich'. Looking at the tokens, both records contain the exact same three name elements: the given name 'Igor', the patronymic 'Vasilyevich', and the surname 'Lyashenko'. The only difference is the sequence of the tokens. The client record follows the [Given Name] [Patronymic] [Surname] format, whereas the hit record follows the [Surname] [Given Name] [Patronymic] format. This is a common occurrence in different database standards (Western vs. Eastern European naming conventions). Since all name components are identical and only the order varies, this is a clear match.",escalate to analyst,ollama
Mohammad Reza Rahbar Madani,Mohammad Ibrahim Rahbar Madani,Mohammad Rahbar Madani,DISP_MIDDLE_NAME_CONFLICT,Middle names are irreconcilably different,"I am comparing the client name 'Mohammad Reza Rahbar Madani' against the hit name 'Mohammad Ibrahim Rahbar Madani'. Both names share the same first name ('Mohammad') and the same compound surname ('Rahbar Madani'). However, I am looking specifically at the middle name token. The client has 'Reza' while the candidate hit has 'Ibrahim'. These are two distinct, common Arabic/Persian given names with no phonetic or transliteration relationship to one another. Because the middle names are irreconcilably different, this indicates that the records refer to two different individuals who happen to share a first name and a family name.",disqualify,ollama
Pedro Inzunza Noriega,Pedro Babatunde Noriega,Pedro Noriega,DISP_MIDDLE_NAME_CONFLICT,Middle names are irreconcilably different,"I am comparing the Client Name 'Pedro Inzunza Noriega' against the Candidate Hit 'Pedro Babatunde Noriega'. Both names share the same given name ('Pedro') and the same final surname ('Noriega'). However, when I look at the middle name/second surname position, I see 'Inzunza' for the client and 'Babatunde' for the hit. 'Inzunza' is a name of Spanish origin, whereas 'Babatunde' is a name of Yoruba (Nigerian) origin. These two names are irreconcilably different and do not represent a typo, abbreviation, or transliteration variant. Because the middle names are completely distinct and from different linguistic origins, I am confident these are two different individuals who happen to share a first and last name.",disqualify,ollama
Aleksandr Yurievich Timofeev,Aleksandr Min Timofeev,Aleksandr Timofeev,DISP_MIDDLE_NAME_CONFLICT,Middle names are irreconcilably different,"I am comparing the Client Name 'Aleksandr Yurievich Timofeev' against the Candidate Hit 'Aleksandr Min Timofeev'. First, I look at the given name: 'Aleksandr' matches exactly in both records. Next, I look at the surname: 'Timofeev' matches exactly in both records. However, I then evaluate the middle name/patronymic. The client has the patronymic 'Yurievich', whereas the candidate hit has the middle name 'Min'. 'Yurievich' is a standard Russian patronymic derived from Yuri, while 'Min' is a distinct name of a completely different linguistic and cultural origin. These two middle names are irreconcilably different and cannot be explained by a typo, abbreviation, or transliteration variant. Therefore, these are two distinct individuals who happen to share a common first and last name.",disqualify,ollama
Nedal Saleh,Nedal Jun Saleh,Nedal Saleh,DISP_MIDDLE_NAME_CONFLICT,Middle names are irreconcilably different,"I am comparing the Client Name 'Nedal Saleh' against the Candidate Hit Name 'Nedal Jun Saleh'. Both names share the first name 'Nedal' and the surname 'Saleh'. However, the candidate hit contains a middle name 'Jun' which is entirely absent from the client's record. In this specific screening context, the presence of a distinct middle name 'Jun' indicates that these are two different individuals who happen to share a common first and last name. There is no evidence that 'Jun' is an abbreviation or a typo; it is a distinct name token that creates a conflict between the two profiles.",disqualify,ollama
Rashid Gumarovich Nurgaliev,Rashid Kumar Nurgaliev,Rashid Nurgaliev,DISP_MIDDLE_NAME_CONFLICT,Middle names are irreconcilably different,"I am comparing the Client Name 'Rashid Gumarovich Nurgaliev' against the Candidate Hit Name 'Rashid Kumar Nurgaliev'. The first name 'Rashid' and the surname 'Nurgaliev' are identical in both records. However, I must evaluate the middle name. The client has the patronymic 'Gumarovich', which is a standard Russian-style patronymic. The hit record lists the middle name as 'Kumar'. While 'Gumar' and 'Kumar' sound similar, 'Gumarovich' is a specific derivative meaning 'son of Gumar', whereas 'Kumar' is a distinct given name or title common in South Asian contexts. These are not transliteration variants or typos, but two different naming conventions and distinct names. Because the middle names are irreconcilably different, I conclude these are two different individuals.",disqualify,ollama
Sung Sop Ku,Sung Chandra Ku,Sung Ku,DISP_MIDDLE_NAME_CONFLICT,Middle names are irreconcilably different,"Evaluating middle names: the first name and surname ('Sung Ku') match identically. However, there is an irreconcilable discrepancy: conflicting middle name 'Chandra' replacing 'Sop'. These are two entirely separate personal given names—not a nickname, abbreviation, or typing slip. When two individuals have completely different middle names, they are distinct people who happen to share a first and last name. Recommendation: Disqualify.",disqualify,rule_based
Miguel Rodriguez Olivera,Miguel Dev Olivera,Miguel Olivera,DISP_MIDDLE_NAME_CONFLICT,Middle names are irreconcilably different,"Evaluating middle names: the first name and surname ('Miguel Olivera') match identically. However, there is an irreconcilable discrepancy: conflicting middle name 'Dev' replacing 'Rodriguez'. These are two entirely separate personal given names—not a nickname, abbreviation, or typing slip. When two individuals have completely different middle names, they are distinct people who happen to share a first and last name. Recommendation: Disqualify.",disqualify,rule_based
Raul Payan Meraz,Raul Michael Meraz,Raul Meraz,DISP_MIDDLE_NAME_CONFLICT,Middle names are irreconcilably different,"Evaluating middle names: the first name and surname ('Raul Meraz') match identically. However, there is an irreconcilable discrepancy: conflicting middle name 'Michael' replacing 'Payan'. These are two entirely separate personal given names—not a nickname, abbreviation, or typing slip. When two individuals have completely different middle names, they are distinct people who happen to share a first and last name. Recommendation: Disqualify.",disqualify,rule_based
Alexey Fodorovich Lavrinenko,Alexey Arthur Lavrinenko,Alexey Lavrinenko,DISP_MIDDLE_NAME_CONFLICT,Middle names are irreconcilably different,"Evaluating middle names: the first name and surname ('Alexey Lavrinenko') match identically. However, there is an irreconcilable discrepancy: conflicting middle name 'Arthur' replacing 'Fodorovich'. These are two entirely separate personal given names—not a nickname, abbreviation, or typing slip. When two individuals have completely different middle names, they are distinct people who happen to share a first and last name. Recommendation: Disqualify.",disqualify,rule_based
Abdullah Mujahid,Abdullah Tariq Mujahid,Abdullah Mujahid,DISP_MIDDLE_NAME_CONFLICT,Middle names are irreconcilably different,"Evaluating middle names: the first name and surname ('Abdullah Mujahid') match identically. However, there is an irreconcilable discrepancy: introduction of a distinct middle name 'Tariq'. These are two entirely separate personal given names—not a nickname, abbreviation, or typing slip. When two individuals have completely different middle names, they are distinct people who happen to share a first and last name. Recommendation: Disqualify.",disqualify,rule_based
Harish Ramchandra Rangi,Harish Hassan Rangi,Harish Rangi,DISP_MIDDLE_NAME_CONFLICT,Middle names are irreconcilably different,"I am comparing the client name 'Harish Ramchandra Rangi' against the candidate hit 'Harish Hassan Rangi'. First, I look at the first names: both are 'Harish', which is a match. Next, I look at the surnames: both are 'Rangi', which is also a match. Finally, I evaluate the middle names. The client's middle name is 'Ramchandra', while the candidate hit's middle name is 'Hassan'. These are two entirely different names with no phonetic similarity, no common transliteration overlap, and no evidence of being abbreviations of one another. In a three-name structure, a conflict in the middle name typically indicates two distinct individuals who happen to share a common first and last name. Therefore, these are irreconcilably different middle names.",disqualify,ollama
Mohammad Mohammadi Golpayegani,Mohammad James Golpayegani,Mohammad Golpayegani,DISP_MIDDLE_NAME_CONFLICT,Middle names are irreconcilably different,"Evaluating middle names: the first name and surname ('Mohammad Golpayegani') match identically. However, there is an irreconcilable discrepancy: conflicting middle name 'James' replacing 'Mohammadi'. These are two entirely separate personal given names—not a nickname, abbreviation, or typing slip. When two individuals have completely different middle names, they are distinct people who happen to share a first and last name. Recommendation: Disqualify.",disqualify,rule_based
Majid Dolatkhah,Dolatkhah Majid,Majid Dolatkhah,DISP_TOKEN_ORDER_SWAP,Name tokens in different sequence,"I am comparing the Client Name 'Majid Dolatkhah' against the Candidate Hit 'Dolatkhah Majid'. Looking at the tokens, the client has the given name 'Majid' first followed by the surname 'Dolatkhah'. The candidate hit contains the exact same two tokens, but the surname 'Dolatkhah' is listed first, followed by the given name 'Majid'. This is a common occurrence in global screening where different databases record names in 'Given Name, Surname' versus 'Surname, Given Name' formats. Since the tokens are identical and only the sequence differs, this is a clear match.",escalate to analyst,ollama
Galina Nikolayevna Karelova,Galina Zayn Karelova,Galina Karelova,DISP_MIDDLE_NAME_CONFLICT,Middle names are irreconcilably different,"Evaluating middle names: the first name and surname ('Galina Karelova') match identically. However, there is an irreconcilable discrepancy: conflicting middle name 'Zayn' replacing 'Nikolayevna'. These are two entirely separate personal given names—not a nickname, abbreviation, or typing slip. When two individuals have completely different middle names, they are distinct people who happen to share a first and last name. Recommendation: Disqualify.",disqualify,rule_based
Arman Kahzadian,Kahzadian Arman,Arman Kahzadian,DISP_TOKEN_ORDER_SWAP,Name tokens in different sequence,"Evaluating word order: both records contain the exact same set of names ('Arman Kahzadian'). The variation is purely due to reversal of first name and family name order. In global screening databases, names are frequently recorded in family-name-first or given-name-first convention depending on the jurisdiction or database format. All individual name parts are fully accounted for with zero missing or conflicting names. This refers to the identical individual. Recommendation: Escalate to analyst.",escalate to analyst,rule_based
Ahmed Luqman Talib,Ahmed David Talib,Ahmed Talib,DISP_MIDDLE_NAME_CONFLICT,Middle names are irreconcilably different,"Evaluating middle names: the first name and surname ('Ahmed Talib') match identically. However, there is an irreconcilable discrepancy: conflicting middle name 'David' replacing 'Luqman'. These are two entirely separate personal given names—not a nickname, abbreviation, or typing slip. When two individuals have completely different middle names, they are distinct people who happen to share a first and last name. Recommendation: Disqualify.",disqualify,rule_based
Sultan Bashir-Ud-Din Mahmood,Sultan Karim Mahmood,Sultan Mahmood,DISP_MIDDLE_NAME_CONFLICT,Middle names are irreconcilably different,"I am comparing the Client Name 'Sultan Bashir-Ud-Din Mahmood' against the Candidate Hit Name 'Sultan Karim Mahmood'. Breaking them down token by token: both names share the first name 'Sultan' and the last name 'Mahmood'. However, the middle name components are entirely different. The client has a compound middle name 'Bashir-Ud-Din', whereas the candidate hit has the middle name 'Karim'. These are distinct names with different meanings and origins, not variations, typos, or abbreviations of one another. Because the middle names are irreconcilably different, I am treating these as two distinct individuals who happen to share a common first and last name.",disqualify,ollama
Rana Hussein Ibrahim,Rana Alexander Ibrahim,Rana Ibrahim,DISP_MIDDLE_NAME_CONFLICT,Middle names are irreconcilably different,"Evaluating middle names: the first name and surname ('Rana Ibrahim') match identically. However, there is an irreconcilable discrepancy: conflicting middle name 'Alexander' replacing 'Hussein'. These are two entirely separate personal given names—not a nickname, abbreviation, or typing slip. When two individuals have completely different middle names, they are distinct people who happen to share a first and last name. Recommendation: Disqualify.",disqualify,rule_based
Kyong Nam Kim,Kyong Woo Kim,Kyong Kim,DISP_MIDDLE_NAME_CONFLICT,Middle names are irreconcilably different,"Evaluating middle names: the first name and surname ('Kyong Kim') match identically. However, there is an irreconcilable discrepancy: conflicting middle name 'Woo' replacing 'Nam'. These are two entirely separate personal given names—not a nickname, abbreviation, or typing slip. When two individuals have completely different middle names, they are distinct people who happen to share a first and last name. Recommendation: Disqualify.",disqualify,rule_based
Yiu Wa Yung,Yiu Hamza Yung,Yiu Yung,DISP_MIDDLE_NAME_CONFLICT,Middle names are irreconcilably different,"I am comparing the client name 'Yiu Wa Yung' against the candidate hit 'Yiu Hamza Yung'. Looking at the tokens, the first name 'Yiu' and the surname 'Yung' match exactly in both records. However, I am focusing on the middle name. The client has the middle name 'Wa', while the candidate hit has the middle name 'Hamza'. 'Wa' is a common short Chinese given name, whereas 'Hamza' is an Arabic name. These two names are linguistically and culturally distinct; they are not typos, abbreviations, or transliterations of one another. Because the middle names are irreconcilably different, I am treating these as two distinct individuals who happen to share the same first and last name.",disqualify,ollama
Viktor Gennadievich Khrenin,Viktor Edward Khrenin,Viktor Khrenin,DISP_MIDDLE_NAME_CONFLICT,Middle names are irreconcilably different,"Evaluating middle names: the first name and surname ('Viktor Khrenin') match identically. However, there is an irreconcilable discrepancy: conflicting middle name 'Edward' replacing 'Gennadievich'. These are two entirely separate personal given names—not a nickname, abbreviation, or typing slip. When two individuals have completely different middle names, they are distinct people who happen to share a first and last name. Recommendation: Disqualify.",disqualify,rule_based
Geova Buritica Hincapie,Geova Ken Hincapie,Geova Hincapie,DISP_MIDDLE_NAME_CONFLICT,Middle names are irreconcilably different,"I am comparing the Client Name 'Geova Buritica Hincapie' against the Candidate Hit Name 'Geova Ken Hincapie'. Breaking them down token-by-token: the first names 'Geova' match exactly. The final surnames 'Hincapie' match exactly. However, I must evaluate the middle names. The client has the middle name 'Buritica', whereas the hit has the middle name 'Ken'. These are two entirely different names with no phonetic similarity, no common abbreviation patterns, and no indication of being transliteration variants. In a three-part name structure, a complete conflict in the middle name strongly indicates that these are two distinct individuals who happen to share a first and last name. Therefore, this is a false positive.",disqualify,ollama
Ali Ahmad Safawi,Ali James Safawi,Ali Safawi,DISP_MIDDLE_NAME_CONFLICT,Middle names are irreconcilably different,"Evaluating middle names: the first name and surname ('Ali Safawi') match identically. However, there is an irreconcilable discrepancy: conflicting middle name 'James' replacing 'Ahmad'. These are two entirely separate personal given names—not a nickname, abbreviation, or typing slip. When two individuals have completely different middle names, they are distinct people who happen to share a first and last name. Recommendation: Disqualify.",disqualify,rule_based
Ilya Vasilyevich Shestakov,Ilya Mohan Shestakov,Ilya Shestakov,DISP_MIDDLE_NAME_CONFLICT,Middle names are irreconcilably different,"I am comparing the client 'Ilya Vasilyevich Shestakov' against the hit 'Ilya Mohan Shestakov'. First, I look at the first name: 'Ilya' matches exactly in both records. Next, I look at the surname: 'Shestakov' matches exactly in both records. Finally, I examine the middle names. The client has the middle name 'Vasilyevich', which is a traditional Russian patronymic. The hit has the middle name 'Mohan', which is of an entirely different linguistic and cultural origin. These two middle names are irreconcilably different and cannot be explained by a typo, abbreviation, or transliteration variant. Because the middle names conflict so fundamentally, I am confident these are two distinct individuals who happen to share the same first and last name.",disqualify,ollama
Matthew Simon Grimm,Matthew Mohan Grimm,Matthew Grimm,DISP_MIDDLE_NAME_CONFLICT,Middle names are irreconcilably different,"Evaluating middle names: the first name and surname ('Matthew Grimm') match identically. However, there is an irreconcilable discrepancy: conflicting middle name 'Mohan' replacing 'Simon'. These are two entirely separate personal given names—not a nickname, abbreviation, or typing slip. When two individuals have completely different middle names, they are distinct people who happen to share a first and last name. Recommendation: Disqualify.",disqualify,rule_based
Hafiz Khalid Walid,Hafiz William Walid,Hafiz Walid,DISP_MIDDLE_NAME_CONFLICT,Middle names are irreconcilably different,"Evaluating middle names: the first name and surname ('Hafiz Walid') match identically. However, there is an irreconcilable discrepancy: conflicting middle name 'William' replacing 'Khalid'. These are two entirely separate personal given names—not a nickname, abbreviation, or typing slip. When two individuals have completely different middle names, they are distinct people who happen to share a first and last name. Recommendation: Disqualify.",disqualify,rule_based
Mukharbek Oybertovich Barakhoyev,Mukharbek Nath Barakhoyev,Mukharbek Barakhoyev,DISP_MIDDLE_NAME_CONFLICT,Middle names are irreconcilably different,"Evaluating middle names: the first name and surname ('Mukharbek Barakhoyev') match identically. However, there is an irreconcilable discrepancy: conflicting middle name 'Nath' replacing 'Oybertovich'. These are two entirely separate personal given names—not a nickname, abbreviation, or typing slip. When two individuals have completely different middle names, they are distinct people who happen to share a first and last name. Recommendation: Disqualify.",disqualify,rule_based
Dmitrii Vladimirovich Galin,Dmitrii Lawrence Galin,Dmitrii Galin,DISP_MIDDLE_NAME_CONFLICT,Middle names are irreconcilably different,"I am comparing the client 'Dmitrii Vladimirovich Galin' against the candidate hit 'Dmitrii Lawrence Galin'. First, I look at the first names: both are 'Dmitrii', which is an exact match. Next, I look at the surnames: both are 'Galin', which is also an exact match. However, when I examine the middle names, I see 'Vladimirovich' for the client and 'Lawrence' for the hit. 'Vladimirovich' is a traditional Slavic patronymic, whereas 'Lawrence' is a Western given name. These are not variations, abbreviations, or transliterations of each other; they are two entirely different names from different linguistic origins. Because the middle names are irreconcilably different, I conclude that these are two distinct individuals who happen to share a first and last name.",disqualify,ollama
Aldemar Villota Segura,Segura Aldemar Villota,"Aldemar, Villota, Segura",DISP_TOKEN_ORDER_SWAP,Name tokens in different sequence,"I am comparing the Client Name 'Aldemar Villota Segura' against the Candidate Hit Name 'Segura Aldemar Villota'. I observe that all three name tokens are present in both records. The client name follows a Given Name -> First Surname -> Second Surname structure, whereas the candidate hit follows a Surname -> Given Name -> Second Surname structure. Because the exact same set of names is present but the sequence has been rearranged, this is a clear instance of a token order swap, which is common in databases where surnames are indexed first.",escalate to analyst,ollama
Seyed Behzad Bouzary,Seyed Ziad Bouzary,Seyed Bouzary,DISP_MIDDLE_NAME_CONFLICT,Middle names are irreconcilably different,"I am comparing the Client Name 'Seyed Behzad Bouzary' against the Candidate Hit 'Seyed Ziad Bouzary'. Both records share the first name 'Seyed' and the surname 'Bouzary'. However, I am looking at the middle names: 'Behzad' versus 'Ziad'. These are two distinct, established given names. 'Behzad' and 'Ziad' are not transliteration variants of each other, nor are they typos or abbreviations; they are entirely different names. Because the middle names are irreconcilably different, these records refer to two different individuals who happen to share the same first name and family name.",disqualify,ollama
Damion Patrick John Ryan,Damion David John Ryan,Damion John Ryan,DISP_MIDDLE_NAME_CONFLICT,Middle names are irreconcilably different,"I am comparing the Client Name 'Damion Patrick John Ryan' against the Candidate Hit Name 'Damion David John Ryan'. Both names share the same first name ('Damion'), the same second middle name ('John'), and the same surname ('Ryan'). However, when looking at the first middle name, the client has 'Patrick' while the hit has 'David'. 'Patrick' and 'David' are entirely distinct names with no phonetic similarity, common abbreviations, or transliteration overlaps. In a four-token name structure, a conflict in a middle name typically indicates two different individuals who happen to share a common first and last name. Therefore, this is a distinct person.",disqualify,ollama
Mohammad Reza Ansari,Mohammad Nath Ansari,Mohammad Ansari,DISP_MIDDLE_NAME_CONFLICT,Middle names are irreconcilably different,"Evaluating middle names: the first name and surname ('Mohammad Ansari') match identically. However, there is an irreconcilable discrepancy: conflicting middle name 'Nath' replacing 'Reza'. These are two entirely separate personal given names—not a nickname, abbreviation, or typing slip. When two individuals have completely different middle names, they are distinct people who happen to share a first and last name. Recommendation: Disqualify.",disqualify,rule_based
Yunnian Guo,Guo Yunnian,Yunnian Guo,DISP_TOKEN_ORDER_SWAP,Name tokens in different sequence,"Evaluating word order: both records contain the exact same set of names ('Yunnian Guo'). The variation is purely due to reversal of first name and family name order. In global screening databases, names are frequently recorded in family-name-first or given-name-first convention depending on the jurisdiction or database format. All individual name parts are fully accounted for with zero missing or conflicting names. This refers to the identical individual. Recommendation: Escalate to analyst.",escalate to analyst,rule_based
Vadzim Dzmitrievich Ipatau,Vadzim Tendai Ipatau,Vadzim Ipatau,DISP_MIDDLE_NAME_CONFLICT,Middle names are irreconcilably different,"Evaluating middle names: the first name and surname ('Vadzim Ipatau') match identically. However, there is an irreconcilable discrepancy: conflicting middle name 'Tendai' replacing 'Dzmitrievich'. These are two entirely separate personal given names—not a nickname, abbreviation, or typing slip. When two individuals have completely different middle names, they are distinct people who happen to share a first and last name. Recommendation: Disqualify.",disqualify,rule_based
Muhammad Hussein Gill,Muhammad Francis Gill,Muhammad Gill,DISP_MIDDLE_NAME_CONFLICT,Middle names are irreconcilably different,"Evaluating middle names: the first name and surname ('Muhammad Gill') match identically. However, there is an irreconcilable discrepancy: conflicting middle name 'Francis' replacing 'Hussein'. These are two entirely separate personal given names—not a nickname, abbreviation, or typing slip. When two individuals have completely different middle names, they are distinct people who happen to share a first and last name. Recommendation: Disqualify.",disqualify,rule_based
Muhammad Hamza Zubaidi,Muhammad Chen Zubaidi,Muhammad Zubaidi,DISP_MIDDLE_NAME_CONFLICT,Middle names are irreconcilably different,"Evaluating middle names: the first name and surname ('Muhammad Zubaidi') match identically. However, there is an irreconcilable discrepancy: conflicting middle name 'Chen' replacing 'Hamza'. These are two entirely separate personal given names—not a nickname, abbreviation, or typing slip. When two individuals have completely different middle names, they are distinct people who happen to share a first and last name. Recommendation: Disqualify.",disqualify,rule_based
Bahareh Morteza Zanjani,Bahareh Prakash Zanjani,Bahareh Zanjani,DISP_MIDDLE_NAME_CONFLICT,Middle names are irreconcilably different,"I am comparing the client 'Bahareh Morteza Zanjani' against the hit 'Bahareh Prakash Zanjani'. Both names share the same first name ('Bahareh') and the same surname ('Zanjani'). However, I am looking at the middle names: 'Morteza' versus 'Prakash'. 'Morteza' is a name of Persian/Arabic origin, whereas 'Prakash' is a name of Indian/Sanskrit origin. These two middle names are irreconcilably different and do not represent a typo, abbreviation, or transliteration variant of one another. Because the middle names are distinct and originate from different linguistic backgrounds, I conclude these are two different individuals who happen to share a first and last name.",disqualify,ollama
Mufti Abdul Rahim,Mufti Lucas Rahim,Mufti Rahim,DISP_MIDDLE_NAME_CONFLICT,Middle names are irreconcilably different,"Evaluating middle names: the first name and surname ('Mufti Rahim') match identically. However, there is an irreconcilable discrepancy: conflicting middle name 'Lucas' replacing 'Abdul'. These are two entirely separate personal given names—not a nickname, abbreviation, or typing slip. When two individuals have completely different middle names, they are distinct people who happen to share a first and last name. Recommendation: Disqualify.",disqualify,rule_based
Vladimir Vladimirovich Ezhikov,Vladimir Arthur Ezhikov,Vladimir Ezhikov,DISP_MIDDLE_NAME_CONFLICT,Middle names are irreconcilably different,"Evaluating middle names: the first name and surname ('Vladimir Ezhikov') match identically. However, there is an irreconcilable discrepancy: conflicting middle name 'Arthur' replacing 'Vladimirovich'. These are two entirely separate personal given names—not a nickname, abbreviation, or typing slip. When two individuals have completely different middle names, they are distinct people who happen to share a first and last name. Recommendation: Disqualify.",disqualify,rule_based
Muhammad Yunis Ahmad,Muhammad George Ahmad,Muhammad Ahmad,DISP_MIDDLE_NAME_CONFLICT,Middle names are irreconcilably different,"Evaluating middle names: the first name and surname ('Muhammad Ahmad') match identically. However, there is an irreconcilable discrepancy: conflicting middle name 'George' replacing 'Yunis'. These are two entirely separate personal given names—not a nickname, abbreviation, or typing slip. When two individuals have completely different middle names, they are distinct people who happen to share a first and last name. Recommendation: Disqualify.",disqualify,rule_based
Alfonso Mero Mero,Alfonso Kwame Mero,Alfonso Mero,DISP_MIDDLE_NAME_CONFLICT,Middle names are irreconcilably different,"Evaluating middle names: the first name and surname ('Alfonso Mero') match identically. However, there is an irreconcilable discrepancy: conflicting middle name 'Kwame' replacing 'Mero'. These are two entirely separate personal given names—not a nickname, abbreviation, or typing slip. When two individuals have completely different middle names, they are distinct people who happen to share a first and last name. Recommendation: Disqualify.",disqualify,rule_based
Kang Jin Kim,Kang Alexander Kim,Kang Kim,DISP_MIDDLE_NAME_CONFLICT,Middle names are irreconcilably different,"Evaluating middle names: the first name and surname ('Kang Kim') match identically. However, there is an irreconcilable discrepancy: conflicting middle name 'Alexander' replacing 'Jin'. These are two entirely separate personal given names—not a nickname, abbreviation, or typing slip. When two individuals have completely different middle names, they are distinct people who happen to share a first and last name. Recommendation: Disqualify.",disqualify,rule_based
